id_pessoa,id_empresa
p1638,e492
p2378,e512
p2192,e283
p6046,e820
p23,e640
p3383,e239
p860,e983
p5094,e129
p2978,e412
p1292,e746
p1653,e556
p3943,e929
p9355,e1
p8693,e54
p5016,e809
p7707,e509
p6454,e612
p6956,e321
p1345,e8
p5464,e437
p3198,e727
p1645,e891
p2276,e766
p9075,e231
p8521,e899
p50,e178
p9094,e270
p50,e950
p9231,e918
p636,e381
p5834,e797
p6023,e346
p9158,e581
p9193,e476
p1979,e501
p3958,e88
p1602,e548
p6629,e365
p4066,e731
p412,e307
p5135,e754
p5688,e960
p5735,e729
p5602,e915
p9077,e648
p7590,e902
p9343,e464
p4152,e910
p229,e182
p6315,e490
p6751,e679
p7349,e583
p5208,e69
p7250,e488
p9382,e106
p8492,e305
p3880,e158
p8577,e752
p3801,e283
p1934,e794
p6538,e734
p8361,e257
p2663,e501
p5978,e43
p600,e749
p5024,e715
p7728,e510
p6271,e748
p6056,e914
p8967,e371
p3960,e941
p2004,e928
p990,e247
p7365,e530
p3021,e186
p8115,e965
p5200,e251
p6029,e456
p4342,e537
p1466,e182
p513,e820
p9969,e933
p2631,e699
p764,e861
p3416,e262
p2363,e174
p9783,e406
p2345,e712
p7735,e405
p7779,e505
p1235,e93
p5505,e707
p7234,e638
p9219,e794
p1285,e323
p9495,e651
p1175,e366
p5177,e115
p7677,e415
p7154,e261
p1617,e698
p909,e98
p6811,e538
p6690,e183
p5127,e612
p3847,e871
p6315,e968
p5025,e682
p7047,e165
p8613,e233
p3313,e883
p5155,e164
p1514,e628
p686,e661
p3385,e171
p9844,e462
p374,e448
p763,e997
p61,e88
p5687,e969
p2087,e722
p745,e888
p8358,e262
p5900,e139
p3921,e431
p6833,e763
p5102,e947
p1301,e595
p600,e640
p9002,e509
p9598,e331
p8463,e61
p1890,e599
p9528,e289
p6931,e185
p7420,e527
p3226,e533
p1573,e16
p3236,e394
p251,e829
p3303,e23
p6323,e208
p9376,e959
p2771,e516
p5128,e341
p9075,e288
p5824,e43
p821,e852
p9784,e329
p9269,e972
p218,e627
p7113,e229
p7480,e774
p9383,e118
p9297,e730
p7632,e486
p9576,e295
p658,e832
p6761,e926
p5635,e817
p5079,e597
p203,e432
p3166,e233
p3534,e59
p7013,e644
p5168,e70
p9711,e181
p414,e222
p5736,e206
p2244,e606
p7920,e862
p904,e439
p5727,e575
p5158,e337
p8474,e942
p537,e513
p9027,e467
p8204,e126
p2984,e989
p3880,e622
p2029,e710
p6804,e731
p6242,e609
p6991,e11
p5875,e283
p6,e964
p7136,e786
p5221,e540
p4754,e404
p9508,e526
p4422,e457
p4105,e374
p6772,e372
p7285,e12
p3439,e139
p8847,e78
p8222,e101
p1175,e819
p5077,e979
p7565,e434
p5922,e576
p9054,e876
p1382,e780
p1906,e834
p6352,e478
p2679,e225
p4971,e918
p6328,e484
p9135,e824
p7585,e426
p4698,e820
p8199,e481
p3731,e829
p5289,e24
p6547,e268
p7123,e310
p4890,e450
p2313,e944
p7654,e986
p3585,e608
p4021,e234
p7989,e831
p8043,e157
p6290,e225
p6194,e929
p7256,e186
p3534,e362
p9171,e652
p3827,e556
p3003,e442
p9377,e586
p7425,e972
p6878,e593
p1122,e52
p5476,e786
p8716,e154
p3894,e214
p7466,e452
p8142,e427
p4530,e22
p6414,e228
p6796,e498
p8002,e927
p5631,e900
p6693,e55
p7559,e260
p2421,e526
p2603,e495
p9195,e604
p5741,e311
p9652,e590
p8939,e910
p8708,e227
p3273,e778
p471,e825
p4044,e321
p1821,e21
p5143,e727
p121,e225
p6844,e108
p2276,e525
p1362,e72
p2428,e41
p2258,e878
p7133,e63
p816,e603
p9853,e211
p2071,e682
p1990,e68
p2574,e715
p6031,e716
p6915,e178
p2954,e496
p6299,e670
p2384,e86
p1310,e968
p2107,e884
p4457,e268
p7875,e353
p8715,e302
p8949,e156
p4336,e499
p4915,e959
p9960,e414
p708,e312
p6573,e796
p1940,e924
p5310,e219
p9669,e377
p789,e866
p9019,e493
p4482,e87
p8030,e131
p7545,e763
p4571,e520
p3978,e222
p7832,e564
p3322,e630
p5584,e894
p4176,e533
p5615,e855
p9105,e133
p5513,e3
p968,e875
p2716,e425
p9472,e267
p445,e693
p534,e7
p9180,e768
p7102,e375
p4476,e249
p8706,e661
p4766,e397
p8256,e288
p5065,e60
p8262,e455
p6151,e953
p4803,e76
p4507,e193
p1469,e889
p3274,e164
p8742,e249
p1508,e21
p4623,e112
p9721,e279
p7485,e463
p5835,e723
p6958,e798
p1054,e423
p7100,e685
p4970,e724
p327,e433
p4204,e309
p8087,e188
p7542,e742
p5261,e828
p8315,e865
p7434,e972
p7171,e225
p4041,e749
p1165,e873
p5583,e751
p3182,e110
p4887,e603
p7937,e467
p7047,e865
p2429,e63
p3157,e900
p8640,e721
p8256,e360
p1100,e679
p1431,e159
p6457,e869
p7242,e793
p7804,e410
p9347,e104
p3105,e257
p3477,e503
p9787,e523
p4953,e994
p5479,e894
p5808,e597
p5342,e295
p3591,e730
p6157,e111
p7995,e912
p7497,e302
p1594,e734
p6148,e881
p7965,e520
p593,e865
p8805,e169
p9204,e733
p9824,e656
p397,e18
p9073,e593
p3802,e225
p1995,e928
p1737,e914
p2614,e693
p4822,e59
p5747,e991
p1969,e21
p7370,e910
p9656,e843
p4194,e260
p4927,e642
p7140,e720
p5197,e894
p2925,e797
p9300,e452
p8296,e64
p8970,e981
p586,e67
p6519,e337
p9822,e129
p5900,e268
p2905,e218
p8083,e215
p34,e667
p917,e224
p4381,e662
p8582,e837
p6163,e625
p6046,e589
p7581,e599
p1130,e968
p1928,e819
p4747,e546
p8428,e317
p2550,e916
p6246,e650
p740,e363
p3187,e380
p4533,e546
p1390,e751
p5506,e12
p3328,e959
p3927,e823
p6493,e345
p8888,e171
p7121,e947
p9567,e417
p2729,e303
p2912,e462
p8927,e857
p4481,e220
p5383,e223
p2278,e695
p8947,e563
p9150,e329
p2404,e457
p9239,e221
p6301,e232
p3588,e342
p5786,e385
p2498,e860
p7084,e991
p7450,e910
p1673,e638
p1460,e423
p321,e492
p5643,e647
p8316,e244
p3327,e195
p5007,e938
p6449,e700
p4339,e92
p5507,e954
p1533,e12
p3675,e636
p4416,e751
p7435,e952
p2190,e64
p8566,e319
p6759,e789
p8714,e986
p6994,e679
p6160,e613
p3063,e470
p1325,e977
p4221,e996
p3040,e609
p8905,e701
p597,e663
p5137,e460
p1909,e794
p5988,e837
p902,e736
p9013,e514
p9109,e974
p8998,e432
p7457,e660
p1984,e144
p970,e639
p9925,e631
p9262,e909
p1165,e974
p7535,e394
p9032,e113
p1959,e629
p9217,e296
p7459,e809
p8311,e419
p1597,e678
p501,e541
p8965,e831
p4757,e877
p3587,e59
p3569,e882
p3399,e193
p4472,e251
p3107,e949
p4304,e265
p5891,e179
p4950,e428
p1357,e776
p5534,e984
p1412,e644
p2305,e47
p5975,e405
p1592,e730
p8060,e957
p9963,e329
p1873,e39
p6902,e254
p6690,e749
p7213,e439
p7731,e211
p8183,e39
p4719,e519
p3095,e647
p1612,e668
p7285,e213
p8690,e655
p9020,e323
p6037,e816
p6767,e952
p2359,e113
p6420,e722
p2402,e858
p7125,e558
p5277,e691
p5081,e775
p2661,e799
p9842,e151
p2591,e442
p1641,e744
p7217,e710
p7068,e383
p6318,e870
p4608,e513
p5783,e735
p8440,e263
p1274,e465
p9751,e833
p7762,e637
p5730,e822
p5261,e913
p5738,e853
p1037,e557
p3366,e275
p1690,e485
p1926,e603
p509,e521
p2340,e810
p5395,e58
p872,e238
p5501,e726
p8643,e417
p9638,e31
p624,e339
p9493,e436
p8029,e609
p157,e527
p5408,e93
p4899,e454
p9661,e838
p4656,e220
p1314,e181
p1934,e575
p1282,e31
p5218,e817
p2602,e280
p1749,e633
p6142,e567
p9835,e623
p3109,e926
p1355,e78
p3481,e459
p6023,e593
p7708,e167
p5256,e804
p7631,e695
p4785,e589
p547,e328
p9628,e809
p6560,e778
p7967,e623
p4941,e973
p4986,e814
p6856,e843
p3902,e416
p2604,e422
p4998,e375
p8703,e312
p8335,e119
p7601,e711
p7448,e332
p9627,e841
p3202,e149
p6793,e24
p3861,e990
p8183,e855
p7332,e175
p6819,e603
p6332,e133
p2570,e497
p3434,e921
p9175,e577
p8437,e39
p7707,e740
p255,e272
p4980,e503
p8011,e42
p5793,e500
p9830,e514
p1292,e626
p3930,e133
p7437,e799
p6297,e879
p5204,e233
p402,e382
p9475,e371
p1517,e348
p8432,e365
p6861,e355
p917,e376
p3141,e700
p4962,e202
p4000,e826
p101,e535
p4853,e852
p8763,e635
p4592,e411
p110,e618
p829,e677
p204,e386
p1417,e140
p8319,e525
p3195,e496
p676,e170
p8431,e238
p7145,e525
p1976,e277
p1422,e616
p853,e923
p1739,e616
p8220,e753
p3679,e428
p2328,e930
p1121,e299
p6629,e405
p2896,e5
p4747,e150
p2598,e61
p5064,e82
p880,e578
p2695,e169
p493,e287
p6377,e109
p9105,e23
p5792,e623
p2663,e718
p6347,e165
p1602,e19
p7577,e646
p5185,e433
p7906,e113
p9981,e431
p4077,e225
p5956,e762
p968,e503
p7747,e689
p2957,e4
p4726,e731
p7553,e642
p4889,e825
p1335,e731
p4939,e343
p7936,e50
p8344,e988
p738,e354
p4986,e789
p1503,e308
p7576,e215
p5805,e962
p6938,e562
p620,e237
p1289,e896
p833,e687
p4310,e661
p8688,e699
p7002,e938
p2677,e4
p2297,e622
p7174,e499
p772,e897
p4994,e577
p3038,e473
p940,e225
p8296,e860
p5893,e578
p4874,e116
p3782,e75
p9694,e824
p8907,e318
p894,e234
p2822,e106
p5692,e943
p4470,e899
p6970,e898
p6917,e426
p2231,e869
p7694,e623
p594,e684
p9209,e414
p8393,e293
p1919,e108
p5843,e541
p3489,e514
p2566,e889
p4045,e110
p9441,e463
p2423,e7
p6041,e586
p3752,e585
p3260,e193
p356,e846
p3177,e156
p8677,e573
p9750,e26
p8269,e970
p3449,e718
p7293,e55
p2449,e941
p3933,e871
p236,e106
p1942,e398
p280,e502
p1277,e878
p4321,e201
p4277,e362
p7960,e826
p3200,e552
p1487,e390
p7964,e16
p2902,e471
p7618,e816
p9105,e420
p3276,e106
p5438,e655
p185,e29
p7482,e992
p9522,e591
p842,e433
p625,e320
p5344,e808
p9113,e467
p6708,e654
p9833,e929
p1455,e763
p7366,e774
p5582,e606
p4502,e839
p5473,e695
p6318,e933
p7997,e206
p2415,e912
p8615,e45
p6196,e913
p4064,e501
p2488,e154
p8,e835
p1702,e622
p3773,e504
p9659,e983
p8614,e309
p9763,e150
p2779,e12
p2158,e651
p6893,e826
p7828,e887
p8865,e388
p9322,e737
p7085,e709
p2851,e384
p6232,e349
p4797,e431
p8525,e868
p6808,e898
p1711,e10
p3421,e746
p5582,e789
p4467,e232
p5758,e72
p5333,e595
p2547,e846
p2144,e188
p3587,e432
p123,e270
p5772,e998
p3691,e636
p3475,e397
p2132,e157
p4778,e465
p5452,e605
p8465,e86
p5229,e630
p4648,e106
p2716,e610
p6896,e198
p7148,e553
p4117,e454
p7816,e341
p7022,e836
p6652,e431
p5441,e61
p8098,e982
p3363,e410
p9529,e528
p149,e480
p6600,e810
p3337,e782
p4574,e241
p9884,e735
p8195,e436
p212,e586
p6952,e983
p9307,e347
p3552,e923
p8388,e719
p1960,e808
p2786,e73
p4715,e1
p6865,e932
p5596,e350
p5075,e349
p4268,e475
p6251,e74
p557,e508
p1409,e39
p721,e889
p7991,e808
p8565,e180
p455,e805
p7139,e993
p6406,e302
p8939,e898
p2513,e42
p1042,e518
p3054,e306
p7574,e114
p7310,e919
p9038,e225
p8296,e265
p5642,e458
p2174,e186
p430,e565
p2814,e418
p4077,e394
p588,e662
p8142,e971
p2138,e683
p4797,e129
p2302,e602
p8047,e350
p9284,e417
p8599,e471
p5502,e991
p1402,e600
p9420,e160
p6395,e948
p4287,e121
p9354,e747
p8066,e626
p628,e167
p7003,e172
p9337,e953
p8482,e154
p6636,e386
p9965,e551
p83,e850
p5143,e743
p2252,e701
p9350,e16
p7234,e969
p6251,e56
p8270,e707
p8793,e848
p5176,e909
p7786,e955
p7767,e826
p6679,e683
p8863,e120
p3906,e625
p2495,e269
p749,e951
p6118,e696
p8741,e648
p7975,e736
p5655,e937
p3410,e589
p6818,e673
p4432,e716
p6948,e189
p5117,e965
p5890,e84
p5290,e8
p869,e644
p9367,e767
p7138,e714
p5491,e91
p3574,e973
p8134,e83
p4727,e995
p7039,e839
p8408,e529
p759,e721
p3994,e371
p4079,e251
p9558,e947
p2645,e972
p8556,e489
p9263,e496
p5700,e67
p4532,e271
p6211,e572
p2670,e439
p7408,e21
p6293,e438
p4637,e292
p4126,e91
p9719,e208
p7816,e843
p2003,e834
p2367,e470
p6425,e201
p8882,e616
p253,e979
p4311,e892
p2515,e903
p5252,e122
p1123,e57
p2958,e451
p4667,e328
p2260,e752
p7606,e645
p396,e920
p555,e547
p3132,e318
p7708,e572
p849,e26
p691,e830
p6142,e881
p7577,e93
p320,e613
p7706,e234
p4637,e130
p8631,e750
p1594,e738
p7640,e93
p1385,e689
p5190,e535
p4559,e381
p7177,e75
p1696,e744
p274,e696
p3913,e896
p1935,e45
p7194,e451
p4424,e99
p1850,e646
p1364,e746
p701,e346
p3350,e74
p4850,e889
p9853,e770
p1287,e801
p8405,e937
p1047,e180
p6659,e977
p4338,e250
p9656,e473
p2739,e389
p8343,e31
p6233,e693
p4711,e87
p476,e516
p2177,e626
p3983,e807
p4756,e651
p3279,e472
p7284,e937
p4300,e248
p7260,e138
p3972,e739
p1132,e142
p4890,e859
p4838,e187
p1362,e430
p154,e878
p2878,e972
p4755,e261
p8858,e623
p666,e700
p2798,e300
p6224,e272
p9604,e1
p4153,e98
p5993,e710
p7522,e402
p6343,e725
p2230,e673
p1567,e563
p5492,e210
p3513,e717
p7168,e241
p6146,e826
p5037,e219
p6925,e639
p4349,e715
p6236,e383
p546,e347
p3571,e270
p877,e212
p4967,e790
p6035,e251
p8497,e616
p1353,e858
p1901,e23
p2287,e209
p2150,e732
p4347,e799
p5171,e220
p1572,e505
p1964,e550
p1198,e67
p8310,e127
p4292,e398
p1718,e896
p1876,e261
p8237,e575
p9373,e676
p6181,e469
p7419,e658
p2915,e191
p4768,e969
p1277,e126
p9598,e384
p1582,e176
p934,e835
p9549,e162
p8626,e424
p4672,e27
p6249,e177
p9838,e576
p6410,e157
p7419,e598
p5682,e195
p4330,e216
p3309,e668
p2623,e599
p1269,e353
p5816,e458
p942,e735
p6730,e885
p2330,e25
p4507,e95
p2462,e118
p8308,e423
p5964,e725
p2402,e181
p9484,e513
p6283,e98
p7275,e849
p2509,e206
p2855,e729
p658,e995
p5916,e141
p836,e822
p644,e230
p7560,e652
p6562,e679
p9618,e241
p7537,e305
p2051,e926
p9476,e814
p2747,e511
p1120,e859
p8081,e472
p6103,e447
p5118,e861
p3179,e573
p1270,e417
p3369,e313
p5613,e459
p9664,e571
p2078,e566
p6913,e979
p7075,e604
p1588,e459
p7560,e649
p5894,e586
p3539,e1
p8114,e711
p450,e940
p3194,e927
p2206,e884
p7397,e743
p539,e457
p357,e384
p6466,e558
p848,e13
p9647,e404
p8079,e273
p9996,e683
p8199,e661
p6928,e4
p1776,e865
p2402,e396
p7483,e947
p697,e299
p8273,e91
p3254,e508
p6022,e40
p6878,e153
p1383,e509
p2898,e665
p4268,e576
p9334,e810
p6498,e691
p6506,e834
p254,e486
p67,e442
p6493,e564
p2875,e194
p3289,e69
p4215,e847
p344,e701
p2866,e67
p2562,e240
p8632,e961
p5082,e974
p4609,e298
p5348,e104
p9977,e92
p249,e855
p2446,e289
p7753,e789
p1219,e591
p6216,e574
p8412,e526
p3917,e13
p1018,e886
p6081,e706
p8821,e225
p2371,e553
p5253,e961
p3045,e211
p5599,e917
p8825,e612
p5689,e425
p3655,e20
p9652,e630
p4834,e19
p7706,e176
p8451,e921
p6640,e828
p7227,e18
p8749,e732
p1196,e400
p6633,e323
p6222,e839
p4595,e446
p7885,e454
p4850,e253
p6878,e566
p7152,e201
p8467,e472
p5034,e470
p2603,e118
p6610,e424
p7863,e334
p8709,e909
p6280,e547
p3195,e579
p9072,e807
p8931,e234
p9663,e969
p7082,e223
p4080,e723
p6123,e358
p4838,e627
p5100,e464
p5201,e106
p5002,e602
p9624,e150
p3078,e53
p4359,e86
p1842,e379
p5974,e35
p9902,e926
p2985,e691
p776,e234
p8860,e687
p2686,e394
p259,e803
p5567,e175
p8416,e227
p8230,e221
p9619,e767
p5865,e888
p3777,e384
p8695,e571
p1130,e274
p8802,e502
p2409,e457
p7487,e911
p4678,e125
p2955,e541
p9065,e102
p3693,e254
p1158,e690
p5682,e518
p2423,e374
p4615,e239
p6610,e904
p6823,e202
p5049,e136
p9195,e466
p9020,e14
p6594,e379
p2884,e215
p3061,e998
p3655,e493
p1852,e829
p4537,e71
p8669,e388
p1223,e86
p2618,e49
p2175,e7
p9500,e755
p180,e73
p3688,e558
p3836,e829
p4061,e568
p3324,e759
p1833,e822
p4923,e267
p2994,e608
p9771,e4
p4396,e663
p4159,e533
p8241,e274
p1496,e631
p3963,e825
p4757,e212
p3085,e492
p4389,e328
p4220,e591
p3701,e672
p112,e560
p3491,e346
p9814,e247
p4515,e763
p6095,e487
p3358,e212
p6857,e556
p4127,e936
p5825,e908
p1667,e33
p705,e654
p1112,e841
p6624,e696
p6967,e876
p5673,e664
p5111,e4
p6513,e468
p4142,e305
p8439,e918
p8440,e216
p4945,e753
p5775,e814
p9815,e150
p1645,e473
p3365,e5
p5290,e720
p648,e412
p1916,e161
p6137,e173
p175,e615
p817,e287
p8576,e773
p5928,e743
p4507,e989
p6710,e93
p3061,e534
p2292,e186
p2473,e959
p5580,e568
p7489,e963
p9671,e385
p8586,e186
p5139,e391
p7357,e249
p4402,e902
p6410,e837
p2654,e223
p5988,e526
p6995,e194
p3947,e725
p1564,e590
p8479,e232
p8566,e82
p1311,e403
p4278,e339
p2609,e581
p8503,e725
p3505,e793
p2866,e821
p4236,e693
p4531,e380
p1510,e890
p3983,e334
p6780,e107
p9077,e275
p1571,e837
p8442,e462
p8968,e782
p6597,e771
p3592,e325
p3957,e460
p8012,e100
p379,e724
p5343,e678
p7239,e881
p1638,e371
p6026,e263
p8141,e365
p2897,e409
p9398,e785
p9168,e602
p23,e946
p6572,e397
p9000,e291
p2704,e290
p6233,e295
p3411,e439
p1400,e286
p1996,e520
p5149,e473
p7469,e99
p7065,e336
p1804,e157
p219,e803
p7835,e640
p1602,e272
p721,e745
p4577,e450
p1233,e996
p4998,e474
p9040,e243
p3508,e127
p5903,e845
p8525,e347
p4345,e240
p4682,e435
p4616,e788
p6621,e192
p7629,e449
p3323,e130
p239,e686
p6737,e334
p9732,e193
p5533,e171
p6737,e718
p5801,e655
p2074,e996
p5145,e589
p6294,e936
p2082,e67
p1544,e571
p2152,e43
p7921,e51
p5200,e924
p5598,e854
p1221,e556
p5581,e130
p9141,e469
p1583,e655
p2219,e478
p8243,e131
p1159,e478
p7130,e766
p657,e733
p6856,e785
p7318,e730
p6762,e937
p4926,e40
p6318,e393
p1553,e195
p5504,e498
p1382,e636
p1780,e95
p2995,e357
p4742,e178
p7682,e770
p5684,e619
p3915,e654
p8269,e582
p2002,e796
p4477,e197
p5131,e108
p330,e136
p8851,e925
p3210,e961
p3588,e294
p2310,e218
p8943,e679
p7096,e665
p4438,e790
p7985,e866
p6569,e719
p2047,e790
p5688,e901
p4144,e459
p5478,e883
p5830,e102
p4704,e669
p7637,e722
p6850,e600
p4079,e467
p1630,e824
p2058,e689
p2604,e130
p490,e358
p5622,e971
p3245,e186
p3203,e719
p7927,e4
p8551,e78
p5987,e539
p9826,e214
p4679,e900
p706,e590
p9000,e314
p4858,e149
p4253,e720
p8194,e479
p4488,e169
p818,e825
p1675,e733
p2860,e195
p905,e294
p4926,e713
p6408,e808
p6294,e767
p2132,e838
p100,e847
p452,e400
p6080,e914
p1925,e686
p7510,e345
p6308,e304
p7745,e427
p4172,e791
p7910,e402
p6893,e222
p5815,e988
p8061,e257
p5317,e344
p5798,e387
p8379,e737
p7794,e773
p2658,e660
p7530,e897
p4913,e495
p2624,e833
p4342,e135
p1613,e988
p2396,e427
p1518,e882
p2305,e847
p4077,e996
p2896,e876
p6250,e17
p8121,e666
p1107,e886
p9137,e604
p7165,e546
p1154,e308
p9105,e572
p4065,e358
p6246,e698
p2842,e157
p1862,e450
p9424,e389
p2049,e146
p9238,e514
p1090,e945
p4645,e242
p2279,e721
p2665,e202
p1300,e936
p5431,e241
p311,e687
p4671,e738
p7195,e353
p4582,e807
p4665,e37
p4534,e225
p8165,e478
p2704,e684
p9258,e121
p4875,e854
p2855,e477
p2204,e285
p7248,e735
p4898,e502
p7713,e750
p2244,e295
p2017,e398
p4564,e954
p6942,e833
p1673,e627
p1027,e876
p4994,e228
p730,e312
p4314,e780
p4264,e933
p7191,e63
p7061,e96
p8935,e320
p319,e424
p4438,e691
p3286,e441
p245,e701
p5662,e112
p3223,e151
p4087,e937
p5029,e633
p6062,e863
p9720,e964
p8058,e747
p7425,e546
p9370,e380
p2048,e675
p4091,e632
p8350,e950
p495,e429
p125,e164
p7884,e856
p7925,e395
p9195,e304
p6312,e574
p4779,e91
p7406,e832
p2029,e960
p9152,e901
p2106,e930
p1330,e807
p3101,e319
p7228,e188
p941,e712
p1843,e836
p719,e571
p4447,e669
p7007,e569
p1263,e535
p5300,e709
p2126,e352
p4015,e122
p288,e974
p3319,e125
p3355,e750
p4945,e730
p9392,e278
p4929,e96
p4723,e559
p1564,e220
p8027,e265
p4891,e752
p3666,e53
p4582,e22
p8465,e377
p6172,e97
p6033,e376
p3485,e480
p700,e23
p223,e401
p1959,e497
p8103,e480
p7393,e72
p4557,e25
p6324,e325
p6002,e153
p706,e952
p5497,e46
p4072,e53
p5343,e10
p3431,e697
p2758,e710
p836,e338
p556,e197
p3231,e158
p1169,e121
p4261,e683
p6799,e297
p7318,e381
p6878,e92
p4523,e9
p9581,e118
p2406,e217
p6636,e527
p4804,e839
p8370,e914
p2484,e340
p9178,e750
p831,e735
p7777,e311
p7515,e672
p3229,e278
p5030,e65
p2222,e81
p5883,e909
p179,e418
p5019,e827
p4619,e820
p3793,e628
p1547,e139
p6124,e42
p4760,e94
p8766,e645
p9910,e867
p2107,e502
p2073,e284
p3894,e30
p130,e380
p1002,e377
p6410,e726
p4406,e389
p9007,e95
p6702,e183
p7329,e328
p3060,e90
p2238,e873
p3168,e858
p6813,e937
p1648,e211
p2045,e843
p2190,e866
p9008,e376
p3202,e921
p8159,e110
p5888,e948
p4130,e755
p6362,e877
p8344,e338
p4346,e72
p1736,e45
p8888,e44
p5781,e955
p5181,e682
p7421,e238
p4676,e724
p8283,e736
p2035,e738
p7198,e132
p5027,e433
p7161,e121
p4229,e854
p2730,e479
p6785,e914
p2199,e959
p4581,e111
p6780,e834
p3246,e325
p1805,e263
p3036,e735
p1152,e213
p8083,e627
p5605,e911
p5441,e289
p8012,e375
p2511,e349
p6512,e324
p5495,e678
p7224,e320
p7228,e470
p5738,e877
p7715,e633
p1456,e449
p1830,e664
p9749,e696
p8372,e322
p584,e729
p9807,e94
p437,e256
p3881,e386
p4471,e63
p8911,e456
p626,e702
p3208,e231
p5889,e630
p7247,e166
p531,e109
p1197,e66
p6281,e858
p761,e75
p6707,e601
p6507,e71
p6090,e771
p4291,e736
p7445,e781
p4567,e262
p2109,e232
p394,e36
p5206,e899
p980,e904
p1038,e866
p6493,e162
p6729,e122
p2630,e45
p9806,e553
p2041,e300
p6566,e474
p7099,e253
p1183,e145
p2679,e947
p3148,e433
p810,e631
p7421,e887
p2312,e95
p8403,e875
p1770,e470
p5977,e651
p969,e927
p724,e793
p5610,e170
p2814,e147
p7519,e922
p2392,e193
p8720,e484
p3470,e1
p2515,e530
p5838,e560
p1263,e925
p6669,e69
p2952,e464
p1084,e469
p4426,e896
p880,e657
p9385,e191
p3002,e620
p9125,e380
p5300,e982
p668,e369
p5161,e343
p4794,e675
p5132,e145
p1089,e84
p8546,e440
p7819,e619
p7886,e422
p7687,e144
p1651,e542
p3306,e30
p5600,e282
p299,e614
p3417,e249
p7632,e224
p3087,e168
p8155,e405
p4040,e944
p291,e147
p6988,e647
p9632,e48
p9960,e144
p7074,e363
p3149,e800
p2021,e2
p9768,e313
p9144,e302
p8623,e894
p122,e287
p5816,e742
p8365,e366
p9467,e419
p6265,e580
p3661,e40
p1769,e891
p1874,e404
p747,e947
p847,e1
p4612,e390
p1967,e567
p6846,e957
p3144,e772
p8044,e810
p5681,e243
p5885,e46
p3333,e579
p381,e693
p4917,e316
p6401,e179
p5570,e83
p1533,e40
p8984,e122
p2445,e681
p5101,e670
p6,e508
p1865,e824
p5079,e489
p9465,e182
p218,e623
p9350,e195
p1517,e402
p6503,e994
p9495,e755
p6709,e513
p2508,e744
p7616,e245
p3837,e96
p2449,e33
p5871,e179
p8831,e748
p9904,e225
p4757,e377
p9523,e803
p8228,e214
p1429,e462
p3908,e461
p573,e471
p8256,e838
p9650,e79
p7246,e791
p1618,e912
p7243,e964
p2096,e492
p2378,e629
p1295,e568
p5280,e358
p7695,e680
p7671,e425
p1064,e509
p9151,e123
p195,e781
p736,e31
p6165,e477
p4540,e727
p1263,e543
p1899,e310
p1654,e58
p9620,e34
p2779,e150
p4729,e507
p8044,e932
p7558,e578
p7828,e282
p1611,e188
p5845,e702
p2168,e908
p2824,e638
p3109,e105
p7825,e750
p2293,e266
p1327,e912
p6342,e441
p4329,e486
p95,e220
p3094,e869
p9392,e756
p3422,e334
p1418,e872
p1564,e323
p7533,e877
p7311,e245
p1770,e504
p4820,e673
p9754,e790
p5235,e314
p7336,e754
p4917,e879
p9625,e814
p9813,e893
p842,e894
p472,e602
p2831,e120
p8418,e736
p6775,e610
p651,e916
p2104,e684
p7439,e982
p6368,e783
p1848,e923
p702,e761
p390,e617
p7241,e180
p4236,e241
p9028,e626
p4299,e864
p4674,e575
p4261,e926
p9343,e527
p9742,e543
p1316,e360
p8277,e513
p8980,e23
p8535,e744
p3258,e353
p647,e70
p4928,e830
p6241,e665
p2122,e530
p7920,e515
p6291,e145
p5653,e790
p5489,e45
p9032,e397
p287,e527
p5221,e917
p1515,e396
p989,e973
p2512,e577
p3777,e933
p5237,e200
p1576,e80
p9082,e893
p9981,e287
p1737,e257
p3870,e410
p2796,e339
p3545,e587
p5447,e850
p8994,e57
p1254,e315
p368,e499
p7550,e769
p5151,e691
p3967,e866
p3136,e694
p1753,e918
p5474,e260
p5198,e23
p9002,e72
p955,e837
p2183,e461
p3052,e297
p2394,e126
p46,e420
p2125,e567
p7991,e827
p4071,e524
p1897,e442
p7796,e165
p5890,e680
p8299,e507
p9631,e630
p128,e119
p8670,e193
p119,e598
p9207,e58
p3478,e98
p6186,e854
p2854,e988
p1432,e3
p6726,e77
p5416,e60
p694,e6
p4380,e87
p2056,e845
p5497,e235
p4479,e565
p2036,e883
p7707,e73
p1774,e824
p5893,e698
p6661,e149
p18,e950
p4542,e552
p2480,e561
p9849,e68
p2472,e781
p5204,e63
p7555,e815
p9061,e52
p362,e53
p5005,e423
p77,e253
p2209,e99
p8802,e818
p6595,e832
p3361,e38
p2447,e166
p264,e827
p6086,e757
p7883,e82
p3460,e324
p2283,e797
p1196,e176
p5914,e281
p5005,e803
p2349,e486
p6603,e560
p4493,e709
p1139,e500
p8098,e638
p8262,e785
p6456,e926
p7763,e491
p5141,e763
p8946,e417
p3692,e541
p9622,e549
p5127,e540
p60,e864
p5891,e546
p359,e390
p7988,e242
p4790,e59
p2983,e72
p1451,e385
p3938,e647
p8399,e308
p4312,e411
p4637,e841
p5407,e24
p5430,e751
p8308,e359
p5425,e577
p8955,e33
p6484,e410
p6637,e194
p2927,e949
p2090,e110
p2565,e533
p2598,e707
p3609,e160
p5028,e448
p716,e348
p7100,e938
p8233,e210
p7371,e120
p3140,e586
p3622,e442
p5113,e603
p3750,e695
p2280,e328
p6417,e422
p634,e285
p5687,e397
p2019,e125
p1779,e638
p8932,e383
p9673,e866
p599,e548
p6186,e577
p5393,e90
p613,e757
p7282,e421
p8409,e527
p8506,e963
p1982,e241
p5554,e263
p3420,e330
p6733,e555
p8748,e693
p9912,e338
p7516,e46
p683,e320
p8185,e277
p6376,e560
p6124,e268
p9218,e828
p8903,e919
p9255,e685
p5092,e650
p3292,e793
p3241,e168
p8045,e814
p7352,e835
p6930,e497
p8323,e103
p5392,e948
p3421,e325
p8538,e850
p8547,e513
p6148,e744
p6888,e258
p9189,e792
p1834,e201
p6624,e844
p5829,e105
p7130,e915
p5518,e492
p6555,e50
p7151,e894
p4931,e445
p6205,e567
p3835,e63
p5331,e845
p1860,e728
p1940,e731
p7454,e884
p361,e580
p5332,e230
p1501,e989
p5491,e609
p6766,e595
p2528,e257
p8898,e216
p8915,e218
p2473,e880
p8809,e428
p9547,e47
p1978,e220
p2002,e399
p7056,e656
p285,e568
p2959,e537
p9338,e22
p935,e60
p9036,e828
p2428,e858
p7217,e951
p5292,e553
p3206,e784
p3649,e903
p1586,e386
p9873,e266
p7611,e624
p5162,e641
p6998,e931
p5416,e921
p8488,e119
p7928,e689
p202,e973
p9813,e813
p4075,e574
p7153,e825
p3080,e462
p5258,e162
p8502,e151
p9936,e196
p8890,e7
p2958,e102
p8139,e890
p1028,e203
p2185,e390
p9702,e782
p2546,e581
p8909,e478
p2468,e532
p4652,e909
p1582,e455
p8999,e367
p9440,e870
p8292,e294
p2120,e301
p4890,e486
p444,e275
p1038,e522
p3463,e488
p1494,e517
p8376,e784
p1715,e803
p9261,e150
p6494,e322
p5041,e547
p2006,e227
p906,e735
p9447,e619
p7312,e150
p2675,e550
p5412,e957
p8670,e180
p663,e168
p9737,e235
p8943,e216
p4463,e613
p4566,e431
p4658,e15
p446,e580
p8282,e479
p3062,e178
p6758,e104
p5168,e605
p8350,e724
p1063,e3
p1266,e185
p3069,e677
p3272,e234
p6106,e779
p7849,e459
p7035,e897
p8622,e569
p3044,e270
p8717,e283
p5238,e231
p2837,e82
p9515,e357
p536,e653
p7490,e126
p3011,e427
p6592,e153
p8426,e923
p1324,e325
p9259,e740
p3819,e188
p7418,e789
p8509,e914
p427,e450
p9908,e929
p8466,e929
p5365,e99
p1844,e386
p659,e368
p3442,e310
p4664,e158
p9427,e357
p9332,e797
p7922,e241
p1171,e678
p3386,e338
p3919,e830
p5196,e397
p7665,e202
p6707,e289
p4335,e292
p6069,e171
p5898,e907
p2655,e364
p1002,e536
p3521,e290
p9131,e753
p4732,e987
p3197,e643
p5602,e778
p9203,e765
p6069,e562
p2613,e283
p2818,e128
p3954,e998
p3345,e306
p4502,e821
p6675,e684
p1839,e948
p4461,e184
p8704,e268
p9002,e277
p5270,e708
p5361,e665
p5995,e628
p8147,e978
p4439,e294
p122,e514
p3953,e567
p6538,e313
p1870,e69
p3011,e388
p4055,e43
p435,e969
p5853,e945
p2716,e927
p5173,e102
p5046,e716
p750,e933
p2891,e916
p5594,e794
p9471,e663
p8716,e297
p7413,e90
p608,e897
p8888,e432
p9393,e419
p2805,e452
p2287,e434
p9637,e609
p9171,e783
p97,e291
p1319,e106
p4683,e619
p1384,e146
p4837,e602
p193,e487
p9960,e899
p601,e905
p6653,e798
p8629,e39
p9290,e481
p1265,e163
p8095,e673
p8354,e124
p6078,e196
p808,e385
p2584,e597
p8615,e942
p2157,e880
p7533,e182
p5196,e675
p9732,e392
p4635,e898
p6840,e544
p7129,e664
p2481,e764
p1704,e568
p1133,e497
p6621,e405
p8483,e799
p1060,e372
p6617,e250
p2829,e221
p4643,e523
p5694,e258
p6183,e903
p1326,e262
p9419,e643
p1237,e89
p6333,e476
p5729,e338
p7872,e824
p9797,e813
p9659,e184
p7838,e61
p2074,e770
p4297,e572
p8996,e576
p2698,e463
p5387,e789
p6500,e319
p3471,e924
p2569,e947
p2631,e248
p9832,e544
p8664,e811
p5963,e522
p1894,e200
p1574,e754
p3962,e61
p3299,e194
p1619,e569
p6536,e944
p9991,e866
p3810,e903
p3040,e505
p2501,e585
p9292,e85
p7087,e52
p2834,e604
p880,e951
p4069,e118
p2857,e395
p286,e441
p1784,e814
p630,e865
p7826,e246
p1682,e558
p4805,e447
p8094,e325
p6974,e343
p7273,e195
p2454,e64
p7998,e392
p5112,e866
p3560,e941
p543,e431
p7461,e343
p6066,e416
p3763,e172
p8727,e365
p9610,e716
p2571,e701
p727,e97
p8115,e791
p543,e421
p3248,e650
p660,e870
p1271,e659
p7273,e271
p6715,e177
p1297,e948
p6056,e583
p3427,e229
p5639,e682
p3336,e134
p5465,e359
p6331,e311
p9045,e226
p5592,e533
p1167,e542
p3771,e846
p8753,e142
p3470,e705
p5480,e532
p9970,e548
p9745,e269
p3543,e949
p7305,e135
p9525,e783
p9539,e404
p8882,e349
p592,e340
p9516,e337
p5107,e359
p3099,e156
p9402,e142
p1852,e98
p3683,e538
p1936,e309
p8920,e96
p8385,e867
p9186,e674
p9496,e995
p6743,e428
p878,e873
p3007,e618
p6557,e954
p4002,e455
p6365,e545
p2603,e889
p5879,e621
p328,e111
p9314,e781
p7687,e781
p8446,e259
p7249,e531
p5635,e195
p5353,e141
p2183,e129
p1916,e72
p8806,e610
p9122,e36
p9788,e988
p7206,e232
p5278,e218
p140,e35
p72,e979
p2985,e726
p9613,e21
p8816,e863
p1306,e574
p975,e515
p403,e927
p4013,e380
p9626,e319
p6695,e238
p4387,e420
p6235,e639
p9997,e37
p4349,e891
p7053,e765
p6633,e0
p3912,e876
p9336,e468
p1790,e851
p1627,e902
p3221,e393
p7920,e0
p2335,e697
p2472,e872
p6512,e940
p3135,e602
p636,e62
p6094,e78
p4251,e92
p3337,e499
p1015,e581
p8744,e340
p1877,e486
p8507,e810
p1005,e241
p8783,e629
p1028,e436
p1953,e478
p407,e996
p8742,e908
p4446,e24
p7046,e224
p8793,e926
p9419,e674
p9079,e938
p3565,e919
p249,e839
p6625,e872
p7443,e718
p2908,e833
p6710,e128
p4241,e279
p6922,e568
p7631,e775
p7815,e952
p8444,e183
p1110,e855
p831,e622
p596,e189
p2728,e285
p827,e296
p8888,e934
p8544,e15
p5374,e922
p6690,e465
p3875,e433
p3744,e183
p4165,e470
p4776,e530
p2392,e633
p1032,e911
p6814,e632
p5659,e457
p9209,e65
p8086,e281
p5521,e584
p3763,e460
p205,e198
p3136,e496
p7992,e148
p4692,e12
p6658,e863
p5333,e793
p3247,e694
p4343,e470
p616,e483
p2156,e637
p6095,e292
p4220,e80
p1115,e401
p4977,e727
p7097,e789
p9364,e605
p2050,e96
p2775,e234
p5636,e322
p1820,e143
p4041,e805
p1204,e127
p2926,e394
p3476,e741
p3333,e912
p2357,e902
p750,e716
p8527,e550
p8431,e571
p8527,e581
p8644,e348
p3333,e844
p8967,e913
p8289,e643
p7350,e358
p9036,e746
p9778,e726
p6025,e173
p5984,e842
p5391,e173
p965,e260
p8408,e244
p883,e886
p2125,e520
p5221,e13
p9674,e505
p5594,e75
p6398,e983
p3304,e196
p6413,e629
p7127,e363
p5375,e940
p2134,e89
p3679,e765
p6763,e994
p4927,e162
p818,e7
p9720,e692
p2239,e761
p6306,e941
p5765,e971
p7309,e501
p3196,e812
p1492,e611
p5528,e268
p9657,e671
p2420,e270
p127,e400
p8425,e416
p4709,e334
p8107,e801
p6366,e101
p2402,e910
p9239,e880
p2671,e865
p9097,e584
p7619,e588
p5889,e952
p3492,e153
p120,e57
p9721,e141
p8684,e117
p2139,e977
p5075,e892
p6446,e534
p9055,e783
p7738,e247
p3603,e646
p3766,e524
p3665,e241
p3657,e245
p3682,e906
p4138,e451
p6200,e847
p3823,e716
p5018,e536
p1263,e926
p5491,e297
p2789,e179
p7223,e760
p8312,e695
p7248,e865
p9601,e574
p4696,e507
p9536,e601
p2592,e816
p8991,e474
p5859,e847
p7792,e312
p7288,e801
p3889,e473
p9598,e72
p7203,e661
p3275,e265
p2551,e60
p3886,e197
p2370,e909
p67,e540
p8385,e935
p5178,e888
p5640,e32
p2635,e498
p8281,e74
p1488,e609
p9855,e737
p1839,e530
p9055,e609
p934,e566
p8274,e394
p4495,e61
p1530,e179
p5857,e916
p7563,e820
p1442,e412
p400,e862
p8980,e427
p6569,e300
p139,e3
p308,e417
p2166,e891
p5419,e889
p8391,e405
p7065,e696
p1450,e689
p3615,e333
p8968,e761
p740,e488
p3496,e946
p9093,e526
p8830,e151
p9215,e31
p6430,e14
p3422,e685
p3165,e86
p5367,e345
p9598,e267
p2299,e266
p1982,e581
p7348,e313
p4377,e793
p4526,e262
p9399,e812
p5689,e750
p3741,e996
p1394,e926
p1525,e113
p7803,e437
p8875,e462
p2452,e136
p8301,e116
p50,e623
p7263,e204
p2996,e464
p6735,e454
p1853,e212
p370,e358
p9204,e570
p3416,e763
p1551,e559
p1052,e146
p8735,e210
p6971,e49
p9489,e147
p8195,e228
p8001,e928
p2798,e716
p2463,e226
p1899,e946
p4652,e243
p8054,e799
p6978,e46
p5434,e491
p7211,e484
p16,e742
p2114,e176
p4682,e611
p1432,e755
p2090,e537
p8528,e458
p2751,e584
p727,e851
p6490,e534
p771,e564
p2198,e435
p3925,e717
p3787,e759
p5331,e463
p4312,e260
p3666,e341
p6579,e586
p738,e949
p1107,e37
p5875,e615
p3691,e461
p5804,e252
p888,e789
p2146,e599
p935,e483
p2396,e754
p7545,e910
p4416,e905
p3275,e241
p1677,e814
p2092,e814
p6726,e53
p2359,e250
p1877,e223
p7630,e746
p9329,e149
p1717,e651
p5746,e726
p1472,e437
p5010,e564
p7197,e470
p4750,e844
p3714,e871
p7128,e139
p6403,e421
p7353,e517
p5861,e353
p295,e33
p5272,e885
p6403,e482
p65,e50
p896,e554
p3885,e357
p6397,e409
p9905,e854
p2567,e177
p2892,e400
p8730,e377
p9483,e674
p5357,e271
p3731,e503
p5217,e344
p7716,e453
p9909,e487
p2279,e94
p8476,e102
p9015,e754
p2072,e422
p1172,e822
p5996,e962
p6093,e564
p4523,e786
p9884,e298
p3350,e641
p1165,e489
p7957,e695
p5022,e791
p7187,e348
p523,e467
p8942,e582
p2004,e178
p8809,e470
p35,e245
p9651,e97
p9958,e415
p3979,e813
p1833,e193
p4074,e514
p3233,e521
p8037,e69
p8529,e738
p7804,e181
p2845,e808
p6849,e443
p6375,e867
p7749,e552
p7854,e809
p8230,e352
p4072,e743
p3295,e114
p1933,e449
p4549,e685
p6640,e667
p9002,e658
p2041,e687
p1382,e506
p4938,e909
p733,e378
p484,e492
p7897,e647
p4244,e803
p1800,e936
p468,e72
p5057,e979
p5126,e735
p1923,e964
p8473,e53
p4858,e50
p3520,e121
p8711,e97
p3692,e744
p1393,e183
p7840,e907
p3765,e46
p9771,e50
p8434,e906
p5844,e204
p1615,e108
p561,e348
p3232,e961
p5156,e308
p2867,e499
p6574,e724
p478,e218
p3500,e61
p8514,e257
p7538,e149
p5982,e443
p4490,e542
p7573,e154
p1974,e262
p6845,e734
p2937,e933
p6112,e377
p7487,e956
p8315,e388
p6270,e305
p7085,e992
p6068,e226
p5525,e951
p8033,e109
p1926,e114
p2058,e353
p3312,e68
p8272,e630
p5770,e196
p4631,e431
p4036,e146
p1090,e606
p70,e499
p3869,e316
p4870,e190
p7999,e529
p4468,e522
p8623,e583
p422,e341
p9108,e874
p4859,e355
p533,e700
p9219,e508
p1720,e111
p5646,e273
p4939,e759
p3566,e569
p2329,e484
p8354,e912
p5254,e208
p3923,e509
p2396,e770
p9446,e363
p3525,e959
p4281,e499
p6606,e794
p5544,e326
p2335,e336
p4885,e605
p6485,e153
p6833,e203
p1440,e249
p7879,e569
p6869,e691
p7722,e330
p7720,e196
p3042,e456
p3884,e632
p2117,e787
p136,e152
p6674,e851
p9854,e325
p1632,e773
p5254,e439
p2045,e591
p7415,e624
p8479,e371
p2663,e147
p6006,e462
p5668,e288
p46,e214
p397,e961
p3433,e817
p2680,e421
p4806,e269
p6334,e126
p9188,e193
p4783,e794
p3802,e738
p4189,e343
p6841,e637
p8521,e361
p8120,e801
p9507,e295
p511,e116
p5902,e433
p8472,e323
p772,e40
p7363,e588
p6199,e903
p3059,e144
p7750,e281
p160,e905
p371,e755
p1050,e659
p773,e50
p4218,e197
p8504,e401
p4249,e649
p3446,e619
p9351,e752
p5581,e804
p2140,e386
p1635,e703
p7412,e216
p6657,e153
p4897,e341
p6649,e849
p7520,e481
p7953,e973
p6391,e725
p2671,e653
p6353,e452
p5581,e662
p5850,e761
p6396,e69
p4493,e686
p1585,e974
p6509,e172
p548,e976
p4693,e454
p6887,e914
p5335,e1
p3258,e913
p3615,e755
p2270,e233
p6726,e440
p9159,e958
p6855,e453
p724,e219
p7268,e916
p135,e869
p5182,e474
p9488,e307
p2378,e988
p5856,e644
p2995,e99
p7300,e575
p3674,e117
p3501,e452
p9106,e549
p562,e937
p6035,e62
p3679,e97
p983,e770
p4021,e448
p765,e269
p4218,e575
p3669,e260
p857,e903
p8315,e794
p3236,e486
p3390,e732
p3090,e434
p4058,e127
p7884,e273
p6611,e155
p6413,e150
p4796,e60
p7526,e3
p5598,e394
p7305,e84
p2690,e284
p3346,e435
p2685,e919
p7255,e816
p3169,e652
p3800,e647
p3752,e731
p921,e99
p602,e409
p7937,e968
p4271,e554
p9300,e442
p6664,e716
p4990,e232
p5303,e269
p4340,e854
p9024,e749
p7472,e413
p5195,e523
p7189,e729
p7448,e735
p157,e110
p1054,e622
p5236,e474
p7895,e846
p222,e106
p3901,e107
p5013,e970
p6436,e693
p549,e147
p123,e727
p9234,e15
p1290,e718
p8481,e812
p8111,e404
p7170,e827
p249,e301
p1358,e814
p542,e113
p7983,e89
p6299,e574
p7402,e230
p8988,e726
p9381,e352
p5996,e778
p4004,e322
p8408,e134
p7128,e300
p524,e336
p5751,e761
p586,e979
p7482,e353
p1939,e67
p9248,e398
p364,e106
p3111,e288
p3017,e501
p5805,e847
p3620,e21
p2301,e890
p3351,e782
p4568,e45
p1465,e726
p444,e934
p4427,e241
p8318,e17
p3861,e417
p2331,e8
p1708,e486
p6204,e362
p3455,e473
p9756,e371
p6998,e181
p8916,e860
p646,e155
p5599,e746
p8480,e272
p4778,e890
p679,e532
p6930,e683
p3375,e460
p8774,e190
p2483,e374
p8832,e809
p8504,e15
p3291,e638
p8404,e275
p8771,e582
p2621,e664
p5401,e261
p150,e759
p5947,e557
p692,e421
p1838,e403
p5465,e154
p6543,e890
p2201,e799
p2006,e599
p5085,e774
p3719,e653
p4258,e209
p2602,e516
p2095,e942
p8579,e565
p4581,e724
p3364,e229
p1106,e703
p1046,e567
p8614,e985
p164,e182
p1119,e811
p8369,e143
p4589,e592
p4217,e60
p8595,e935
p2481,e36
p2239,e647
p1517,e991
p3016,e954
p1110,e425
p1906,e243
p1100,e546
p1189,e201
p3448,e414
p9137,e498
p7174,e473
p8876,e977
p382,e98
p5807,e466
p5986,e831
p4862,e168
p35,e38
p4400,e133
p9629,e862
p8900,e937
p4729,e298
p1999,e911
p7196,e592
p2688,e780
p2013,e876
p674,e364
p2153,e307
p1198,e117
p8321,e262
p357,e634
p444,e357
p1676,e199
p4676,e37
p9181,e310
p5502,e272
p7998,e426
p3821,e349
p1985,e985
p640,e738
p5644,e448
p3454,e835
p5830,e715
p612,e186
p4980,e567
p1560,e368
p192,e811
p136,e659
p9586,e162
p5254,e663
p1788,e506
p1897,e12
p5606,e56
p7036,e592
p8327,e102
p4520,e178
p10,e694
p4648,e617
p7546,e959
p2284,e175
p7788,e551
p6397,e892
p8649,e345
p777,e37
p6839,e749
p1522,e815
p3607,e303
p4450,e200
p7640,e140
p6926,e694
p8585,e741
p9155,e523
p4190,e897
p9322,e147
p3263,e133
p9584,e194
p6151,e621
p6466,e544
p1033,e558
p1470,e472
p3491,e264
p696,e208
p9878,e272
p1955,e366
p5591,e521
p5918,e633
p143,e23
p8352,e409
p105,e11
p97,e10
p2071,e308
p6176,e569
p8636,e428
p8660,e243
p1638,e766
p6159,e511
p6194,e636
p4089,e155
p5109,e100
p6741,e45
p4427,e911
p5810,e127
p7978,e673
p8059,e324
p4458,e419
p1369,e350
p5586,e55
p9105,e353
p3081,e230
p4724,e619
p9431,e931
p9676,e817
p2272,e312
p6910,e615
p8560,e622
p6648,e488
p1888,e379
p7234,e872
p3390,e941
p7056,e351
p3481,e398
p4541,e587
p1687,e695
p1820,e121
p4457,e671
p1995,e507
p3316,e52
p5156,e141
p6119,e924
p818,e959
p7253,e182
p7491,e58
p351,e532
p7596,e853
p3157,e529
p7812,e881
p3947,e525
p3769,e119
p5195,e677
p4199,e785
p2185,e639
p2,e357
p7151,e226
p1786,e849
p9478,e25
p7791,e888
p2518,e823
p7864,e243
p4148,e208
p7939,e277
p7274,e883
p3371,e328
p2190,e179
p408,e179
p7566,e250
p2073,e631
p7218,e542
p2534,e77
p4361,e650
p9461,e445
p7466,e951
p9791,e537
p9267,e987
p9316,e447
p365,e814
p477,e578
p660,e526
p7762,e648
p4950,e351
p3502,e452
p453,e91
p8168,e796
p7905,e527
p7727,e134
p5255,e354
p6051,e598
p2512,e710
p8718,e147
p7917,e510
p139,e58
p5281,e971
p2488,e861
p6718,e273
p1810,e914
p1069,e308
p783,e134
p7421,e10
p316,e602
p5008,e265
p5373,e140
p3853,e414
p6949,e707
p4845,e733
p431,e529
p9709,e709
p6485,e155
p1674,e669
p7247,e232
p9679,e137
p3586,e780
p9174,e310
p675,e507
p2279,e51
p2425,e952
p2237,e964
p588,e7
p491,e692
p5058,e565
p2459,e617
p8132,e525
p9223,e703
p8942,e238
p5662,e395
p5175,e212
p9875,e901
p8048,e589
p6137,e860
p31,e437
p1432,e889
p2985,e586
p4657,e670
p3748,e260
p2348,e748
p9917,e640
p638,e726
p2185,e149
p4195,e243
p8790,e310
p208,e919
p392,e521
p9730,e631
p529,e979
p49,e568
p6802,e655
p8822,e922
p5973,e296
p3387,e72
p9352,e513
p8872,e643
p3932,e362
p9698,e67
p820,e18
p8935,e368
p2634,e506
p7496,e430
p1145,e199
p8370,e448
p8,e310
p255,e892
p7013,e613
p3576,e951
p4686,e182
p9862,e247
p5571,e483
p6712,e712
p9828,e428
p744,e63
p3084,e62
p5200,e859
p6551,e190
p4465,e145
p5398,e912
p9176,e354
p846,e573
p461,e704
p911,e550
p7527,e898
p1219,e790
p1726,e785
p1557,e187
p8690,e123
p9927,e269
p5447,e906
p8299,e300
p6872,e948
p5328,e941
p8272,e880
p8231,e490
p1181,e930
p3870,e789
p9464,e404
p9142,e1
p7463,e467
p4289,e241
p679,e478
p1085,e366
p94,e906
p148,e960
p5082,e751
p6040,e889
p412,e727
p1702,e653
p8975,e343
p9650,e132
p5754,e154
p2382,e406
p3478,e118
p5842,e882
p836,e765
p5384,e57
p6647,e607
p8656,e999
p4327,e403
p4504,e823
p9919,e318
p7319,e967
p9604,e792
p912,e146
p1155,e302
p5665,e54
p358,e963
p1634,e28
p5580,e751
p260,e370
p5807,e348
p7170,e417
p3145,e907
p3207,e642
p6352,e938
p1136,e99
p5295,e499
p2549,e296
p6156,e580
p946,e479
p8279,e178
p6275,e528
p8025,e134
p3412,e84
p7669,e983
p1553,e353
p9243,e881
p8440,e435
p5323,e161
p5787,e728
p3099,e7
p7991,e275
p9477,e382
p157,e482
p247,e854
p1952,e879
p1364,e574
p1231,e116
p2461,e124
p2937,e463
p7619,e279
p230,e350
p4420,e86
p8001,e322
p4875,e663
p788,e283
p2818,e821
p659,e986
p2513,e464
p2404,e940
p9537,e886
p923,e749
p475,e903
p5376,e131
p4299,e690
p7450,e165
p4294,e918
p1642,e859
p8776,e940
p1936,e247
p7270,e759
p9781,e520
p5244,e771
p4332,e444
p781,e833
p80,e92
p3700,e384
p4432,e261
p9060,e417
p7942,e800
p9030,e679
p7109,e1
p863,e887
p7258,e261
p5302,e609
p6769,e489
p5890,e616
p9558,e105
p2866,e841
p9942,e941
p5026,e800
p8869,e70
p3045,e711
p6889,e288
p440,e617
p7360,e923
p8395,e809
p2334,e789
p2802,e225
p6432,e762
p6799,e25
p2725,e305
p2567,e124
p8973,e656
p1433,e88
p7807,e651
p2305,e627
p9365,e442
p5268,e711
p2425,e22
p5303,e180
p9119,e773
p4104,e503
p2490,e227
p6182,e269
p9123,e507
p2563,e174
p1392,e881
p4793,e709
p5671,e727
p291,e366
p6582,e339
p4471,e481
p5597,e925
p3293,e910
p9482,e586
p7645,e223
p723,e996
p686,e737
p6176,e100
p112,e933
p9202,e763
p8498,e50
p312,e164
p4021,e765
p8152,e466
p2588,e596
p4202,e31
p6883,e100
p6977,e262
p4336,e101
p2243,e506
p5293,e275
p2926,e106
p6154,e330
p8410,e108
p3788,e870
p4066,e85
p419,e570
p2274,e157
p9965,e368
p6987,e82
p5655,e986
p5748,e31
p6671,e857
p6192,e809
p6588,e120
p7622,e257
p5853,e783
p4870,e737
p5053,e178
p117,e795
p1838,e106
p3277,e403
p3222,e383
p8222,e801
p2769,e308
p387,e374
p2937,e722
p3487,e226
p9584,e660
p6526,e239
p6538,e603
p2381,e460
p5804,e930
p9444,e429
p9939,e796
p3068,e963
p4772,e895
p9460,e526
p7028,e577
p4632,e342
p5193,e762
p7936,e936
p7537,e220
p3885,e360
p4960,e661
p750,e503
p271,e311
p8340,e59
p6402,e973
p3560,e912
p5870,e133
p7895,e277
p9806,e631
p1688,e198
p5125,e46
p4549,e579
p9005,e809
p5239,e571
p8802,e559
p1826,e334
p8530,e617
p2827,e6
p4562,e452
p8861,e773
p6727,e259
p6308,e277
p897,e759
p8919,e883
p8323,e57
p2171,e49
p7073,e793
p4586,e588
p1605,e194
p8815,e473
p7683,e705
p7345,e306
p7579,e877
p8282,e993
p1380,e509
p841,e559
p4155,e27
p3056,e496
p9127,e509
p7115,e959
p2167,e213
p789,e558
p2125,e209
p8482,e809
p9816,e794
p7212,e728
p6596,e675
p7976,e539
p7105,e137
p8387,e17
p9373,e616
p8436,e863
p2922,e881
p103,e615
p9724,e60
p4915,e312
p8110,e149
p8609,e820
p1380,e812
p7664,e554
p6728,e305
p4662,e137
p302,e112
p2198,e69
p1960,e116
p1266,e668
p9283,e159
p3502,e117
p3300,e308
p2928,e837
p8886,e568
p5346,e23
p9209,e74
p4449,e941
p5573,e781
p41,e597
p6929,e817
p8126,e768
p3597,e496
p9996,e928
p5153,e394
p5353,e22
p8080,e985
p7518,e833
p3653,e609
p4835,e760
p6813,e481
p8542,e674
p3033,e683
p5170,e675
p2707,e401
p3171,e307
p7066,e951
p7384,e435
p5283,e705
p1303,e611
p991,e395
p6044,e571
p2162,e614
p5640,e532
p2952,e208
p2902,e857
p8929,e526
p8634,e50
p7542,e120
p8769,e171
p1487,e959
p2227,e274
p5098,e440
p5148,e980
p1790,e413
p242,e95
p6663,e477
p995,e791
p1651,e645
p2096,e521
p884,e60
p8006,e573
p3519,e907
p3294,e534
p1602,e422
p1142,e570
p9728,e143
p8165,e379
p1027,e510
p4449,e284
p7042,e784
p2432,e365
p6732,e628
p5539,e565
p3537,e972
p6113,e777
p1110,e983
p789,e625
p4495,e39
p2600,e121
p2002,e939
p7027,e760
p9182,e469
p7937,e497
p3622,e813
p9869,e366
p2169,e206
p1958,e710
p7813,e38
p109,e760
p6865,e297
p9993,e517
p1833,e272
p9282,e418
p6869,e933
p9125,e927
p9360,e262
p7103,e593
p21,e5
p2738,e346
p7889,e915
p1811,e769
p5685,e378
p8760,e66
p7297,e2
p492,e131
p4163,e920
p7430,e374
p9737,e4
p6906,e278
p2927,e881
p8524,e203
p4136,e166
p5321,e30
p9804,e963
p3120,e831
p2674,e700
p9479,e904
p9223,e946
p5531,e466
p3593,e972
p710,e324
p6844,e761
p8159,e798
p8179,e119
p7420,e496
p7613,e33
p3454,e612
p8912,e311
p2874,e837
p37,e815
p9932,e581
p7442,e404
p2868,e823
p7065,e764
p3572,e730
p1380,e935
p4326,e597
p1196,e335
p827,e557
p2311,e222
p5940,e951
p513,e997
p2596,e999
p9841,e619
p8251,e10
p686,e976
p4659,e719
p3890,e830
p2295,e676
p7329,e582
p5730,e509
p7658,e671
p4261,e925
p9019,e805
p6318,e592
p4007,e537
p5841,e279
p7364,e932
p525,e353
p6632,e513
p1631,e574
p503,e747
p2237,e727
p4220,e528
p947,e447
p5083,e54
p623,e956
p7941,e494
p8473,e358
p762,e16
p6928,e33
p9052,e809
p5757,e348
p6043,e647
p4840,e217
p4133,e654
p2818,e891
p4312,e796
p9114,e272
p9781,e740
p4222,e396
p5546,e890
p2591,e893
p4619,e402
p9884,e138
p8084,e291
p5477,e732
p119,e994
p7429,e74
p8351,e720
p240,e822
p2331,e451
p1063,e322
p7291,e181
p6335,e53
p6881,e769
p445,e972
p6591,e88
p3174,e692
p7996,e604
p4017,e924
p9413,e599
p5136,e454
p4043,e482
p1320,e145
p6073,e704
p2226,e926
p3893,e919
p197,e106
p7302,e766
p2630,e806
p8275,e83
p129,e657
p7515,e541
p2476,e737
p8874,e36
p7531,e22
p4551,e19
p6904,e7
p2235,e461
p3916,e360
p2655,e755
p4597,e721
p9264,e774
p4414,e319
p4750,e342
p7665,e934
p9165,e76
p4456,e959
p6626,e384
p9928,e572
p4760,e6
p312,e579
p2262,e165
p2585,e311
p3660,e620
p6146,e893
p2643,e525
p8772,e209
p1537,e117
p2139,e653
p6632,e181
p9986,e758
p540,e88
p8315,e759
p3914,e707
p1950,e486
p4871,e871
p3524,e488
p810,e653
p4568,e501
p9864,e473
p3145,e265
p1228,e328
p8271,e987
p7294,e787
p9338,e636
p9244,e427
p9420,e462
p9375,e668
p4528,e561
p2217,e359
p8939,e707
p2410,e368
p4296,e464
p1898,e57
p3244,e233
p8979,e809
p6667,e819
p7935,e251
p4506,e97
p378,e163
p5183,e232
p7246,e956
p4058,e273
p4410,e897
p6438,e155
p5257,e779
p9596,e216
p3972,e797
p456,e481
p2227,e768
p2265,e100
p4534,e920
p2785,e117
p3613,e613
p4375,e671
p521,e471
p4782,e360
p1805,e973
p1177,e984
p8591,e678
p9987,e667
p1146,e174
p6163,e665
p7120,e361
p2213,e900
p4494,e943
p7557,e435
p8968,e585
p4132,e876
p3925,e452
p8832,e852
p7938,e965
p6432,e160
p2321,e610
p8928,e542
p7673,e119
p8570,e554
p4618,e918
p4371,e71
p1537,e793
p939,e548
p8948,e270
p3064,e594
p3965,e674
p9886,e720
p293,e169
p6783,e823
p8777,e802
p6918,e730
p3838,e360
p9224,e570
p5998,e364
p9422,e48
p3300,e113
p6828,e312
p1206,e142
p425,e626
p3863,e588
p7340,e682
p9287,e161
p5190,e965
p3782,e330
p9607,e624
p683,e26
p8022,e800
p6330,e475
p1200,e634
p2636,e914
p6313,e337
p6830,e985
p175,e866
p5222,e772
p9498,e592
p6574,e518
p1928,e754
p9486,e15
p4694,e540
p5458,e353
p801,e44
p8106,e775
p5612,e714
p8265,e979
p1715,e228
p6761,e137
p3439,e823
p803,e12
p4352,e393
p6730,e680
p6910,e324
p6918,e603
p6944,e855
p4476,e367
p2803,e184
p6180,e584
p18,e676
p155,e393
p5381,e429
p9337,e893
p9083,e278
p9254,e457
p7554,e282
p6662,e377
p221,e400
p8234,e667
p2597,e26
p982,e481
p1439,e450
p3763,e42
p8220,e411
p7819,e303
p2579,e368
p6016,e869
p6413,e381
p7919,e192
p2977,e991
p8409,e502
p2572,e296
p6502,e987
p1478,e656
p1763,e612
p22,e35
p78,e575
p5594,e411
p7375,e68
p1321,e596
p6967,e140
p8199,e836
p2370,e544
p73,e602
p331,e57
p6869,e639
p6796,e772
p7126,e767
p319,e793
p5199,e474
p723,e641
p3382,e354
p71,e331
p7494,e974
p8448,e340
p5842,e883
p6521,e213
p3369,e800
p4652,e395
p2535,e170
p2334,e288
p935,e22
p9416,e668
p2553,e919
p9614,e270
p1992,e4
p8835,e187
p136,e170
p996,e817
p6180,e404
p9890,e140
p4580,e965
p7886,e584
p9030,e883
p7440,e415
p2592,e449
p651,e923
p7956,e950
p5035,e106
p7633,e123
p3221,e283
p103,e890
p8460,e958
p6790,e261
p1933,e784
p5641,e759
p938,e607
p69,e439
p276,e638
p1032,e724
p3787,e183
p8573,e392
p9606,e535
p2574,e873
p6874,e16
p8321,e363
p5219,e57
p133,e37
p5919,e788
p6914,e638
p7286,e958
p9746,e547
p2192,e405
p1525,e742
p1322,e40
p5051,e495
p1676,e649
p7071,e364
p3279,e714
p9204,e12
p103,e254
p1224,e357
p4504,e89
p6971,e962
p891,e485
p1024,e798
p6819,e21
p5005,e398
p440,e835
p4910,e415
p15,e573
p6317,e350
p1338,e32
p9205,e36
p519,e56
p3520,e921
p5707,e382
p4116,e284
p2024,e914
p1987,e660
p5708,e652
p931,e411
p3011,e87
p3175,e912
p3132,e287
p511,e176
p7487,e525
p3621,e859
p7760,e285
p9311,e657
p5556,e116
p5574,e592
p6873,e845
p9433,e323
p5723,e695
p6321,e166
p2730,e963
p2571,e232
p8167,e948
p5480,e815
p8988,e191
p5890,e768
p58,e348
p2960,e55
p9967,e221
p3318,e499
p4468,e127
p6827,e90
p6955,e807
p7242,e550
p8219,e867
p6679,e37
p2205,e785
p4527,e15
p6165,e81
p2342,e748
p7097,e174
p5888,e759
p3925,e881
p8432,e261
p6190,e711
p7553,e639
p3392,e927
p3127,e887
p5947,e792
p7889,e804
p9640,e492
p5466,e800
p9389,e702
p5762,e540
p753,e335
p8431,e444
p3420,e291
p4195,e155
p1610,e876
p4617,e948
p3190,e411
p2108,e620
p1762,e898
p7582,e969
p4202,e474
p3131,e861
p5742,e681
p4286,e113
p881,e627
p8042,e969
p6556,e123
p1370,e775
p3488,e659
p1930,e201
p3568,e321
p7535,e824
p8631,e55
p1830,e329
p7169,e79
p740,e293
p6448,e263
p6493,e571
p7695,e886
p9301,e91
p2041,e955
p9623,e804
p2895,e713
p2320,e453
p8861,e735
p6629,e297
p9930,e127
p7695,e467
p3880,e91
p6767,e148
p7388,e895
p7805,e282
p2582,e395
p6336,e536
p4692,e936
p8683,e702
p4806,e344
p6676,e360
p4043,e277
p2087,e280
p8259,e370
p7905,e687
p1894,e947
p6450,e758
p9216,e672
p8730,e206
p285,e855
p7928,e55
p2292,e564
p1230,e810
p1313,e940
p2695,e361
p1282,e733
p9717,e789
p2083,e661
p5831,e631
p7769,e513
p8998,e472
p8180,e611
p2313,e731
p2348,e119
p6910,e230
p7645,e479
p7288,e805
p3283,e368
p2721,e976
p7881,e982
p5862,e672
p6866,e476
p5466,e353
p8990,e287
p4109,e548
p7836,e51
p3761,e247
p3580,e247
p1143,e613
p154,e278
p205,e67
p8535,e230
p4343,e660
p3185,e609
p3084,e232
p9716,e16
p5578,e976
p3067,e998
p6413,e322
p1664,e351
p8758,e297
p223,e492
p9975,e244
p5339,e478
p6550,e71
p9402,e950
p8812,e144
p4679,e381
p2760,e571
p8522,e67
p6711,e386
p9758,e209
p4994,e513
p2286,e926
p4237,e975
p4879,e254
p6149,e682
p4019,e548
p7910,e177
p5152,e635
p9398,e111
p3154,e846
p4266,e726
p4540,e485
p7916,e773
p1437,e217
p1140,e272
p4188,e656
p6039,e868
p7797,e195
p7923,e212
p4539,e74
p8839,e916
p5958,e32
p8635,e35
p5696,e296
p9151,e900
p9350,e815
p6089,e62
p5201,e345
p4161,e851
p8455,e65
p2123,e496
p493,e824
p6952,e482
p3810,e613
p5608,e843
p7656,e102
p5222,e922
p9238,e291
p9042,e493
p1674,e145
p7212,e834
p6711,e257
p115,e315
p3426,e921
p3766,e870
p3119,e673
p6210,e644
p4230,e698
p5195,e567
p3901,e526
p1603,e624
p4388,e675
p8420,e888
p8978,e214
p5038,e697
p2839,e497
p8005,e94
p625,e157
p8236,e207
p9449,e932
p3429,e558
p1291,e926
p7078,e987
p6897,e739
p6420,e884
p9470,e686
p2238,e480
p5452,e173
p1099,e323
p6744,e265
p8102,e995
p9061,e945
p2477,e520
p4604,e369
p7307,e983
p1962,e703
p7673,e726
p8970,e163
p1918,e539
p9463,e171
p5377,e500
p8992,e607
p7002,e740
p6438,e6
p557,e39
p7041,e950
p2592,e356
p3157,e105
p5702,e895
p4278,e356
p4160,e826
p5239,e142
p597,e363
p6015,e127
p6239,e225
p4089,e421
p1100,e250
p7807,e784
p3373,e501
p3772,e29
p7856,e619
p9889,e257
p7920,e854
p3432,e987
p5116,e281
p4719,e957
p7430,e257
p4269,e987
p7182,e77
p3154,e744
p2905,e113
p7487,e432
p2869,e783
p6759,e637
p4128,e225
p4649,e770
p1511,e757
p1200,e525
p4340,e616
p7634,e226
p6729,e283
p8062,e309
p4,e717
p1754,e933
p3057,e90
p621,e614
p4753,e414
p1245,e954
p5618,e446
p520,e601
p3176,e10
p4627,e129
p6,e558
p8437,e810
p217,e676
p1484,e701
p2484,e29
p2199,e836
p13,e6
p6926,e701
p4546,e561
p7824,e807
p7295,e678
p3606,e22
p197,e913
p9221,e832
p2295,e318
p5774,e920
p8782,e115
p3070,e280
p3451,e565
p3696,e646
p7487,e719
p6311,e297
p866,e544
p5924,e493
p3052,e849
p9057,e369
p4438,e894
p6022,e572
p8634,e797
p3661,e646
p6419,e522
p7806,e744
p1470,e859
p2954,e494
p6647,e665
p2664,e386
p1842,e813
p48,e590
p8026,e589
p6347,e611
p2598,e138
p9072,e488
p5990,e884
p9572,e572
p6085,e353
p2911,e570
p4089,e433
p2977,e769
p5602,e333
p9282,e934
p3695,e110
p5423,e709
p4218,e648
p5268,e97
p3934,e709
p3363,e244
p3520,e351
p6431,e223
p5371,e430
p5155,e230
p4081,e305
p7618,e567
p7650,e437
p5150,e428
p911,e338
p2446,e528
p7537,e724
p9208,e841
p4904,e692
p5072,e829
p6341,e970
p5791,e244
p8591,e59
p5026,e210
p3292,e922
p7077,e969
p3642,e975
p5488,e689
p4344,e554
p4323,e232
p2242,e769
p138,e620
p951,e71
p695,e383
p3665,e561
p8344,e880
p6684,e63
p8922,e894
p3277,e95
p9406,e524
p2322,e245
p9394,e28
p593,e284
p1220,e597
p4909,e636
p3311,e449
p8082,e760
p235,e63
p2008,e666
p8838,e722
p8897,e387
p2761,e175
p3190,e271
p9186,e628
p6726,e29
p1161,e188
p7590,e457
p3513,e330
p6188,e121
p6496,e297
p1151,e893
p9839,e955
p2998,e228
p2836,e276
p5204,e844
p5094,e805
p5217,e179
p3889,e209
p6365,e97
p8748,e758
p1327,e523
p5474,e459
p8470,e661
p1096,e266
p7776,e157
p4513,e913
p2273,e448
p4481,e252
p5002,e112
p7156,e1
p9248,e273
p3370,e482
p6291,e852
p9191,e937
p3272,e795
p7265,e116
p452,e637
p7716,e174
p8197,e949
p2100,e478
p6094,e108
p4034,e938
p8137,e569
p5187,e95
p7832,e103
p9286,e308
p8802,e623
p4240,e916
p6867,e960
p2491,e273
p2643,e526
p2899,e979
p4857,e323
p6504,e573
p1570,e835
p506,e796
p2303,e468
p3958,e171
p5496,e375
p7662,e72
p3261,e455
p8668,e871
p5445,e164
p7740,e601
p4685,e595
p6478,e431
p2169,e918
p3299,e445
p8098,e743
p8008,e83
p3729,e630
p5133,e956
p8407,e872
p8629,e277
p6182,e297
p1672,e605
p762,e182
p5127,e93
p4982,e222
p4630,e122
p7233,e47
p4176,e403
p9494,e951
p6359,e970
p8713,e893
p587,e24
p7787,e245
p599,e650
p8718,e841
p7028,e44
p3280,e77
p8796,e894
p681,e793
p3378,e975
p4287,e896
p796,e694
p4620,e600
p2779,e443
p7549,e40
p3463,e894
p2019,e45
p3440,e663
p6432,e940
p6665,e417
p522,e539
p6025,e866
p4013,e145
p3520,e699
p9187,e954
p3227,e627
p1914,e772
p7247,e719
p6210,e0
p9801,e412
p421,e298
p8100,e298
p8091,e698
p4199,e15
p3826,e385
p2985,e889
p5919,e472
p6748,e334
p2991,e398
p4617,e88
p6933,e674
p123,e828
p8606,e346
p7229,e668
p4295,e130
p7932,e332
p9132,e744
p4059,e897
p1883,e135
p6419,e389
p4914,e741
p6956,e323
p4761,e399
p1828,e467
p1942,e626
p3689,e798
p607,e828
p1237,e468
p3304,e11
p3749,e348
p1869,e465
p8971,e611
p1394,e864
p2917,e8
p3046,e981
p9974,e681
p4995,e768
p5846,e45
p7924,e301
p2533,e379
p3414,e304
p1809,e197
p230,e37
p6243,e73
p7981,e898
p3840,e441
p8342,e590
p7169,e819
p4437,e393
p7484,e401
p159,e136
p540,e669
p1063,e657
p691,e289
p5089,e270
p1996,e588
p5427,e987
p4187,e877
p6935,e846
p5980,e715
p8646,e922
p483,e967
p9258,e332
p3828,e599
p9351,e216
p9825,e797
p9957,e575
p7945,e365
p7874,e344
p7848,e74
p3615,e71
p7746,e7
p9564,e446
p2908,e120
p862,e874
p6143,e867
p9328,e81
p3362,e774
p5909,e791
p6573,e634
p7807,e132
p6426,e721
p7767,e327
p8953,e558
p4715,e621
p3488,e247
p4626,e954
p5994,e787
p3579,e338
p1304,e879
p4708,e583
p9466,e565
p3962,e660
p9511,e407
p3584,e265
p5615,e811
p602,e340
p4967,e643
p3801,e210
p8551,e525
p8624,e468
p4084,e360
p8888,e762
p9544,e564
p2990,e186
p6763,e22
p2061,e70
p1634,e548
p6069,e990
p9852,e27
p7127,e184
p9463,e626
p2767,e190
p9540,e772
p3985,e529
p1373,e685
p3333,e28
p3722,e463
p1305,e656
p9552,e956
p7908,e721
p7986,e156
p509,e366
p6841,e340
p2171,e490
p9552,e165
p1392,e686
p9151,e790
p9617,e882
p195,e678
p309,e932
p7577,e126
p6157,e494
p9763,e462
p7867,e611
p4269,e487
p691,e707
p4110,e17
p9336,e538
p7075,e384
p4891,e111
p8692,e5
p1364,e823
p5730,e692
p115,e837
p7907,e814
p1037,e332
p4400,e975
p3482,e995
p5532,e482
p1728,e931
p2180,e274
p2631,e582
p8417,e678
p7412,e17
p8587,e115
p3194,e577
p194,e272
p5208,e151
p1206,e32
p4674,e402
p5397,e493
p9448,e574
p9230,e83
p9931,e7
p7243,e417
p6781,e719
p7493,e768
p238,e441
p5198,e824
p9460,e840
p1609,e174
p8822,e936
p2808,e986
p5733,e705
p6444,e735
p8306,e699
p9612,e862
p8729,e133
p2968,e232
p1139,e39
p1561,e711
p63,e827
p6438,e355
p9204,e452
p472,e976
p8565,e933
p9875,e947
p2412,e136
p5695,e982
p4335,e322
p1667,e565
p7647,e536
p1041,e333
p6261,e276
p6472,e653
p5935,e192
p2052,e676
p1249,e602
p5691,e58
p9971,e419
p298,e360
p13,e108
p5390,e562
p6516,e792
p5052,e293
p1341,e792
p4344,e924
p4844,e593
p2830,e264
p629,e56
p2086,e18
p1730,e547
p2803,e303
p5620,e429
p4333,e814
p8492,e462
p871,e970
p2942,e513
p7317,e883
p9591,e317
p7636,e68
p7950,e600
p7782,e299
p452,e351
p1754,e50
p4285,e989
p6982,e42
p7023,e976
p914,e528
p6111,e395
p5849,e203
p1110,e361
p6310,e536
p2632,e913
p7013,e982
p7137,e116
p6771,e539
p7060,e656
p4589,e976
p2578,e257
p3305,e604
p651,e916
p561,e303
p4179,e615
p2865,e273
p9868,e39
p3028,e120
p202,e49
p6746,e758
p8163,e534
p6946,e685
p3154,e299
p5482,e591
p3558,e92
p4371,e769
p3126,e295
p5166,e738
p3852,e474
p6931,e734
p1390,e802
p3431,e400
p384,e477
p4327,e880
p7352,e492
p5102,e183
p7587,e506
p1792,e38
p6037,e948
p8028,e737
p5886,e462
p4672,e95
p2132,e729
p3965,e871
p6597,e172
p5966,e161
p216,e689
p4713,e572
p203,e780
p5448,e586
p2192,e877
p8927,e778
p5105,e657
p2570,e504
p1451,e718
p5170,e851
p1108,e903
p8804,e548
p2551,e864
p9480,e967
p4719,e102
p1145,e139
p3325,e866
p89,e711
p907,e84
p5603,e702
p325,e874
p2045,e402
p7836,e679
p8459,e239
p1476,e685
p1101,e841
p5640,e120
p6438,e797
p1588,e590
p9034,e250
p3942,e957
p2607,e304
p9680,e901
p1786,e964
p631,e672
p3378,e965
p3467,e961
p764,e338
p6831,e997
p6831,e438
p3857,e654
p8728,e150
p251,e72
p2484,e932
p336,e428
p2075,e584
p1789,e950
p7632,e236
p2704,e215
p937,e499
p358,e680
p5329,e387
p4719,e934
p3592,e37
p8567,e236
p5123,e527
p2159,e389
p453,e406
p3482,e237
p5347,e739
p4437,e469
p993,e199
p5124,e532
p5481,e803
p584,e773
p2725,e864
p7290,e478
p6453,e629
p2565,e469
p971,e780
p5284,e87
p8858,e151
p7200,e904
p309,e392
p8487,e496
p2307,e915
p6753,e264
p8564,e878
p7287,e685
p1514,e716
p6261,e593
p888,e888
p7001,e68
p5643,e472
p3917,e1
p4584,e138
p5954,e614
p7579,e942
p8308,e61
p8877,e856
p8951,e366
p7758,e663
p357,e82
p5422,e814
p1754,e399
p1352,e127
p6137,e539
p1242,e376
p5885,e517
p6923,e348
p3120,e391
p6345,e70
p2742,e121
p8228,e769
p2137,e382
p6986,e589
p7456,e39
p6593,e95
p2616,e524
p5183,e569
p5714,e14
p4090,e368
p763,e288
p9856,e638
p5252,e830
p8828,e516
p5072,e566
p4326,e658
p4735,e234
p241,e798
p3194,e261
p6903,e95
p8531,e322
p4602,e303
p7445,e845
p2355,e403
p9345,e103
p5219,e628
p7270,e247
p629,e137
p135,e103
p2879,e535
p7118,e756
p6623,e572
p2778,e924
p3150,e106
p1232,e864
p210,e306
p6284,e694
p8732,e242
p662,e919
p5747,e403
p1328,e50
p9998,e531
p2733,e52
p3431,e114
p9272,e0
p6053,e812
p469,e996
p1057,e325
p4203,e97
p9403,e139
p9111,e318
p5276,e492
p6807,e757
p5461,e932
p6374,e957
p7123,e909
p1904,e600
p2850,e66
p4074,e433
p924,e24
p936,e509
p7253,e601
p7396,e148
p5051,e181
p8265,e139
p1867,e411
p7535,e811
p8404,e7
p2918,e492
p4791,e636
p3014,e503
p17,e835
p4709,e791
p2539,e420
p3921,e677
p9488,e901
p7967,e183
p1806,e889
p347,e932
p4837,e686
p9211,e952
p2211,e1
p745,e414
p3779,e35
p3283,e186
p2687,e27
p7103,e367
p3545,e498
p4335,e813
p7109,e89
p5344,e435
p1586,e950
p1266,e145
p6518,e937
p9812,e515
p2684,e580
p1339,e420
p9119,e158
p5030,e871
p5053,e772
p9542,e632
p870,e853
p3019,e50
p6579,e325
p489,e41
p7234,e488
p7560,e77
p9554,e773
p3093,e63
p9786,e181
p5779,e103
p9669,e414
p799,e691
p8664,e928
p8427,e765
p2569,e14
p2678,e482
p8852,e71
p1815,e587
p2675,e567
p3991,e14
p3727,e437
p1803,e997
p913,e900
p7248,e583
p9800,e375
p3935,e493
p776,e394
p6533,e908
p9994,e393
p1110,e781
p3154,e876
p3858,e551
p2472,e592
p1472,e909
p577,e847
p6087,e387
p3923,e971
p4702,e805
p9761,e601
p3602,e469
p6273,e241
p4753,e893
p5980,e16
p8871,e326
p6176,e130
p5233,e333
p5090,e327
p6841,e622
p2093,e326
p5721,e763
p2923,e393
p4738,e421
p4421,e966
p7113,e447
p5729,e267
p4820,e526
p3896,e14
p3495,e384
p2718,e165
p8501,e848
p2095,e907
p1165,e41
p8171,e755
p5357,e418
p4087,e739
p873,e863
p3029,e55
p9520,e854
p4469,e999
p5024,e212
p6100,e240
p5144,e882
p1750,e582
p2596,e339
p7225,e406
p9361,e958
p8855,e892
p6325,e437
p4342,e406
p6127,e361
p8378,e477
p8687,e1
p2965,e176
p297,e342
p7276,e375
p5416,e783
p8581,e809
p6058,e831
p8267,e689
p3807,e423
p2459,e946
p8297,e587
p9479,e472
p9072,e760
p2836,e327
p2976,e444
p73,e472
p9809,e23
p7157,e380
p6462,e688
p3527,e719
p6971,e965
p9678,e517
p5455,e869
p7076,e997
p3037,e474
p3843,e928
p3320,e265
p5713,e924
p714,e950
p4970,e584
p2256,e254
p514,e253
p9958,e753
p3341,e619
p4607,e615
p4483,e710
p8954,e129
p3561,e515
p8417,e738
p1897,e663
p1005,e302
p7306,e679
p6123,e797
p6370,e292
p8365,e772
p9361,e143
p6792,e546
p4580,e581
p4852,e395
p146,e281
p1658,e732
p497,e0
p6593,e320
p5764,e417
p4981,e64
p8820,e653
p5605,e295
p991,e920
p2985,e315
p6324,e181
p593,e970
p1632,e941
p5346,e284
p7568,e600
p4573,e553
p3047,e252
p5356,e478
p9469,e511
p5878,e308
p6416,e668
p3723,e190
p9790,e721
p1415,e260
p2671,e472
p6802,e326
p3696,e998
p2163,e873
p1479,e649
p6740,e59
p5232,e694
p2448,e224
p3564,e287
p4243,e953
p6820,e298
p2942,e308
p7994,e198
p9019,e496
p3493,e345
p8441,e586
p7917,e256
p1410,e126
p4010,e740
p1568,e428
p9770,e669
p7579,e155
p2115,e55
p9507,e14
p9674,e782
p1064,e885
p7040,e293
p8485,e391
p8211,e925
p7241,e407
p9614,e987
p8017,e154
p6973,e184
p5827,e297
p8523,e617
p1590,e708
p2519,e233
p5120,e491
p9607,e610
p6636,e130
p9607,e127
p1571,e444
p2235,e273
p4246,e73
p8966,e927
p4669,e159
p5192,e806
p5387,e677
p501,e972
p634,e671
p8392,e247
p9551,e260
p2724,e688
p7075,e395
p1266,e227
p9387,e409
p8068,e490
p9840,e511
p7071,e79
p6630,e891
p8562,e574
p2099,e822
p4608,e972
p2845,e640
p7351,e831
p5650,e67
p3496,e734
p484,e287
p9979,e887
p1024,e660
p2262,e655
p9352,e908
p6926,e858
p7690,e673
p1,e544
p538,e183
p7313,e678
p1810,e982
p7005,e989
p9599,e466
p1333,e762
p783,e612
p5292,e710
p5365,e891
p9771,e731
p5601,e636
p7649,e599
p5671,e139
p6406,e22
p3938,e896
p9418,e196
p5422,e169
p669,e518
p9279,e114
p3470,e260
p2849,e987
p9339,e279
p154,e942
p9061,e130
p4862,e910
p7833,e302
p8688,e200
p7338,e601
p1922,e668
p2691,e376
p5981,e266
p2559,e818
p5716,e987
p1454,e237
p5639,e787
p3166,e746
p2867,e414
p5085,e908
p2876,e740
p1191,e444
p1673,e240
p2847,e720
p5164,e107
p520,e550
p4985,e280
p4091,e75
p3364,e741
p5429,e326
p6308,e979
p4334,e778
p8279,e685
p5882,e496
p9798,e671
p2554,e447
p6064,e812
p1829,e353
p5470,e250
p1221,e708
p8957,e297
p5322,e452
p2056,e533
p2009,e149
p2792,e894
p4887,e969
p397,e242
p2143,e55
p4504,e308
p2122,e648
p9887,e576
p5586,e959
p407,e842
p6682,e492
p2044,e317
p7363,e364
p3663,e804
p9828,e398
p3615,e932
p8492,e352
p5926,e566
p659,e181
p1179,e180
p7435,e824
p1040,e418
p2956,e871
p4478,e781
p6521,e702
p8283,e682
p3021,e885
p7675,e463
p628,e440
p8484,e906
p2165,e681
p1883,e20
p7725,e688
p526,e90
p9632,e513
p4611,e615
p5475,e101
p8011,e703
p9458,e927
p4202,e691
p1445,e95
p638,e445
p9711,e143
p8276,e165
p2974,e428
p4462,e21
p9404,e292
p1190,e196
p5949,e517
p647,e59
p6267,e36
p1505,e614
p3348,e793
p2022,e439
p1912,e352
p3683,e702
p7167,e457
p5262,e690
p9409,e953
p3564,e59
p9208,e499
p4911,e551
p8073,e654
p5980,e471
p7544,e648
p7996,e856
p559,e485
p3095,e745
p2718,e340
p4318,e96
p9190,e59
p2215,e645
p9154,e737
p552,e126
p3929,e91
p1008,e657
p1413,e173
p2333,e890
p5357,e797
p2592,e5
p7781,e772
p9472,e656
p6732,e450
p1457,e544
p4574,e140
p2798,e227
p5462,e552
p143,e262
p2927,e479
p9161,e335
p3292,e552
p6706,e328
p6678,e302
p4122,e564
p7044,e241
p6159,e346
p1103,e203
p9338,e118
p7812,e596
p8703,e60
p338,e568
p5500,e425
p8444,e328
p4440,e982
p3651,e328
p702,e513
p2554,e678
p1571,e27
p8474,e946
p6932,e72
p1647,e269
p1967,e46
p3924,e100
p6948,e470
p3361,e945
p9310,e302
p2544,e97
p1133,e608
p8678,e502
p7879,e482
p1343,e569
p5684,e215
p7471,e756
p1044,e903
p8403,e323
p347,e781
p3718,e866
p7237,e627
p7413,e768
p5234,e393
p7259,e343
p3226,e313
p1962,e650
p4047,e952
p9970,e282
p2141,e589
p295,e4
p1566,e494
p9847,e605
p7761,e374
p7710,e756
p7531,e0
p4382,e847
p377,e221
p1407,e70
p3089,e237
p758,e44
p5648,e674
p3507,e471
p1047,e770
p2027,e999
p7899,e608
p2378,e349
p3228,e324
p4307,e724
p4600,e338
p9437,e686
p4589,e965
p148,e379
p5431,e434
p2687,e750
p1084,e672
p3508,e390
p4057,e924
p9699,e527
p9467,e743
p8482,e28
p4697,e368
p3766,e677
p3569,e112
p8069,e510
p9650,e849
p7839,e215
p6093,e651
p2500,e776
p2774,e426
p8520,e698
p7150,e156
p9499,e829
p8980,e277
p5318,e881
p2942,e643
p2803,e477
p9850,e671
p2285,e57
p7647,e89
p7872,e836
p5416,e537
p478,e694
p8638,e117
p6403,e163
p7860,e258
p9237,e707
p9116,e757
p6064,e114
p2436,e258
p7190,e611
p3657,e461
p8771,e996
p9036,e567
p2902,e408
p3932,e903
p2443,e385
p3736,e138
p4371,e167
p2310,e301
p9077,e173
p4534,e669
p1374,e873
p683,e982
p7197,e816
p1370,e113
p8005,e633
p7108,e410
p6247,e401
p3422,e192
p5334,e898
p5050,e262
p3856,e123
p9326,e753
p3472,e692
p3773,e919
p6321,e969
p4313,e646
p4671,e803
p2004,e213
p4971,e837
p2098,e65
p4001,e666
p7222,e376
p8189,e142
p710,e367
p255,e93
p1604,e338
p5691,e463
p67,e147
p3140,e730
p8862,e452
p807,e534
p9531,e534
p665,e900
p8343,e484
p9948,e705
p283,e51
p4422,e191
p2087,e259
p1027,e483
p9099,e624
p7995,e82
p6975,e150
p2883,e387
p4700,e264
p1989,e577
p4096,e274
p5920,e503
p9746,e680
p4879,e696
p497,e168
p9579,e411
p6170,e492
p6388,e142
p8164,e600
p8853,e437
p1344,e736
p8566,e64
p4928,e281
p7703,e965
p345,e464
p1565,e225
p8725,e78
p4665,e824
p1755,e211
p5979,e991
p8420,e455
p7800,e797
p1271,e37
p344,e236
p746,e66
p3766,e211
p5853,e234
p762,e313
p4379,e932
p6296,e431
p1804,e822
p865,e100
p6785,e783
p3451,e145
p4892,e628
p4212,e945
p7772,e55
p1492,e627
p6186,e886
p5339,e38
p3409,e819
p1203,e497
p5831,e772
p8387,e619
p2104,e881
p8454,e998
p9463,e696
p6116,e789
p2809,e348
p9993,e115
p663,e502
p4575,e731
p2341,e436
p2427,e779
p2638,e162
p916,e315
p5917,e963
p4928,e726
p4345,e91
p7890,e859
p877,e114
p5754,e440
p8576,e955
p4694,e883
p461,e316
p9698,e107
p2969,e611
p8902,e195
p9300,e869
p1548,e635
p5579,e491
p8438,e430
p1113,e560
p550,e750
p8632,e20
p7350,e75
p5862,e786
p2078,e209
p2047,e284
p4259,e99
p3984,e759
p9328,e416
p1121,e28
p629,e60
p5969,e809
p2358,e556
p6186,e802
p2966,e370
p8599,e329
p2160,e907
p1327,e693
p4482,e675
p9847,e76
p8575,e870
p8622,e964
p7527,e451
p8193,e340
p8298,e869
p610,e172
p5317,e187
p8070,e671
p8592,e23
p2418,e961
p2441,e255
p4352,e663
p2227,e633
p5598,e34
p2426,e661
p5321,e967
p3003,e653
p4831,e529
p9447,e329
p7120,e457
p5551,e143
p6242,e383
p2458,e155
p2295,e538
p2182,e576
p3004,e996
p3473,e167
p9774,e863
p922,e195
p129,e259
p5468,e720
p2176,e79
p8095,e864
p5734,e968
p5337,e134
p4415,e230
p4503,e936
p4013,e726
p896,e486
p5432,e502
p1593,e782
p8453,e104
p3109,e937
p2064,e749
p705,e675
p5203,e884
p8313,e633
p5018,e76
p3189,e695
p3181,e83
p7228,e198
p9908,e865
p226,e407
p51,e608
p1894,e426
p6689,e326
p9966,e33
p8316,e609
p2067,e569
p3967,e460
p2905,e647
p4853,e144
p5879,e101
p3441,e318
p7627,e936
p659,e726
p3294,e146
p8395,e953
p7754,e313
p5877,e132
p3388,e755
p8774,e589
p6115,e396
p9292,e933
p3044,e827
p4906,e697
p9088,e869
p9533,e689
p3859,e251
p4881,e524
p5520,e422
p5084,e215
p5707,e82
p5666,e960
p5861,e603
p279,e27
p209,e409
p8467,e704
p7329,e422
p2420,e647
p1618,e701
p2709,e135
p6718,e762
p4883,e929
p7182,e324
p7983,e36
p8785,e667
p7434,e409
p3925,e5
p3557,e511
p9450,e528
p3602,e314
p3210,e142
p2376,e238
p5244,e21
p5176,e286
p4026,e225
p8050,e469
p3890,e639
p6075,e366
p7136,e384
p2804,e328
p7182,e523
p4851,e791
p1794,e33
p2514,e37
p9460,e394
p3566,e165
p5586,e656
p1734,e41
p2752,e423
p7333,e767
p5438,e977
p8186,e1
p8083,e407
p9489,e195
p5007,e258
p304,e502
p5741,e180
p5225,e102
p6630,e28
p9466,e334
p6359,e255
p6880,e70
p3650,e485
p5523,e444
p5772,e932
p184,e113
p9437,e275
p6105,e773
p6909,e519
p3371,e405
p2159,e675
p7044,e123
p3267,e265
p6568,e328
p8578,e795
p1868,e465
p9258,e745
p8989,e334
p2943,e620
p8503,e45
p278,e501
p7226,e700
p763,e553
p6512,e954
p8518,e30
p3037,e951
p8593,e838
p1573,e964
p7007,e198
p7253,e422
p1540,e273
p1129,e905
p4224,e270
p5475,e105
p1946,e7
p4603,e928
p2678,e460
p3742,e487
p1305,e930
p8959,e783
p563,e606
p634,e223
p3452,e616
p2530,e922
p2314,e951
p326,e872
p7554,e739
p3327,e532
p780,e172
p9601,e963
p4332,e159
p5298,e971
p9601,e53
p2127,e815
p522,e903
p9777,e885
p1578,e562
p533,e963
p4690,e576
p1455,e351
p8294,e220
p5619,e628
p3035,e102
p9968,e436
p1021,e487
p8417,e296
p5975,e359
p7496,e100
p1001,e512
p409,e711
p7562,e531
p294,e532
p804,e802
p8033,e514
p5269,e67
p3817,e537
p6564,e90
p3376,e391
p4325,e263
p6770,e315
p2683,e471
p4308,e645
p4695,e120
p9648,e437
p3660,e892
p7785,e334
p5371,e74
p6406,e241
p2739,e483
p9408,e186
p4054,e62
p8841,e556
p8519,e717
p7088,e349
p740,e429
p5803,e278
p804,e559
p1927,e295
p5714,e111
p425,e881
p6490,e96
p7052,e755
p7000,e580
p3140,e293
p7865,e302
p9888,e689
p6072,e499
p6835,e588
p6834,e369
p8381,e775
p9439,e327
p9443,e693
p1511,e421
p6697,e623
p8401,e249
p9112,e263
p7537,e998
p5700,e719
p2269,e969
p7883,e398
p6422,e726
p4041,e291
p3156,e96
p1560,e843
p857,e42
p831,e471
p1047,e546
p1370,e19
p1952,e712
p1610,e549
p2089,e181
p9378,e200
p1875,e685
p1014,e435
p4202,e989
p4144,e420
p4471,e491
p3331,e223
p1750,e233
p5001,e876
p232,e871
p756,e255
p2469,e932
p1755,e804
p2130,e647
p8175,e144
p1765,e803
p209,e43
p8457,e143
p5706,e912
p9289,e694
p2891,e231
p8627,e321
p8107,e208
p8992,e946
p9283,e606
p6280,e519
p9498,e362
p5377,e675
p7917,e757
p7767,e92
p4806,e104
p1660,e661
p1007,e71
p5354,e101
p5926,e75
p3200,e457
p9401,e444
p9131,e94
p9465,e356
p2945,e302
p6067,e330
p7694,e533
p9497,e363
p5908,e280
p9450,e924
p312,e933
p7387,e15
p4207,e967
p2729,e304
p1030,e787
p5553,e887
p1464,e566
p5538,e980
p368,e542
p3735,e131
p9371,e973
p9811,e793
p143,e967
p8831,e251
p4481,e989
p9778,e310
p3442,e658
p4201,e309
p5797,e697
p3634,e291
p1820,e742
p6772,e336
p5703,e593
p1275,e115
p1982,e215
p172,e274
p1863,e820
p8455,e191
p5775,e759
p7320,e57
p8586,e798
p3387,e563
p7686,e932
p694,e302
p6864,e195
p1842,e309
p1019,e276
p852,e408
p5839,e367
p3254,e439
p6562,e924
p4642,e908
p2702,e723
p1133,e303
p2886,e439
p5227,e938
p4186,e892
p5874,e750
p5921,e284
p2121,e823
p3847,e393
p1026,e964
p6560,e292
p9105,e341
p2598,e726
p7703,e937
p9362,e231
p8533,e816
p6172,e967
p9119,e197
p8553,e549
p7337,e782
p2575,e245
p5298,e545
p1726,e537
p4518,e942
p4534,e199
p806,e369
p8156,e206
p7624,e897
p9255,e751
p5067,e681
p3196,e30
p2018,e725
p664,e275
p6311,e365
p3098,e443
p3141,e981
p3258,e570
p6053,e781
p3575,e981
p9720,e820
p767,e617
p7027,e879
p6194,e181
p9794,e534
p5503,e636
p4972,e52
p151,e590
p5307,e147
p3986,e900
p1635,e277
p5157,e764
p6048,e62
p9434,e513
p9027,e840
p2204,e787
p67,e385
p6887,e921
p8638,e624
p6551,e766
p264,e161
p3955,e976
p7921,e129
p8105,e89
p9604,e73
p7609,e85
p6113,e890
p3382,e132
p8174,e543
p6472,e595
p9873,e407
p3221,e67
p3877,e537
p9846,e896
p9715,e585
p5268,e359
p5687,e210
p5536,e138
p1281,e251
p1076,e878
p3342,e2
p1039,e857
p216,e346
p2802,e153
p5565,e946
p9487,e11
p4226,e21
p2418,e181
p7121,e621
p1605,e833
p6414,e319
p4937,e136
p5376,e174
p8876,e631
p8141,e101
p9957,e829
p5796,e511
p9239,e164
p6751,e908
p4162,e526
p4867,e118
p3920,e26
p9709,e250
p3191,e154
p8679,e308
p1672,e966
p7707,e929
p8458,e283
p3264,e141
p4789,e833
p1181,e624
p6369,e947
p8132,e487
p2116,e138
p483,e40
p5731,e474
p1227,e451
p2179,e781
p6015,e432
p7782,e339
p2231,e433
p9080,e896
p873,e417
p9353,e620
p6329,e400
p7348,e675
p2867,e404
p6671,e856
p3927,e27
p1680,e557
p3928,e406
p9134,e341
p9091,e569
p7875,e225
p3656,e324
p8072,e756
p6513,e925
p7999,e637
p1200,e2
p1564,e723
p2314,e207
p7970,e743
p74,e615
p5445,e870
p3738,e339
p3956,e179
p5959,e852
p2361,e240
p8934,e23
p60,e976
p9146,e299
p8248,e269
p2310,e434
p1153,e254
p4731,e970
p2011,e878
p3702,e826
p2175,e585
p8025,e114
p6985,e502
p8415,e404
p1462,e773
p9633,e16
p1020,e114
p4281,e140
p1983,e429
p8224,e156
p4207,e970
p4274,e67
p3231,e241
p3278,e123
p4691,e295
p813,e247
p864,e921
p5107,e323
p6444,e265
p7228,e356
p85,e247
p8650,e547
p8424,e948
p6414,e654
p3344,e583
p5369,e109
p9665,e934
p900,e495
p120,e919
p9319,e778
p4225,e851
p4455,e980
p4911,e545
p2372,e455
p9251,e275
p8306,e618
p7114,e212
p3091,e732
p3874,e904
p3332,e500
p4950,e341
p1561,e367
p9208,e716
p1068,e82
p3780,e144
p1915,e322
p3051,e860
p9938,e721
p1543,e262
p4509,e887
p7480,e660
p2,e926
p4275,e978
p2721,e737
p7873,e569
p8965,e155
p8839,e588
p3304,e434
p9386,e710
p2704,e329
p2652,e596
p8221,e354
p536,e823
p9142,e601
p9387,e694
p4157,e868
p2835,e840
p7018,e173
p2916,e113
p5869,e222
p3169,e415
p1903,e461
p1989,e667
p2493,e315
p1910,e570
p6214,e922
p7653,e181
p9078,e214
p9090,e830
p5769,e461
p3896,e367
p324,e626
p1129,e942
p4324,e796
p814,e10
p4480,e144
p6875,e807
p659,e437
p983,e229
p2296,e762
p5641,e466
p9316,e366
p837,e889
p7670,e104
p6738,e778
p85,e778
p679,e380
p9357,e487
p8171,e739
p5315,e541
p8625,e855
p9844,e268
p3726,e783
p6832,e138
p1601,e47
p7495,e419
p7992,e578
p8187,e765
p137,e27
p9956,e618
p6455,e923
p432,e507
p4235,e325
p8722,e971
p2489,e283
p572,e342
p7081,e708
p2252,e778
p5295,e182
p6856,e214
p4082,e497
p6586,e278
p6681,e420
p1040,e342
p9531,e459
p7734,e894
p9116,e891
p9174,e78
p8729,e302
p8923,e253
p8824,e62
p2973,e149
p9571,e714
p6427,e690
p497,e569
p5411,e52
p84,e349
p8959,e29
p9149,e594
p8726,e197
p9501,e534
p5412,e334
p346,e292
p2922,e26
p3808,e182
p1226,e499
p7550,e411
p9383,e483
p1814,e476
p4965,e136
p916,e488
p5648,e523
p6294,e99
p1806,e879
p1134,e459
p9598,e906
p9082,e473
p4052,e959
p9534,e978
p9414,e630
p895,e501
p1778,e194
p2604,e50
p2844,e941
p4557,e162
p7610,e938
p6211,e243
p9076,e148
p1639,e209
p2562,e245
p1205,e746
p2417,e574
p6600,e728
p661,e132
p1218,e121
p3921,e736
p3858,e725
p1322,e780
p7275,e934
p5926,e110
p9816,e392
p9347,e161
p2312,e520
p5455,e783
p4831,e856
p5787,e785
p2888,e844
p3060,e570
p9094,e96
p2533,e220
p8075,e344
p2440,e95
p1017,e784
p5825,e239
p3472,e910
p8619,e835
p682,e470
p6126,e206
p2585,e892
p1525,e211
p4100,e546
p4912,e514
p7860,e904
p5915,e224
p5310,e133
p821,e374
p5178,e508
p8880,e54
p192,e329
p9900,e429
p2044,e944
p2614,e278
p4845,e811
p7866,e456
p2901,e384
p8761,e470
p6670,e14
p8613,e935
p6600,e570
p8456,e446
p9217,e447
p1351,e950
p2459,e564
p7477,e258
p3414,e694
p2847,e470
p2129,e679
p5710,e230
p2754,e709
p264,e832
p1758,e206
p1160,e307
p4500,e169
p6679,e851
p7678,e978
p219,e531
p703,e547
p8591,e240
p8489,e992
p3432,e623
p6025,e339
p4547,e627
p7031,e355
p197,e615
p4972,e454
p5132,e584
p4709,e446
p9133,e643
p5697,e794
p3477,e940
p4946,e119
p5312,e942
p8363,e219
p6112,e148
p1522,e555
p4719,e219
p16,e17
p6038,e587
p1849,e242
p4062,e295
p9694,e770
p9707,e905
p4185,e704
p5862,e300
p2029,e333
p564,e112
p9400,e212
p3488,e512
p9065,e524
p1449,e111
p1165,e560
p6480,e669
p7854,e928
p3242,e966
p610,e810
p5366,e265
p7146,e637
p3809,e97
p9547,e793
p6544,e376
p6683,e513
p117,e809
p4723,e800
p1879,e41
p6784,e499
p5691,e454
p5720,e152
p6442,e347
p2720,e323
p7936,e996
p7507,e808
p7785,e438
p4633,e634
p303,e829
p1760,e844
p2405,e308
p2244,e708
p8464,e459
p4091,e233
p6400,e58
p6013,e452
p4913,e160
p6392,e658
p8020,e220
p6947,e241
p2666,e305
p9878,e621
p2092,e871
p5336,e158
p4755,e831
p5041,e314
p3761,e908
p6685,e685
p2209,e588
p1810,e785
p9762,e665
p5889,e709
p7435,e599
p3451,e972
p7511,e902
p7803,e314
p3189,e133
p2525,e565
p8884,e432
p1758,e461
p7110,e199
p4984,e947
p2846,e706
p8619,e700
p4090,e600
p6272,e813
p1563,e378
p990,e988
p9609,e137
p9877,e936
p3560,e118
p3081,e167
p7800,e877
p726,e675
p5966,e502
p6875,e564
p3559,e330
p9368,e303
p7985,e512
p8450,e112
p2174,e241
p2516,e781
p6283,e913
p7781,e17
p5099,e688
p766,e535
p8621,e870
p5655,e693
p8890,e335
p766,e523
p3606,e167
p1692,e152
p7439,e638
p1376,e862
p9783,e165
p2098,e738
p1116,e125
p5211,e847
p9334,e242
p8103,e943
p3536,e669
p5468,e717
p8580,e823
p6042,e55
p7251,e709
p5203,e712
p6301,e343
p9168,e885
p8942,e980
p4056,e608
p7168,e543
p7490,e653
p5309,e955
p8732,e961
p7778,e136
p2541,e624
p7631,e14
p7162,e799
p9890,e82
p9567,e14
p8237,e249
p92,e350
p5650,e663
p7221,e728
p1506,e549
p8937,e792
p3340,e434
p3135,e273
p4520,e404
p8335,e974
p4488,e549
p9296,e751
p4857,e616
p1941,e920
p823,e152
p7906,e221
p336,e65
p3891,e697
p5534,e159
p2737,e383
p5835,e558
p6024,e403
p542,e216
p3732,e391
p4161,e135
p4464,e311
p3880,e785
p2154,e346
p9068,e181
p1554,e34
p706,e173
p1415,e32
p8920,e791
p2829,e772
p3771,e220
p9175,e397
p7830,e706
p5348,e600
p8005,e23
p9071,e112
p2252,e799
p2631,e275
p139,e362
p8140,e185
p1516,e451
p1636,e26
p3625,e343
p487,e44
p1275,e975
p821,e126
p3915,e154
p891,e695
p3277,e513
p4759,e383
p2261,e801
p6927,e593
p6125,e980
p1202,e675
p7450,e724
p5627,e465
p7142,e898
p9747,e802
p7073,e840
p5457,e301
p3326,e20
p8267,e881
p2368,e827
p4912,e66
p3036,e552
p8468,e43
p3348,e818
p1202,e431
p4088,e197
p8292,e210
p9732,e466
p1841,e721
p4623,e261
p5461,e113
p5745,e233
p3068,e92
p1499,e645
p4900,e300
p2799,e137
p7666,e652
p7551,e246
p2550,e140
p5631,e313
p2901,e971
p5033,e437
p2142,e958
p616,e654
p3099,e164
p3099,e578
p4850,e425
p8285,e453
p6688,e976
p5248,e510
p8977,e756
p2801,e336
p433,e253
p6493,e411
p541,e853
p3124,e237
p4927,e129
p4463,e327
p7105,e132
p1317,e322
p4345,e761
p4405,e6
p1550,e764
p1703,e888
p2040,e99
p4916,e586
p5098,e293
p657,e691
p7312,e759
p7274,e820
p6637,e566
p1958,e818
p4941,e891
p6917,e54
p2669,e218
p8805,e337
p8208,e822
p488,e646
p3677,e666
p7956,e184
p8112,e937
p2606,e750
p6116,e966
p8061,e418
p6945,e289
p6877,e61
p2163,e176
p1799,e456
p1764,e411
p3245,e444
p710,e441
p4192,e474
p1690,e506
p1522,e351
p9012,e25
p5817,e428
p5197,e370
p7613,e671
p1092,e654
p3977,e954
p7538,e563
p6780,e303
p8555,e129
p1188,e366
p8443,e599
p9443,e235
p8375,e601
p3102,e864
p1249,e289
p6787,e805
p5705,e806
p774,e224
p9657,e428
p166,e239
p3931,e292
p6298,e759
p1810,e480
p1419,e711
p8966,e832
p7919,e102
p421,e607
p7333,e298
p4327,e50
p7698,e665
p6963,e228
p5623,e568
p8981,e902
p8421,e483
p4992,e648
p7473,e211
p2220,e96
p6725,e429
p7459,e919
p7643,e591
p5225,e26
p5896,e2
p9627,e138
p3251,e6
p1014,e707
p2104,e942
p3814,e894
p6990,e696
p8603,e691
p6025,e473
p1040,e413
p8236,e836
p6683,e192
p126,e865
p304,e565
p6812,e664
p7875,e64
p5848,e603
p9767,e303
p954,e966
p4002,e474
p3697,e293
p9860,e357
p2270,e929
p9609,e570
p9678,e64
p4914,e677
p309,e983
p7624,e617
p5886,e479
p392,e763
p4185,e174
p4318,e355
p1860,e37
p4405,e755
p7415,e28
p5512,e369
p9528,e872
p1182,e136
p2715,e713
p3256,e503
p4945,e466
p2927,e471
p8571,e69
p8973,e270
p211,e586
p9711,e253
p5701,e776
p1815,e802
p9893,e178
p9306,e517
p9046,e151
p8630,e812
p8456,e875
p884,e575
p9102,e741
p7904,e382
p5518,e785
p9347,e190
p7499,e683
p5516,e876
p250,e963
p817,e221
p804,e712
p4938,e901
p5007,e846
p7770,e622
p8324,e772
p6219,e231
p8904,e507
p1972,e329
p5894,e235
p2587,e819
p3229,e70
p8902,e627
p7374,e445
p8304,e510
p6991,e872
p9004,e715
p5448,e868
p6930,e315
p2754,e977
p12,e759
p2161,e530
p8089,e534
p5368,e908
p9083,e768
p7366,e962
p2607,e763
p9686,e165
p4411,e819
p9493,e429
p93,e316
p1476,e186
p547,e377
p8605,e615
p7783,e567
p8815,e392
p2789,e766
p1691,e29
p6848,e921
p9607,e827
p8417,e239
p2886,e334
p4520,e193
p7634,e321
p9661,e963
p5937,e932
p2064,e156
p8271,e229
p1272,e948
p4393,e903
p9621,e127
p2533,e173
p2631,e267
p2085,e902
p4683,e734
p9731,e43
p4641,e164
p7731,e942
p8669,e235
p9051,e107
p6433,e509
p9035,e710
p6585,e672
p8363,e970
p8980,e602
p8845,e828
p144,e128
p2619,e484
p6995,e542
p5684,e947
p2813,e934
p4853,e246
p7514,e763
p5141,e929
p3546,e439
p6377,e272
p1043,e405
p7935,e178
p4753,e672
p4381,e37
p9777,e861
p9606,e835
p2669,e772
p2720,e624
p3000,e701
p4382,e911
p1149,e649
p265,e40
p8091,e97
p3640,e267
p4415,e99
p4899,e538
p3345,e788
p1503,e707
p7997,e592
p5309,e902
p537,e442
p4268,e727
p3775,e893
p4782,e664
p1414,e465
p307,e120
p1395,e655
p3433,e229
p6352,e375
p3071,e132
p6610,e377
p4575,e331
p9510,e57
p3139,e330
p3657,e437
p8920,e909
p2729,e703
p6807,e884
p3080,e696
p8889,e713
p1855,e224
p6756,e99
p6168,e657
p1424,e416
p7056,e845
p9289,e279
p6824,e197
p4677,e558
p5347,e881
p1955,e481
p3842,e14
p4885,e275
p2513,e162
p1708,e179
p812,e802
p2364,e257
p7831,e397
p5523,e884
p2957,e292
p4141,e121
p7971,e685
p2806,e838
p2167,e599
p6162,e489
p3722,e581
p3490,e177
p3501,e666
p643,e290
p1334,e819
p6340,e38
p9610,e747
p4482,e464
p309,e839
p5833,e48
p1244,e70
p9244,e95
p9419,e71
p5689,e496
p9221,e588
p3374,e829
p5275,e230
p2005,e696
p9541,e525
p8029,e905
p9617,e502
p9515,e551
p6339,e197
p9058,e906
p8450,e246
p1896,e22
p9870,e341
p566,e419
p4841,e346
p2890,e723
p1545,e790
p6447,e771
p8123,e963
p6776,e207
p1618,e593
p654,e327
p7596,e288
p170,e521
p759,e995
p2611,e10
p5582,e647
p1319,e800
p5370,e519
p3820,e856
p5235,e747
p5473,e286
p1308,e623
p6892,e430
p6986,e721
p2084,e743
p6612,e882
p9898,e544
p8423,e464
p7759,e248
p7031,e364
p7826,e993
p3574,e889
p6625,e90
p128,e483
p2324,e892
p1697,e233
p9688,e374
p3882,e135
p8740,e127
p1086,e599
p7528,e113
p9297,e301
p8602,e755
p4576,e912
p4430,e688
p4416,e142
p252,e254
p4083,e424
p5006,e736
p8791,e639
p3677,e623
p4483,e556
p4526,e124
p6813,e241
p3002,e983
p6338,e513
p474,e290
p2406,e488
p3288,e284
p5229,e21
p1183,e243
p6269,e719
p1400,e828
p3083,e687
p6562,e532
p8290,e78
p1024,e911
p5733,e180
p8484,e303
p5961,e61
p2009,e671
p7216,e480
p3295,e731
p1367,e421
p1516,e231
p3719,e69
p3597,e573
p9345,e193
p8203,e319
p3374,e139
p4469,e78
p6988,e441
p944,e459
p3299,e627
p8264,e728
p8928,e354
p5093,e888
p9759,e671
p7138,e244
p7768,e370
p8957,e471
p7492,e947
p9525,e985
p2149,e132
p6886,e970
p5674,e901
p6180,e253
p6584,e164
p5193,e843
p3668,e397
p6981,e929
p8615,e60
p1067,e602
p5617,e415
p5473,e462
p9953,e320
p6450,e168
p86,e927
p4937,e613
p2248,e45
p521,e864
p540,e968
p7667,e290
p9495,e330
p5267,e324
p3662,e859
p1671,e354
p3826,e122
p2413,e337
p8587,e414
p8321,e335
p2545,e441
p2976,e497
p1116,e633
p2717,e5
p3917,e57
p7583,e935
p2056,e957
p6243,e298
p1808,e725
p7312,e144
p2720,e940
p3368,e896
p6816,e455
p3543,e910
p3182,e558
p1325,e993
p5077,e532
p8813,e322
p4922,e316
p4027,e302
p968,e9
p5476,e315
p3596,e113
p6387,e339
p620,e766
p1955,e973
p3847,e356
p2549,e745
p3391,e911
p8773,e446
p5855,e348
p6854,e969
p1189,e758
p6308,e813
p6782,e555
p4944,e402
p7593,e477
p7340,e925
p2103,e30
p3092,e142
p7967,e380
p419,e850
p2285,e869
p2134,e203
p3521,e262
p4606,e664
p3684,e914
p8052,e739
p1842,e383
p9499,e214
p8043,e824
p2962,e931
p3521,e341
p8740,e843
p6226,e35
p5961,e600
p1077,e554
p5272,e140
p5815,e440
p8887,e498
p7738,e10
p3204,e615
p6689,e261
p2818,e418
p2670,e199
p1655,e193
p3952,e783
p505,e151
p6717,e212
p5862,e793
p2124,e729
p4731,e25
p8125,e365
p7566,e210
p3660,e311
p8066,e444
p397,e688
p7792,e551
p9699,e234
p9998,e230
p4492,e792
p2378,e239
p7197,e288
p7854,e615
p4184,e528
p4084,e665
p7131,e900
p5453,e659
p8578,e182
p4217,e547
p478,e800
p500,e448
p8798,e587
p252,e101
p1667,e318
p6102,e672
p6682,e887
p1689,e702
p731,e763
p2673,e947
p2335,e556
p5876,e496
p7149,e96
p5090,e245
p5860,e941
p2308,e458
p6317,e475
p5921,e425
p7856,e648
p8224,e849
p6915,e583
p8986,e821
p2946,e867
p5255,e884
p9540,e656
p1902,e66
p8172,e571
p9685,e659
p1044,e873
p9118,e654
p304,e319
p1021,e214
p1583,e346
p1187,e268
p6885,e882
p7027,e823
p4487,e833
p4004,e664
p4310,e603
p1050,e875
p1000,e376
p9922,e414
p2452,e995
p7650,e536
p5183,e94
p8787,e251
p144,e155
p56,e216
p3019,e842
p7771,e277
p3005,e253
p2641,e813
p904,e250
p4913,e119
p1759,e399
p6528,e888
p87,e426
p7496,e100
p4147,e97
p2604,e805
p5146,e867
p6849,e329
p2204,e342
p6852,e344
p6850,e978
p1265,e365
p6182,e830
p3189,e395
p2005,e173
p5126,e367
p4193,e955
p1064,e718
p3739,e220
p4863,e157
p9290,e37
p3063,e804
p85,e735
p8987,e85
p2841,e886
p8700,e73
p4512,e246
p4447,e362
p5727,e810
p6975,e521
p7911,e900
p8770,e140
p742,e321
p9701,e199
p8780,e511
p1941,e516
p1507,e54
p7024,e696
p657,e569
p1763,e638
p666,e457
p5539,e409
p5084,e733
p3309,e294
p3672,e434
p7987,e827
p2319,e9
p721,e903
p7870,e258
p834,e686
p8153,e412
p7997,e959
p8771,e988
p6516,e869
p4044,e19
p4352,e578
p7470,e970
p7220,e51
p1862,e714
p1621,e383
p2091,e552
p6122,e37
p9786,e691
p7758,e681
p8603,e953
p5685,e547
p295,e381
p2976,e908
p8080,e944
p2148,e524
p8190,e305
p1357,e522
p6957,e29
p568,e963
p6492,e540
p8482,e296
p8053,e880
p6568,e812
p6234,e282
p2559,e905
p8628,e266
p7456,e715
p3665,e55
p4134,e832
p8777,e37
p3119,e716
p9208,e32
p2420,e634
p2028,e842
p7671,e943
p371,e970
p8742,e828
p6534,e460
p5448,e32
p7222,e427
p5185,e605
p4992,e898
p189,e376
p4852,e23
p8849,e778
p2304,e158
p8460,e464
p1314,e72
p588,e432
p3334,e884
p7101,e868
p6625,e442
p2708,e834
p7462,e605
p6763,e495
p1610,e154
p8987,e994
p4960,e939
p6695,e752
p5727,e320
p5876,e873
p4867,e32
p6033,e831
p8935,e169
p9838,e903
p5578,e338
p5791,e887
p697,e655
p1170,e956
p3059,e571
p8730,e758
p4096,e850
p1862,e758
p3771,e820
p1898,e594
p3902,e504
p8955,e811
p6087,e351
p2735,e733
p8401,e649
p8787,e418
p1722,e216
p5926,e234
p1955,e617
p5406,e447
p8387,e474
p1772,e972
p8695,e773
p1019,e351
p7726,e795
p6123,e688
p4926,e221
p4621,e177
p319,e48
p9255,e265
p4900,e533
p7457,e398
p3936,e13
p4829,e168
p5697,e248
p2453,e833
p829,e172
p376,e644
p8759,e416
p4313,e114
p9653,e210
p4095,e924
p1500,e474
p9978,e709
p2552,e327
p737,e785
p4716,e61
p7667,e640
p2956,e567
p1064,e857
p3713,e529
p5890,e570
p312,e432
p1065,e194
p6710,e292
p2024,e382
p172,e350
p5066,e293
p5242,e391
p9351,e66
p5069,e169
p5526,e553
p34,e832
p4039,e415
p8328,e525
p359,e679
p8712,e593
p812,e78
p1632,e127
p6098,e602
p4319,e95
p5935,e245
p2162,e143
p4206,e582
p6285,e307
p4465,e92
p6319,e8
p2816,e798
p6999,e836
p1582,e231
p1614,e55
p8987,e215
p1256,e177
p1818,e447
p550,e865
p2559,e180
p7151,e416
p8084,e742
p70,e110
p1755,e248
p7584,e602
p2974,e235
p7497,e679
p2827,e888
p4385,e573
p6884,e541
p856,e477
p9797,e920
p1130,e136
p3571,e186
p8076,e265
p3660,e930
p9879,e41
p2397,e792
p5973,e36
p1263,e351
p4041,e997
p1421,e745
p9281,e198
p219,e517
p347,e999
p2234,e622
p5714,e982
p8102,e341
p5050,e534
p286,e476
p2182,e494
p8190,e278
p4019,e372
p9492,e442
p5266,e849
p2756,e860
p9394,e87
p8378,e817
p6648,e532
p4962,e680
p9587,e236
p3992,e843
p6307,e852
p6937,e550
p4712,e342
p4492,e437
p6575,e501
p1686,e526
p7552,e738
p5253,e261
p3587,e991
p2646,e739
p591,e722
p7605,e875
p3662,e131
p7749,e659
p7704,e204
p4960,e620
p5834,e261
p4363,e498
p2378,e522
p1881,e316
p1473,e477
p4481,e910
p880,e14
p8992,e46
p9156,e310
p858,e755
p1909,e787
p1188,e701
p8911,e125
p1014,e298
p1570,e125
p9253,e948
p701,e613
p2010,e802
p346,e971
p7189,e670
p8970,e515
p6112,e48
p6662,e401
p3931,e75
p1671,e50
p5159,e569
p5007,e209
p8349,e799
p4589,e852
p2375,e832
p1638,e419
p5392,e280
p6104,e406
p4848,e256
p3232,e50
p8407,e83
p7186,e249
p2633,e575
p8875,e71
p6579,e360
p4909,e191
p9973,e68
p4955,e812
p5808,e409
p4429,e898
p1493,e516
p2105,e496
p9776,e701
p4179,e822
p9612,e682
p7883,e558
p1656,e573
p2747,e884
p7823,e211
p2386,e190
p2214,e870
p8443,e215
p6154,e53
p2950,e90
p3744,e286
p9218,e758
p7916,e5
p4521,e971
p9570,e930
p4568,e602
p2671,e512
p5192,e577
p6856,e898
p6206,e970
p2506,e256
p4423,e937
p1073,e900
p9608,e689
p3792,e19
p586,e215
p702,e732
p6988,e627
p4365,e825
p759,e208
p9864,e168
p9645,e938
p959,e792
p118,e891
p2953,e456
p3408,e317
p497,e274
p3865,e765
p6766,e932
p2129,e991
p6784,e999
p9402,e483
p2445,e826
p1859,e36
p6087,e692
p2235,e25
p230,e931
p6516,e507
p7847,e89
p1391,e523
p3134,e396
p6007,e417
p3956,e179
p9036,e178
p9714,e947
p6805,e795
p3756,e478
p4948,e794
p2922,e808
p6533,e3
p5213,e966
p5302,e149
p4077,e94
p1187,e389
p6560,e107
p6227,e373
p4712,e687
p4237,e6
p336,e667
p5603,e929
p8048,e657
p8262,e548
p2201,e850
p5709,e445
p1829,e436
p6424,e78
p2238,e491
p7212,e718
p7257,e59
p564,e130
p4637,e971
p6898,e804
p1952,e162
p4200,e29
p1492,e870
p7786,e293
p1075,e85
p2069,e404
p2444,e179
p7969,e76
p4237,e373
p5482,e600
p3231,e55
p6759,e852
p9589,e669
p6467,e490
p9055,e732
p4052,e376
p4468,e205
p7745,e445
p8775,e171
p1017,e638
p5503,e357
p6317,e604
p6706,e880
p3601,e854
p485,e936
p5372,e303
p5261,e183
p7670,e938
p4529,e204
p6757,e398
p456,e688
p3954,e785
p8115,e457
p5186,e339
p2047,e68
p2095,e751
p1230,e825
p5887,e655
p6573,e221
p6377,e686
p9925,e437
p796,e748
p3717,e304
p959,e707
p8865,e207
p4416,e188
p6592,e434
p5256,e243
p4651,e910
p8215,e200
p9206,e849
p4781,e358
p4999,e235
p9638,e703
p3360,e965
p9071,e488
p9162,e721
p9309,e949
p2508,e720
p9347,e193
p6086,e165
p9210,e573
p6890,e550
p3395,e227
p7670,e56
p8439,e590
p783,e52
p4265,e11
p2214,e332
p3345,e933
p8487,e288
p7121,e684
p3854,e100
p2332,e319
p4346,e592
p4714,e566
p5789,e485
p5501,e792
p9987,e246
p2769,e372
p7245,e195
p5751,e528
p4639,e786
p7600,e141
p5320,e104
p989,e884
p9430,e933
p8097,e335
p1321,e929
p760,e771
p9310,e113
p9873,e666
p2969,e828
p797,e111
p3309,e358
p8830,e810
p6778,e653
p5064,e133
p5261,e517
p7645,e668
p5208,e725
p3965,e318
p3616,e251
p404,e323
p7009,e923
p3502,e936
p2251,e771
p1677,e51
p7949,e577
p1531,e710
p4534,e34
p2118,e399
p1523,e113
p24,e469
p3806,e381
p6557,e835
p1220,e616
p802,e891
p4018,e472
p1880,e329
p1960,e6
p9509,e230
p5594,e49
p5198,e95
p589,e384
p6657,e818
p8835,e993
p9827,e989
p424,e698
p9046,e608
p1950,e133
p3685,e103
p2780,e370
p8089,e307
p537,e751
p7450,e717
p5828,e38
p4669,e220
p4507,e228
p2733,e890
p7445,e575
p9659,e505
p1064,e18
p4046,e551
p1814,e349
p8781,e206
p7943,e620
p9132,e932
p5215,e256
p5768,e35
p6873,e620
p6296,e74
p8257,e290
p5385,e765
p6980,e326
p8729,e461
p5146,e230
p2055,e259
p7569,e468
p7670,e258
p9272,e272
p2344,e346
p5310,e426
p2116,e794
p303,e50
p4640,e671
p6578,e442
p7908,e12
p3535,e612
p3645,e708
p8592,e50
p8522,e23
p7064,e380
p3207,e180
p851,e590
p8654,e331
p9593,e672
p2308,e970
p2892,e999
p6373,e231
p7274,e377
p5424,e724
p6524,e467
p8377,e817
p3558,e454
p1216,e157
p1320,e870
p4953,e815
p5798,e335
p3303,e183
p284,e411
p400,e968
p7211,e728
p5964,e513
p7273,e836
p7730,e486
p9527,e585
p3651,e966
p2844,e100
p5839,e160
p1046,e932
p7915,e949
p222,e350
p2286,e428
p2933,e225
p2977,e192
p4625,e290
p9207,e699
p8133,e847
p1878,e466
p3313,e775
p588,e925
p7425,e392
p5022,e814
p6149,e470
p872,e244
p1858,e757
p918,e156
p9169,e560
p7950,e554
p5639,e244
p1439,e130
p9,e866
p1418,e54
p8027,e928
p3237,e385
p5017,e339
p3747,e403
p4703,e819
p8237,e236
p1390,e334
p9251,e57
p9678,e263
p5960,e526
p9010,e143
p5268,e247
p9511,e396
p4370,e818
p6020,e284
p7495,e33
p8967,e983
p1124,e92
p2964,e486
p1403,e389
p1795,e526
p7837,e461
p8936,e913
p2770,e683
p3494,e870
p1443,e264
p1300,e530
p9722,e608
p4632,e770
p9263,e392
p8126,e591
p2530,e741
p3539,e624
p7135,e29
p3722,e756
p7161,e964
p2083,e888
p1886,e135
p5527,e753
p5672,e974
p7042,e394
p8886,e849
p9099,e640
p6255,e828
p7231,e329
p1147,e585
p466,e573
p6373,e824
p9960,e310
p1424,e183
p6072,e869
p3943,e860
p6804,e471
p2999,e669
p4465,e426
p7076,e831
p4652,e82
p6419,e312
p4663,e600
p7377,e882
p8170,e196
p5806,e820
p6070,e238
p2966,e477
p304,e721
p3574,e985
p8185,e781
p6030,e475
p9158,e644
p2048,e606
p2971,e634
p6674,e347
p5333,e330
p412,e101
p4558,e983
p4993,e258
p7221,e503
p9852,e868
p8273,e846
p813,e604
p6406,e212
p768,e813
p9814,e972
p2388,e880
p6363,e989
p3936,e979
p3538,e307
p8090,e836
p5409,e786
p5762,e360
p3360,e910
p6798,e78
p4540,e494
p321,e424
p1245,e983
p8414,e550
p383,e183
p3014,e477
p5413,e340
p4541,e506
p1972,e141
p5929,e194
p6596,e41
p8505,e255
p5863,e501
p155,e60
p4007,e790
p2717,e908
p3310,e222
p4038,e526
p867,e325
p5774,e247
p81,e678
p8992,e671
p1977,e299
p5992,e606
p4891,e76
p2067,e308
p5553,e24
p6560,e453
p8887,e314
p5134,e281
p5467,e340
p803,e295
p7278,e504
p4540,e838
p1476,e554
p3990,e24
p8971,e207
p7894,e478
p5039,e386
p2945,e320
p4536,e154
p8672,e414
p9319,e30
p2286,e709
p3418,e555
p2803,e509
p670,e778
p3823,e961
p224,e623
p942,e948
p8025,e917
p534,e918
p9657,e570
p2663,e220
p4590,e888
p6190,e463
p734,e362
p626,e862
p3541,e308
p8954,e207
p4360,e175
p7924,e948
p4788,e578
p199,e330
p7913,e64
p6929,e581
p8873,e401
p329,e616
p5446,e263
p3282,e687
p140,e180
p2417,e396
p3656,e726
p1406,e497
p2410,e652
p4057,e318
p1269,e609
p24,e708
p5010,e576
p6951,e808
p1318,e26
p581,e970
p140,e892
p533,e906
p6161,e523
p2797,e694
p3650,e5
p1612,e122
p1780,e830
p5519,e321
p3281,e82
p5641,e244
p9879,e926
p4535,e508
p9930,e376
p1270,e720
p8436,e146
p8440,e578
p2269,e262
p4571,e619
p4728,e201
p3879,e137
p446,e472
p1693,e636
p9066,e938
p2815,e257
p7035,e528
p220,e859
p6271,e449
p5458,e1
p3441,e962
p1488,e413
p8717,e408
p6717,e952
p6520,e976
p5229,e726
p2312,e306
p1543,e372
p5463,e4
p4055,e529
p680,e527
p3506,e899
p9761,e592
p1574,e354
p5755,e373
p4637,e823
p3185,e780
p2799,e509
p2875,e531
p4710,e955
p8371,e865
p5395,e921
p4683,e825
p9457,e466
p3494,e545
p7459,e316
p3438,e818
p146,e780
p7068,e208
p6674,e817
p8266,e786
p3152,e854
p1082,e988
p8231,e187
p567,e963
p6472,e450
p2138,e114
p8683,e29
p7537,e560
p1413,e131
p1437,e832
p5531,e802
p3821,e452
p634,e393
p1024,e285
p5181,e122
p3813,e447
p6904,e226
p9570,e251
p2785,e769
p2071,e915
p9998,e580
p6353,e417
p5899,e726
p7540,e315
p9611,e195
p5437,e551
p9789,e489
p7173,e56
p7633,e407
p6054,e310
p3310,e49
p8322,e884
p5575,e800
p6729,e319
p5018,e514
p5806,e925
p5454,e332
p6467,e69
p2897,e293
p3954,e577
p9344,e328
p3275,e608
p857,e344
p3803,e69
p2628,e942
p5918,e278
p7085,e200
p9470,e518
p5734,e623
p1936,e150
p6105,e571
p7991,e374
p5426,e31
p8303,e743
p8250,e460
p5144,e871
p9834,e541
p1988,e462
p7879,e271
p6743,e505
p8311,e169
p4099,e586
p1591,e756
p9914,e934
p1494,e452
p8189,e491
p9113,e200
p3766,e410
p5573,e882
p8751,e104
p2312,e228
p7841,e559
p2628,e617
p4696,e853
p3801,e699
p4025,e277
p9432,e678
p7108,e58
p8252,e280
p3817,e496
p8300,e344
p4724,e908
p5471,e143
p5004,e150
p2989,e438
p2352,e291
p5646,e772
p8771,e244
p6390,e292
p5606,e954
p4790,e492
p569,e971
p7919,e336
p3721,e473
p1910,e196
p6244,e309
p8129,e49
p6156,e329
p4251,e825
p5996,e48
p1530,e485
p9447,e977
p2716,e399
p5789,e56
p9860,e83
p6848,e589
p847,e957
p7503,e754
p6852,e416
p4008,e385
p8432,e994
p320,e370
p3735,e870
p4105,e100
p5212,e345
p105,e631
p3677,e561
p6960,e245
p9266,e799
p9427,e304
p4999,e899
p9552,e312
p9781,e705
p4536,e628
p8918,e881
p3698,e366
p1172,e316
p8801,e465
p3380,e472
p2202,e81
p2605,e972
p5932,e517
p7414,e177
p5824,e330
p3105,e257
p3926,e748
p4175,e790
p2728,e192
p9749,e921
p7247,e353
p3706,e80
p347,e409
p3694,e8
p1915,e508
p5091,e810
p9991,e454
p1692,e627
p6784,e802
p3409,e889
p8713,e101
p4472,e471
p5876,e654
p3060,e479
p5247,e558
p3760,e318
p1455,e856
p1915,e44
p2327,e765
p1498,e852
p4082,e438
p5701,e885
p597,e271
p5017,e291
p8106,e627
p9033,e967
p2771,e782
p1814,e546
p2207,e663
p5253,e574
p3050,e422
p296,e648
p7268,e516
p7582,e368
p4602,e217
p5951,e537
p2390,e421
p6178,e544
p5403,e932
p1804,e288
p9339,e457
p4480,e171
p467,e337
p5902,e213
p5919,e813
p3843,e16
p8883,e279
p14,e48
p9413,e491
p9580,e829
p1738,e762
p324,e758
p2409,e154
p9019,e556
p6934,e798
p8900,e988
p6775,e261
p2795,e249
p8714,e725
p6998,e101
p2583,e791
p643,e434
p4197,e336
p1517,e167
p336,e955
p3401,e199
p1884,e132
p1056,e714
p4519,e980
p6706,e344
p1441,e337
p6675,e256
p7835,e562
p5060,e891
p9493,e867
p7467,e531
p1934,e321
p9000,e370
p2269,e810
p5356,e382
p1222,e283
p8263,e765
p70,e679
p6003,e777
p7041,e137
p1624,e894
p2038,e561
p201,e731
p1933,e593
p6379,e312
p8673,e954
p5113,e345
p3451,e681
p7013,e200
p8194,e438
p5697,e115
p7163,e417
p5451,e783
p1490,e805
p7719,e306
p3664,e609
p6252,e756
p4761,e149
p1980,e624
p1431,e744
p8861,e446
p3456,e606
p3177,e442
p2843,e487
p3834,e512
p7539,e946
p8336,e723
p5079,e221
p5425,e37
p3974,e851
p3867,e316
p9635,e308
p7143,e291
p1491,e140
p3393,e822
p4727,e418
p8853,e32
p8105,e120
p7478,e133
p9916,e688
p9198,e378
p2160,e480
p5134,e429
p5162,e811
p4842,e284
p1509,e44
p6767,e614
p1663,e573
p4522,e674
p7774,e510
p1964,e988
p8707,e0
p3768,e779
p8542,e163
p2997,e306
p7077,e289
p33,e219
p584,e103
p9937,e848
p9150,e741
p6727,e833
p2773,e43
p1360,e755
p2105,e169
p4410,e429
p3112,e321
p5477,e216
p7446,e443
p1656,e832
p2969,e14
p4894,e778
p3626,e231
p5658,e282
p9944,e859
p2393,e678
p2361,e589
p1016,e572
p7398,e985
p6681,e98
p2751,e428
p9978,e882
p5646,e510
p9660,e959
p9039,e33
p9141,e995
p3718,e973
p6510,e98
p8190,e627
p879,e614
p6067,e888
p8926,e946
p1517,e30
p7759,e44
p3760,e886
p2047,e963
p7812,e469
p6077,e217
p4437,e775
p8355,e875
p4043,e277
p3653,e127
p3250,e453
p3419,e656
p5698,e237
p2663,e134
p4998,e522
p208,e610
p4184,e437
p8711,e885
p4013,e616
p4273,e519
p881,e202
p330,e631
p5934,e183
p2031,e325
p7477,e447
p5422,e892
p8377,e263
p1896,e201
p5697,e466
p7496,e592
p4972,e952
p2102,e533
p224,e291
p1105,e352
p196,e474
p8611,e268
p6156,e786
p7815,e243
p4021,e432
p7057,e587
p5408,e396
p1333,e419
p3796,e39
p1634,e664
p9966,e514
p5780,e816
p7434,e127
p231,e931
p487,e95
p1819,e982
p4848,e12
p6343,e69
p4995,e389
p4767,e684
p6010,e738
p3836,e50
p2098,e508
p2198,e80
p706,e163
p3886,e925
p1410,e791
p7304,e206
p2242,e609
p339,e919
p8261,e374
p7853,e153
p7301,e61
p6696,e43
p4765,e6
p8147,e404
p2788,e784
p8917,e355
p8243,e53
p1709,e800
p406,e565
p8715,e749
p6222,e779
p5887,e169
p5136,e258
p1975,e3
p7755,e962
p4460,e253
p2477,e4
p8882,e37
p6622,e881
p2357,e256
p856,e848
p1514,e301
p169,e22
p7198,e631
p4435,e902
p4196,e345
p3048,e686
p3145,e409
p692,e471
p9226,e873
p3501,e946
p5132,e257
p4895,e823
p523,e882
p3456,e336
p5038,e150
p577,e584
p6689,e26
p619,e649
p9611,e447
p4133,e681
p2123,e264
p5069,e147
p5745,e120
p2447,e326
p8203,e895
p1091,e786
p1470,e268
p2136,e132
p9681,e57
p6451,e295
p6463,e487
p5786,e960
p4373,e997
p4684,e807
p3738,e223
p610,e578
p1988,e41
p149,e243
p2583,e152
p4302,e501
p5618,e389
p3154,e487
p9473,e331
p7631,e873
p649,e657
p574,e373
p708,e310
p2840,e570
p2901,e409
p7220,e899
p7737,e404
p9289,e852
p6425,e487
p1862,e637
p6032,e643
p2816,e912
p217,e724
p2591,e96
p8843,e839
p228,e487
p7120,e943
p6567,e458
p222,e899
p586,e879
p8251,e86
p5227,e204
p1750,e771
p2782,e233
p8239,e628
p2241,e368
p5371,e311
p1193,e225
p525,e659
p4654,e768
p2036,e676
p5159,e519
p7991,e924
p2020,e584
p1560,e67
p5065,e695
p9324,e829
p1516,e996
p5439,e758
p3624,e136
p4805,e454
p6643,e154
p2851,e155
p793,e7
p2269,e774
p9803,e547
p1985,e192
p9551,e426
p7749,e796
p1573,e848
p9298,e479
p7049,e736
p7165,e891
p5684,e19
p834,e648
p6193,e802
p9487,e848
p1805,e637
p9655,e380
p1556,e486
p7528,e916
p2162,e114
p289,e531
p4274,e769
p5599,e460
p9556,e825
p2929,e999
p8543,e420
p446,e234
p5133,e927
p4376,e1
p142,e943
p5977,e528
p315,e466
p3773,e330
p3091,e341
p7613,e903
p5887,e851
p1795,e751
p2582,e953
p3437,e560
p15,e368
p3172,e39
p973,e234
p141,e463
p7994,e818
p6850,e85
p9800,e640
p5217,e698
p6085,e637
p9388,e89
p329,e168
p3094,e48
p993,e422
p7882,e258
p8260,e672
p1273,e747
p1472,e222
p4904,e483
p2275,e861
p4034,e104
p5788,e217
p621,e20
p5273,e151
p790,e457
p2458,e690
p180,e332
p7947,e97
p3230,e739
p1067,e664
p1467,e586
p1414,e211
p1704,e866
p8712,e968
p7018,e851
p6330,e103
p1553,e484
p8673,e880
p4505,e679
p575,e966
p8535,e660
p6174,e467
p303,e575
p6782,e256
p7507,e512
p9348,e443
p2193,e345
p4002,e893
p6490,e194
p8787,e717
p4183,e257
p8947,e782
p4864,e21
p8766,e162
p5583,e270
p3504,e25
p6103,e250
p2825,e803
p9287,e600
p5066,e559
p6335,e262
p2796,e415
p8558,e304
p6789,e771
p7148,e497
p7990,e535
p3320,e873
p3981,e499
p8858,e709
p492,e284
p9396,e650
p6662,e583
p459,e606
p3013,e435
p3016,e192
p3988,e939
p8303,e13
p367,e394
p6280,e188
p468,e411
p7323,e46
p2116,e795
p2740,e532
p7111,e539
p7578,e457
p4142,e54
p581,e243
p930,e812
p7892,e796
p3961,e326
p5454,e366
p9607,e682
p5685,e445
p5264,e538
p6270,e993
p1253,e826
p8773,e553
p2043,e728
p8188,e750
p6542,e871
p292,e509
p8192,e244
p1126,e149
p6420,e185
p438,e499
p5434,e450
p7759,e59
p5459,e661
p8562,e203
p752,e541
p1831,e77
p5007,e543
p6259,e81
p6320,e218
p9327,e39
p4837,e638
p4365,e729
p7696,e882
p6148,e710
p8665,e588
p2289,e458
p4047,e656
p2992,e620
p2905,e488
p4944,e544
p1564,e988
p8980,e347
p3178,e616
p1048,e852
p9500,e773
p4135,e799
p3462,e507
p6135,e996
p6646,e789
p3540,e695
p5713,e596
p2552,e439
p1918,e591
p3905,e280
p4081,e366
p1674,e35
p8620,e964
p5135,e243
p6824,e248
p3868,e585
p1025,e889
p7059,e406
p1007,e702
p3515,e388
p6777,e111
p7991,e415
p7409,e592
p4370,e463
p4756,e96
p6166,e901
p4297,e721
p9172,e85
p2491,e943
p8798,e934
p137,e634
p7131,e580
p4491,e758
p3400,e717
p5830,e733
p3517,e578
p9269,e307
p9278,e928
p6840,e609
p4679,e548
p5779,e578
p5531,e566
p4093,e73
p3134,e568
p1584,e712
p692,e156
p2345,e28
p5088,e824
p974,e560
p2442,e111
p5914,e166
p6284,e279
p3593,e294
p8030,e466
p9597,e297
p7875,e850
p1582,e664
p3370,e382
p94,e900
p1469,e100
p1353,e492
p4275,e106
p861,e357
p7718,e854
p9250,e888
p1422,e12
p8719,e980
p9182,e20
p7547,e278
p5222,e951
p9889,e611
p1853,e452
p7518,e484
p2152,e195
p9000,e875
p7555,e482
p8559,e130
p7159,e573
p7648,e674
p1812,e644
p432,e124
p3103,e719
p5304,e782
p8503,e867
p1635,e220
p64,e974
p1663,e278
p711,e961
p2774,e355
p7507,e984
p1366,e347
p2120,e278
p9826,e893
p3138,e874
p8014,e96
p3240,e483
p7003,e713
p7824,e936
p284,e472
p2351,e922
p3763,e869
p5763,e809
p8608,e481
p4549,e807
p8709,e631
p967,e247
p6525,e783
p7035,e823
p3002,e472
p7172,e506
p9796,e353
p6825,e147
p6912,e819
p6871,e845
p2686,e138
p1044,e130
p7351,e583
p4734,e108
p2356,e26
p8467,e106
p5502,e57
p9003,e319
p2601,e50
p9047,e688
p1710,e210
p4394,e44
p1076,e9
p9919,e881
p8304,e508
p4251,e589
p1093,e833
p3723,e479
p2138,e766
p7812,e772
p7461,e695
p2947,e17
p5496,e81
p864,e988
p546,e979
p946,e34
p8956,e20
p2018,e831
p6012,e380
p8198,e482
p7870,e223
p2276,e219
p1686,e30
p3513,e799
p5651,e639
p8616,e6
p1520,e335
p6324,e529
p8441,e185
p1038,e632
p5959,e401
p2908,e801
p7502,e976
p8741,e645
p9405,e323
p7298,e351
p578,e856
p17,e858
p5031,e782
p7032,e869
p8110,e344
p820,e186
p8581,e836
p3780,e584
p9313,e323
p5319,e161
p2058,e110
p1770,e942
p4409,e122
p6495,e633
p9750,e764
p3667,e334
p13,e655
p42,e319
p9688,e718
p9104,e882
p3704,e1
p2234,e464
p2375,e421
p5330,e518
p9869,e695
p2928,e874
p4657,e1
p6192,e814
p9190,e181
p7622,e566
p5111,e255
p6712,e89
p8357,e133
p8557,e405
p217,e892
p2197,e806
p158,e888
p5032,e167
p6533,e435
p6073,e433
p5226,e603
p8101,e635
p9422,e116
p2260,e369
p2356,e430
p9558,e192
p1243,e145
p1630,e920
p8051,e451
p3879,e932
p7996,e211
p3230,e192
p9622,e721
p6107,e663
p3587,e185
p9498,e616
p849,e991
p8332,e325
p7745,e717
p6218,e478
p8327,e601
p9089,e412
p1918,e430
p657,e114
p7764,e751
p2210,e100
p7925,e848
p9288,e519
p8036,e377
p4915,e566
p3702,e182
p1629,e815
p7537,e804
p7320,e347
p3831,e46
p6786,e755
p6606,e959
p8117,e426
p8586,e35
p1691,e913
p7759,e411
p3532,e907
p5311,e465
p2908,e95
p271,e915
p8054,e665
p5134,e343
p9465,e925
p5334,e636
p2393,e581
p6180,e49
p7674,e924
p4096,e56
p2599,e191
p6583,e704
p9668,e338
p3882,e982
p3598,e704
p6814,e352
p9529,e924
p584,e68
p8241,e615
p3101,e53
p9390,e42
p5860,e732
p2977,e340
p6725,e623
p7001,e861
p928,e677
p4300,e515
p9657,e471
p5409,e24
p6691,e916
p3553,e609
p9599,e117
p9369,e917
p1494,e913
p4549,e486
p3449,e950
p4869,e892
p6550,e694
p7204,e438
p704,e974
p4933,e319
p5574,e421
p1705,e86
p2759,e527
p8239,e729
p4099,e939
p8302,e167
p9370,e830
p6672,e979
p8373,e178
p5299,e555
p3172,e207
p6707,e563
p1978,e49
p9639,e134
p9512,e877
p6793,e189
p2159,e261
p2026,e437
p4530,e401
p9337,e13
p7729,e778
p8800,e756
p3969,e480
p2977,e533
p9253,e358
p2864,e573
p803,e619
p8206,e607
p5304,e925
p7595,e282
p7658,e31
p8151,e872
p8208,e267
p5175,e472
p2689,e954
p29,e346
p3211,e847
p5263,e272
p8729,e604
p6098,e981
p2779,e197
p4791,e90
p3391,e510
p5937,e813
p1890,e459
p555,e16
p7139,e214
p2982,e296
p1972,e123
p4455,e597
p1533,e540
p5004,e79
p9321,e895
p639,e167
p3159,e479
p7756,e304
p6933,e862
p7324,e228
p2755,e242
p666,e626
p9326,e435
p3905,e440
p8380,e459
p6254,e314
p6718,e11
p2474,e329
p6536,e467
p3533,e751
p4556,e39
p7905,e233
p5794,e207
p9228,e530
p6398,e703
p1594,e154
p165,e816
p7339,e131
p8586,e274
p2129,e377
p4095,e527
p5036,e616
p9316,e227
p492,e356
p3903,e946
p207,e651
p2300,e517
p218,e574
p5469,e32
p1001,e641
p8089,e22
p9985,e638
p4512,e101
p706,e17
p7910,e132
p955,e890
p2382,e484
p6660,e202
p1017,e913
p714,e666
p6112,e15
p8942,e650
p3395,e245
p8102,e938
p8237,e529
p307,e678
p7623,e991
p3836,e407
p7512,e624
p6940,e328
p5115,e398
p3370,e606
p2954,e992
p1242,e392
p9543,e38
p413,e960
p5547,e96
p6541,e613
p4924,e908
p9735,e308
p3094,e318
p6155,e933
p9402,e872
p3250,e466
p2831,e976
p5344,e361
p9324,e684
p64,e66
p1715,e623
p1334,e198
p2236,e287
p8927,e886
p5883,e340
p8174,e672
p9544,e612
p9196,e228
p5938,e151
p5554,e10
p4200,e837
p6573,e539
p9226,e85
p7641,e261
p6969,e590
p9581,e470
p5442,e92
p8569,e258
p2544,e617
p7285,e100
p5225,e248
p2360,e849
p4633,e198
p2416,e785
p8539,e426
p6155,e224
p9882,e252
p7473,e780
p4680,e702
p3912,e596
p6594,e34
p4859,e995
p9682,e764
p98,e243
p7514,e974
p4800,e687
p6057,e651
p1234,e449
p9060,e836
p1558,e749
p4759,e822
p6873,e589
p8458,e400
p7820,e722
p5625,e695
p5512,e798
p946,e622
p4894,e99
p8099,e119
p5833,e609
p321,e132
p7950,e406
p5944,e377
p500,e938
p3521,e783
p127,e218
p5268,e414
p6471,e171
p28,e206
p2291,e961
p3836,e588
p2784,e174
p7081,e265
p1541,e119
p160,e728
p759,e295
p1531,e412
p5124,e372
p9262,e926
p3156,e806
p8767,e380
p6065,e219
p8761,e941
p6448,e415
p425,e388
p6426,e20
p890,e226
p2946,e779
p7627,e92
p5762,e96
p9562,e772
p8860,e292
p8417,e231
p8314,e29
p6028,e575
p4622,e140
p2025,e537
p8611,e951
p1978,e924
p6913,e129
p6569,e746
p570,e908
p1556,e531
p4750,e845
p3439,e646
p6819,e235
p5044,e670
p5005,e291
p5613,e651
p1446,e107
p5200,e457
p1915,e160
p6168,e403
p2070,e68
p4187,e729
p6805,e24
p2091,e836
p1991,e400
p3536,e64
p9149,e931
p1439,e402
p8710,e785
p2008,e424
p2566,e241
p8420,e903
p4657,e735
p2348,e275
p6591,e376
p5833,e114
p5626,e930
p1554,e6
p5679,e796
p6453,e187
p483,e414
p2293,e873
p264,e737
p6861,e707
p1920,e780
p5413,e539
p6356,e539
p9403,e455
p4090,e347
p6714,e382
p2878,e949
p7205,e709
p3169,e960
p4950,e161
p5116,e133
p8266,e505
p5333,e638
p8182,e456
p3529,e820
p6067,e634
p4794,e254
p7615,e688
p4325,e510
p7128,e817
p6242,e640
p6041,e229
p6836,e337
p6169,e928
p716,e388
p1815,e504
p8112,e156
p1938,e139
p4394,e710
p8272,e32
p625,e475
p344,e405
p4267,e169
p7178,e216
p4235,e553
p9684,e346
p7261,e84
p4277,e193
p1409,e606
p5313,e136
p3259,e728
p5665,e989
p6038,e326
p7781,e11
p7657,e333
p962,e877
p2978,e484
p316,e359
p5951,e201
p7426,e671
p3179,e289
p6375,e204
p3393,e268
p6299,e812
p6946,e522
p6015,e576
p3764,e965
p2647,e9
p8477,e827
p3853,e546
p373,e997
p7301,e743
p3916,e126
p8569,e464
p4088,e232
p1443,e787
p6005,e233
p5665,e959
p2469,e524
p7011,e99
p2150,e7
p6109,e254
p3716,e531
p9931,e95
p5953,e224
p7002,e657
p4257,e211
p5359,e209
p3493,e934
p7960,e108
p7340,e127
p5481,e958
p880,e273
p5914,e92
p1942,e895
p3601,e21
p4363,e616
p3565,e35
p2319,e837
p7735,e497
p8139,e293
p4410,e697
p8978,e102
p8773,e711
p9161,e692
p5673,e412
p9685,e517
p7154,e751
p6892,e522
p4079,e41
p2262,e758
p5865,e635
p7568,e629
p2101,e599
p4060,e708
p1368,e786
p5942,e636
p3995,e769
p8503,e334
p2885,e852
p32,e778
p5821,e672
p6381,e852
p6416,e884
p6168,e116
p8147,e83
p9530,e847
p627,e808
p5816,e389
p9757,e7
p3201,e143
p8447,e277
p7448,e977
p1891,e254
p1700,e596
p7162,e439
p984,e935
p6839,e550
p8953,e831
p7113,e785
p4854,e62
p2076,e93
p3410,e653
p699,e157
p1674,e650
p3730,e515
p217,e876
p4099,e989
p1856,e527
p5762,e728
p6100,e246
p4579,e485
p6142,e321
p8827,e232
p342,e115
p5686,e953
p3898,e346
p5623,e23
p4119,e244
p8754,e89
p9305,e748
p7829,e279
p718,e467
p3984,e784
p2554,e704
p6520,e262
p4926,e603
p9660,e695
p3901,e811
p9667,e764
p5714,e283
p6115,e352
p4944,e91
p9492,e213
p1062,e174
p8496,e908
p3292,e652
p7886,e705
p4113,e72
p1360,e19
p4922,e387
p7282,e826
p1506,e656
p5054,e76
p8594,e591
p2555,e178
p4640,e617
p1840,e884
p1184,e40
p8141,e360
p5688,e533
p8912,e77
p6022,e824
p7782,e274
p6884,e397
p5172,e677
p7748,e715
p6860,e175
p7920,e27
p8848,e150
p7901,e950
p947,e722
p7698,e566
p1022,e325
p2555,e198
p7689,e79
p8587,e731
p7879,e609
p1048,e41
p3900,e6
p2778,e654
p5206,e209
p7676,e8
p2694,e777
p3343,e9
p3765,e676
p470,e712
p5565,e82
p9973,e165
p9179,e318
p1593,e572
p5676,e884
p8000,e651
p8828,e152
p2091,e910
p9852,e583
p532,e781
p932,e738
p3379,e141
p7110,e987
p9202,e349
p7411,e423
p1960,e744
p3233,e409
p3056,e196
p3700,e301
p3396,e607
p7293,e768
p4848,e630
p7195,e587
p751,e946
p569,e82
p9904,e850
p6107,e44
p1051,e369
p5991,e513
p4834,e751
p9863,e479
p390,e469
p7113,e6
p6621,e44
p7069,e618
p9835,e487
p6989,e267
p4482,e57
p6418,e295
p3992,e156
p5583,e108
p4037,e505
p812,e878
p423,e350
p8159,e173
p6087,e21
p8000,e134
p2467,e740
p446,e851
p5626,e409
p6625,e953
p3528,e669
p2480,e576
p6833,e163
p8530,e253
p4900,e818
p9831,e71
p1789,e498
p805,e182
p9005,e446
p1238,e692
p2954,e558
p4934,e34
p9243,e338
p6206,e932
p7739,e31
p3035,e376
p8534,e977
p3646,e675
p8754,e275
p9864,e96
p6625,e766
p2181,e8
p3265,e292
p515,e511
p8698,e275
p8028,e412
p1391,e872
p7021,e477
p8472,e582
p5737,e70
p4933,e326
p7556,e831
p7708,e254
p9048,e704
p7370,e693
p1362,e472
p3074,e335
p258,e52
p2768,e517
p8813,e438
p6042,e124
p4295,e209
p8893,e497
p7025,e869
p3341,e742
p9566,e538
p7245,e733
p5435,e948
p8911,e110
p5432,e155
p4201,e605
p7816,e724
p9167,e254
p5848,e715
p8429,e898
p8237,e343
p6722,e134
p3024,e751
p7101,e302
p3395,e310
p169,e397
p5671,e423
p7142,e733
p5696,e984
p5959,e210
p6370,e417
p4779,e22
p6505,e45
p3083,e802
p4357,e221
p8574,e119
p2448,e320
p5966,e151
p2088,e155
p5261,e366
p4970,e224
p3475,e562
p91,e692
p7437,e406
p353,e55
p9346,e782
p3087,e239
p5711,e572
p8528,e605
p9350,e384
p6629,e793
p56,e445
p6718,e95
p7442,e136
p1315,e264
p5890,e470
p7750,e887
p105,e39
p2227,e562
p4318,e154
p2246,e802
p1337,e746
p221,e393
p3818,e427
p1803,e51
p8299,e655
p5536,e922
p9747,e226
p9673,e399
p1256,e413
p4503,e784
p6126,e798
p3009,e27
p3903,e376
p8907,e167
p5139,e681
p2808,e594
p46,e126
p6244,e813
p8960,e596
p3879,e448
p260,e806
p4745,e63
p2301,e861
p2029,e213
p4225,e302
p3845,e265
p3058,e658
p838,e213
p4086,e415
p697,e551
p3835,e161
p7546,e264
p422,e443
p6471,e995
p983,e247
p6082,e739
p9579,e901
p4742,e797
p2854,e457
p336,e482
p6990,e631
p3646,e993
p718,e366
p3376,e123
p866,e888
p7348,e447
p1532,e615
p3897,e446
p7549,e534
p1302,e361
p1262,e257
p9907,e35
p6200,e694
p7351,e960
p8547,e432
p3016,e757
p8599,e774
p226,e637
p3258,e443
p4228,e726
p304,e933
p1934,e520
p7818,e807
p1904,e799
p4516,e514
p948,e3
p935,e395
p4594,e123
p5689,e514
p9147,e881
p9166,e398
p5405,e74
p5907,e651
p3145,e616
p6388,e321
p9306,e883
p2846,e866
p269,e104
p159,e472
p1737,e177
p454,e650
p1594,e264
p8248,e690
p6155,e418
p5694,e329
p2148,e889
p1568,e557
p4991,e143
p9137,e468
p4931,e509
p3908,e188
p8124,e320
p2908,e573
p9072,e282
p2751,e79
p8394,e209
p2005,e116
p8764,e73
p2616,e307
p4813,e939
p8574,e973
p112,e248
p3522,e989
p256,e288
p7871,e368
p9056,e29
p6639,e40
p8531,e54
p2304,e912
p3034,e615
p4722,e765
p1145,e597
p2059,e974
p2786,e474
p5792,e172
p2881,e62
p2438,e605
p1241,e367
p9170,e380
p2567,e401
p1136,e947
p4623,e219
p6026,e207
p689,e465
p3132,e741
p7698,e65
p2618,e660
p8485,e333
p2735,e458
p4019,e275
p2156,e908
p2108,e676
p7887,e883
p394,e179
p7510,e746
p8607,e605
p3961,e979
p8693,e60
p1599,e939
p6332,e920
p8233,e539
p6334,e517
p6178,e388
p8,e162
p5312,e267
p8183,e489
p6554,e450
p2824,e911
p1288,e920
p9885,e994
p3246,e659
p7356,e267
p8894,e204
p9566,e113
p7992,e245
p6473,e356
p6430,e206
p7082,e182
p718,e291
p3968,e569
p7232,e292
p9672,e326
p7605,e897
p3011,e346
p8928,e561
p7166,e421
p7029,e660
p8725,e333
p5981,e724
p8395,e413
p9484,e104
p2066,e410
p2939,e195
p4042,e13
p6113,e753
p9273,e286
p4255,e578
p7658,e651
p8306,e909
p492,e679
p7837,e306
p3642,e582
p1271,e56
p4608,e804
p5179,e325
p7449,e654
p2673,e300
p5861,e564
p291,e475
p8896,e942
p3616,e262
p6054,e67
p936,e750
p3103,e712
p4302,e439
p4498,e332
p1661,e341
p3972,e930
p6884,e925
p5698,e895
p7669,e128
p703,e413
p2484,e64
p9408,e881
p8758,e808
p5849,e418
p2624,e798
p5756,e964
p4933,e402
p9975,e336
p4107,e182
p7700,e155
p4534,e857
p5856,e670
p3365,e869
p3149,e312
p5051,e487
p7798,e480
p2170,e628
p407,e286
p3264,e647
p8665,e612
p8522,e390
p2791,e279
p8632,e793
p8034,e579
p4288,e89
p881,e236
p3126,e286
p2125,e644
p4235,e324
p92,e436
p1936,e478
p9939,e577
p3287,e226
p1310,e920
p801,e148
p1996,e531
p6502,e602
p2172,e99
p3692,e249
p1072,e988
p6080,e740
p9678,e542
p9885,e115
p2843,e597
p5237,e983
p5196,e590
p1345,e443
p4032,e68
p7766,e168
p3600,e977
p8517,e150
p829,e763
p2783,e403
p4774,e501
p6956,e732
p9384,e353
p8970,e767
p2279,e291
p2690,e909
p4142,e680
p8702,e724
p1864,e177
p9311,e947
p6676,e795
p2798,e868
p3845,e82
p1275,e70
p5963,e728
p1763,e464
p5630,e481
p1160,e111
p4815,e860
p9156,e963
p7066,e282
p7664,e76
p7853,e31
p1252,e693
p8725,e110
p7032,e573
p1024,e875
p8982,e688
p6536,e139
p5493,e5
p3584,e731
p8361,e447
p6520,e325
p4550,e507
p4998,e508
p8995,e19
p689,e751
p2924,e224
p1496,e855
p1764,e378
p8933,e516
p9924,e833
p3847,e478
p2520,e930
p80,e181
p7819,e186
p6230,e453
p4973,e658
p2552,e393
p3886,e769
p4786,e823
p8895,e49
p4421,e173
p9231,e759
p5550,e332
p74,e782
p1005,e240
p6695,e12
p9392,e423
p8940,e813
p1378,e847
p2379,e795
p3084,e476
p6446,e254
p5270,e923
p674,e635
p4359,e914
p5881,e264
p3597,e150
p3355,e515
p4003,e860
p198,e10
p6804,e331
p6055,e117
p4198,e630
p5777,e163
p349,e519
p9645,e942
p450,e700
p963,e421
p9818,e806
p145,e503
p3730,e655
p8096,e527
p6281,e850
p5814,e322
p6659,e746
p4445,e445
p3937,e635
p6639,e471
p9082,e707
p4019,e749
p4834,e361
p460,e484
p796,e605
p2931,e189
p148,e934
p6563,e578
p8882,e299
p2196,e54
p7904,e653
p7741,e758
p1538,e209
p1224,e511
p2739,e231
p6930,e980
p3999,e788
p5548,e790
p272,e159
p1395,e492
p7345,e369
p2102,e825
p3589,e543
p8823,e44
p9599,e5
p5294,e810
p6011,e681
p8533,e533
p2054,e13
p4548,e280
p2800,e126
p5158,e513
p2188,e148
p3032,e97
p1646,e6
p884,e828
p4950,e686
p4175,e579
p1788,e68
p4570,e203
p8524,e230
p8752,e124
p1231,e989
p7421,e738
p4132,e763
p3787,e579
p4752,e535
p5632,e449
p4926,e53
p7048,e58
p4186,e162
p7624,e861
p4176,e941
p4881,e750
p5158,e757
p2236,e744
p8879,e537
p7765,e355
p9740,e921
p7065,e455
p1511,e749
p1255,e598
p9760,e315
p2893,e490
p344,e351
p5974,e463
p9262,e46
p4874,e117
p6001,e919
p8807,e629
p3513,e935
p5338,e784
p9543,e411
p5551,e490
p1190,e272
p1451,e78
p7526,e754
p8581,e617
p434,e513
p9167,e326
p8122,e608
p9808,e794
p4100,e969
p6342,e526
p1599,e133
p7450,e840
p8727,e542
p3562,e355
p6643,e981
p9729,e390
p640,e361
p4953,e119
p1927,e952
p4211,e478
p6553,e595
p2512,e221
p3930,e224
p7919,e556
p2257,e702
p1502,e786
p3429,e705
p7366,e474
p5252,e189
p9610,e787
p7899,e198
p7978,e975
p2678,e338
p8159,e776
p7708,e117
p9868,e372
p5508,e149
p3183,e843
p3012,e77
p5202,e411
p3832,e546
p3520,e219
p6547,e864
p9014,e163
p4905,e721
p7056,e834
p6243,e887
p1410,e938
p2264,e924
p7339,e356
p6227,e52
p2766,e516
p905,e720
p5817,e437
p3552,e787
p7764,e289
p5038,e77
p211,e149
p7230,e392
p565,e193
p1137,e431
p7542,e117
p2759,e522
p4602,e304
p9506,e437
p720,e334
p2123,e98
p1363,e399
p9380,e618
p6404,e552
p6776,e822
p166,e869
p6122,e596
p6578,e24
p9125,e492
p6508,e988
p383,e949
p296,e100
p3005,e940
p3881,e102
p3351,e594
p3511,e641
p9355,e114
p9422,e194
p672,e92
p5637,e400
p7088,e890
p7001,e541
p172,e868
p3781,e650
p8994,e164
p8142,e874
p3535,e332
p1250,e463
p3377,e912
p542,e876
p8366,e191
p7418,e628
p6538,e966
p1693,e962
p2944,e961
p3205,e76
p2223,e204
p6843,e325
p8633,e818
p957,e519
p5283,e610
p3819,e212
p2435,e399
p6082,e696
p6137,e282
p2674,e820
p4149,e110
p2309,e320
p557,e807
p129,e870
p4694,e674
p8811,e469
p4425,e732
p4771,e891
p4583,e63
p4324,e956
p9554,e919
p7473,e233
p9238,e777
p4150,e624
p9238,e782
p9488,e312
p6244,e974
p1450,e607
p2091,e621
p431,e854
p7084,e299
p9890,e815
p9249,e549
p7201,e136
p6177,e432
p1140,e252
p2111,e573
p3274,e291
p6697,e123
p9541,e499
p7415,e740
p1931,e415
p9712,e921
p9013,e896
p3822,e942
p5004,e826
p2126,e892
p7171,e996
p6976,e895
p811,e844
p8772,e661
p4731,e459
p3652,e665
p2253,e152
p6728,e840
p1296,e1
p3895,e21
p8354,e110
p890,e488
p4969,e345
p5981,e867
p4950,e363
p2436,e942
p2309,e379
p311,e740
p8117,e345
p831,e794
p3465,e410
p577,e711
p7151,e632
p747,e32
p6719,e949
p1595,e867
p2468,e115
p7505,e560
p3579,e5
p9274,e832
p9689,e364
p5400,e481
p2048,e960
p9731,e348
p2436,e724
p1590,e645
p1673,e302
p5983,e851
p8575,e220
p2619,e172
p4020,e364
p5878,e880
p9989,e869
p1259,e863
p2378,e532
p5434,e184
p4331,e466
p1305,e723
p9080,e465
p7556,e805
p1672,e792
p8272,e799
p6414,e228
p582,e562
p9003,e410
p8281,e747
p9522,e850
p4493,e209
p7734,e600
p618,e350
p2790,e864
p5354,e530
p886,e725
p3292,e150
p8179,e440
p919,e637
p9089,e216
p5677,e474
p3810,e466
p7755,e831
p9879,e11
p1735,e36
p3666,e1
p4995,e6
p4006,e772
p6623,e492
p5889,e42
p3416,e929
p7985,e339
p2986,e774
p466,e419
p5963,e599
p1560,e940
p6583,e337
p1061,e593
p192,e864
p9017,e974
p1637,e254
p4976,e51
p9946,e584
p3531,e948
p5996,e643
p9363,e52
p2908,e72
p6458,e825
p3789,e570
p4733,e606
p644,e864
p2175,e136
p158,e114
p5015,e177
p3954,e628
p3454,e508
p6144,e318
p7613,e333
p25,e729
p5409,e56
p1866,e723
p5303,e747
p4426,e915
p1078,e973
p4582,e367
p4619,e672
p4346,e76
p998,e818
p9943,e757
p1759,e894
p9977,e965
p9749,e856
p5751,e716
p3573,e944
p982,e201
p9971,e122
p4119,e800
p1630,e457
p8360,e309
p6990,e702
p3631,e453
p1710,e750
p4205,e756
p8306,e519
p1793,e807
p2412,e589
p4669,e176
p8680,e654
p9318,e694
p3700,e284
p903,e378
p3488,e729
p9424,e928
p5788,e197
p6861,e593
p9964,e608
p1732,e912
p4320,e335
p4773,e280
p6905,e59
p1134,e699
p4846,e867
p5052,e961
p72,e615
p126,e894
p9584,e956
p8691,e615
p6709,e834
p6058,e659
p7167,e550
p4603,e70
p2036,e764
p363,e876
p4767,e76
p3920,e765
p8255,e361
p529,e826
p4981,e382
p9618,e824
p3408,e958
p9711,e829
p7097,e393
p3759,e150
p4585,e525
p3689,e124
p8765,e695
p4314,e674
p6077,e233
p4469,e841
p638,e852
p295,e231
p9891,e110
p4103,e349
p8764,e806
p3658,e845
p231,e996
p6130,e509
p8036,e29
p1434,e320
p9,e328
p550,e301
p6617,e618
p2767,e337
p5173,e972
p6013,e915
p375,e897
p7266,e741
p1410,e835
p4298,e948
p9658,e765
p6607,e462
p4609,e562
p5590,e666
p8768,e959
p7228,e70
p4512,e950
p2588,e993
p9734,e999
p5998,e877
p819,e81
p8679,e998
p3303,e811
p2137,e487
p4848,e372
p9863,e450
p9619,e490
p152,e132
p6556,e110
p6012,e823
p9187,e460
p5074,e997
p9107,e162
p2663,e451
p56,e171
p7941,e180
p9252,e967
p920,e123
p5281,e597
p639,e232
p2689,e534
p52,e540
p2993,e121
p3674,e645
p4724,e991
p4997,e989
p5153,e616
p2644,e817
p9010,e279
p9830,e745
p9869,e537
p6622,e747
p886,e117
p5609,e241
p250,e495
p2330,e20
p1350,e271
p3217,e772
p8830,e647
p3498,e111
p6430,e881
p5938,e432
p4636,e556
p1970,e281
p5134,e87
p4849,e628
p9227,e706
p6254,e659
p4029,e27
p8984,e72
p776,e271
p698,e501
p8885,e861
p648,e642
p9634,e679
p4807,e800
p2977,e887
p1672,e111
p9284,e581
p5142,e38
p5271,e905
p879,e617
p874,e70
p6161,e665
p2938,e394
p1128,e142
p1510,e700
p9845,e397
p8131,e396
p9071,e240
p1289,e142
p9105,e886
p597,e180
p2933,e745
p5005,e187
p8690,e836
p7438,e206
p5041,e574
p1183,e205
p8290,e436
p9372,e198
p9262,e935
p8268,e865
p4183,e873
p9328,e335
p5234,e95
p2513,e524
p1340,e788
p4036,e21
p4049,e458
p9473,e995
p5748,e990
p5746,e412
p5796,e427
p9317,e373
p2233,e697
p2237,e778
p2018,e768
p9652,e592
p5095,e731
p3221,e511
p751,e120
p8115,e98
p9163,e158
p6555,e392
p5955,e175
p2334,e355
p1334,e296
p2226,e989
p5272,e158
p4882,e771
p4180,e827
p6058,e867
p1109,e619
p4008,e913
p7981,e393
p5084,e638
p9141,e574
p3863,e378
p2053,e660
p975,e533
p2528,e803
p5002,e242
p1972,e158
p9788,e556
p2651,e324
p6627,e316
p7716,e478
p4969,e242
p4328,e128
p6302,e418
p3157,e775
p1905,e368
p980,e180
p5765,e27
p4857,e455
p7808,e860
p1975,e682
p6656,e327
p6564,e999
p9093,e57
p4981,e480
p5376,e128
p1462,e425
p938,e313
p9226,e347
p9353,e845
p2630,e711
p8062,e453
p5063,e381
p7009,e685
p5705,e787
p8841,e538
p2329,e882
p4511,e17
p7960,e684
p2929,e195
p7622,e102
p8003,e79
p2649,e241
p4533,e761
p4901,e197
p9570,e617
p4538,e894
p52,e446
p6132,e717
p8823,e325
p4698,e589
p8086,e599
p7403,e323
p5418,e684
p8655,e378
p1173,e22
p56,e391
p9162,e226
p8847,e715
p3137,e894
p7715,e400
p1225,e324
p5114,e864
p7605,e28
p3148,e573
p8317,e905
p832,e681
p5236,e184
p6369,e667
p1458,e711
p2888,e318
p596,e17
p5814,e458
p1693,e936
p6370,e139
p613,e530
p7899,e228
p4808,e125
p9090,e277
p3395,e641
p5335,e768
p9594,e410
p6955,e1
p4262,e487
p7992,e709
p8266,e269
p1971,e512
p4464,e871
p7568,e658
p8503,e110
p6920,e971
p414,e835
p4453,e783
p5489,e446
p7299,e109
p8700,e839
p1625,e587
p9042,e537
p3211,e986
p7050,e673
p9595,e649
p1178,e961
p3496,e154
p5065,e652
p7669,e396
p7049,e668
p5385,e883
p2549,e220
p3486,e590
p6517,e575
p5280,e446
p3767,e618
p3053,e467
p9950,e204
p8102,e925
p9194,e303
p641,e424
p6034,e34
p5765,e761
p7994,e480
p9100,e636
p8909,e207
p2369,e356
p99,e363
p6656,e732
p564,e250
p7758,e913
p1994,e332
p8139,e153
p9214,e651
p7505,e427
p1943,e810
p1644,e460
p6136,e699
p9530,e470
p3185,e783
p8207,e855
p1921,e293
p6572,e176
p6362,e942
p588,e487
p3707,e444
p9545,e77
p6307,e810
p4507,e770
p4118,e191
p408,e548
p1236,e451
p4765,e449
p9619,e181
p5309,e658
p2314,e431
p1277,e445
p3170,e140
p8555,e952
p1389,e398
p8539,e654
p3991,e284
p4771,e439
p1799,e466
p5399,e251
p8417,e595
p2124,e682
p2633,e401
p3781,e192
p763,e133
p7810,e320
p3233,e241
p3298,e786
p5477,e671
p1000,e861
p4728,e535
p3466,e215
p940,e576
p4906,e91
p5109,e988
p1993,e184
p8243,e864
p8574,e23
p7197,e388
p3871,e898
p8860,e778
p4194,e349
p1291,e768
p6396,e691
p4599,e120
p2689,e421
p8471,e371
p7390,e753
p7588,e301
p7715,e478
p6254,e261
p647,e839
p8327,e895
p8904,e300
p9994,e593
p5737,e770
p958,e922
p1317,e389
p2110,e39
p1595,e386
p3636,e639
p1533,e28
p4344,e458
p8654,e245
p7159,e489
p3374,e306
p3619,e631
p887,e428
p7017,e299
p1037,e784
p2193,e237
p538,e931
p7681,e949
p2804,e355
p9069,e745
p4433,e394
p3512,e640
p8579,e463
p7096,e751
p8581,e673
p2962,e579
p9381,e554
p6841,e641
p870,e602
p3307,e840
p6764,e795
p8496,e818
p3155,e515
p5618,e634
p8460,e150
p8172,e279
p9192,e369
p5702,e464
p4300,e542
p8096,e329
p3766,e286
p9282,e764
p7315,e406
p4155,e341
p1912,e540
p5825,e180
p4062,e686
p2803,e290
p2599,e419
p830,e555
p6996,e235
p2186,e793
p5960,e773
p4759,e818
p9085,e320
p1108,e279
p3301,e980
p2269,e282
p5037,e74
p2777,e963
p2579,e61
p1688,e523
p4058,e646
p9469,e431
p4810,e808
p8201,e568
p4272,e919
p5416,e202
p1005,e360
p8294,e14
p269,e278
p1778,e554
p8999,e745
p1817,e573
p5133,e252
p5347,e259
p429,e100
p7856,e922
p7519,e298
p5693,e11
p311,e753
p7117,e83
p5456,e17
p8796,e557
p192,e274
p3813,e604
p9811,e344
p594,e801
p658,e692
p6119,e793
p3669,e623
p5571,e533
p3922,e587
p5149,e443
p219,e470
p647,e358
p1908,e149
p644,e233
p9553,e76
p7405,e825
p1577,e784
p9175,e139
p8322,e765
p1920,e571
p8935,e490
p9393,e366
p4568,e608
p7043,e137
p4655,e428
p8482,e302
p5715,e117
p8276,e442
p5671,e559
p9966,e779
p9663,e368
p5187,e615
p1791,e878
p4759,e891
p5828,e821
p5949,e680
p6508,e853
p3379,e253
p4973,e61
p3077,e948
p7777,e998
p2474,e373
p3308,e873
p9991,e959
p4002,e646
p6117,e176
p7418,e355
p9707,e389
p4543,e88
p2837,e221
p1282,e444
p3175,e622
p6380,e895
p9977,e529
p5958,e669
p7765,e162
p7390,e630
p4604,e719
p5277,e922
p2717,e806
p483,e340
p9644,e373
p7965,e645
p1704,e711
p8279,e899
p188,e972
p8862,e952
p417,e626
p7072,e258
p492,e158
p9344,e532
p1110,e561
p6811,e434
p3300,e748
p2810,e975
p5770,e846
p9081,e424
p7308,e739
p6155,e800
p5468,e909
p7307,e96
p8230,e67
p714,e938
p8022,e730
p4505,e560
p4334,e93
p3562,e464
p1063,e101
p2651,e872
p6386,e449
p1770,e178
p4131,e585
p7746,e987
p5145,e686
p3141,e726
p3712,e101
p920,e291
p5114,e993
p9079,e696
p4045,e515
p1682,e585
p8383,e479
p2187,e62
p7713,e483
p4456,e560
p3815,e684
p571,e585
p8430,e309
p4989,e256
p974,e93
p6449,e977
p4449,e903
p663,e482
p598,e250
p4643,e161
p1836,e380
p3716,e334
p2098,e933
p1737,e670
p9525,e193
p5993,e277
p2324,e820
p9938,e280
p7282,e13
p3274,e278
p1428,e490
p8522,e752
p9253,e721
p4547,e661
p250,e248
p3615,e836
p1922,e230
p1491,e776
p5213,e337
p9311,e965
p9262,e497
p9710,e175
p650,e6
p7795,e816
p2353,e624
p5038,e259
p1936,e521
p1882,e287
p8608,e235
p953,e427
p7122,e439
p5928,e321
p4371,e246
p2274,e241
p8216,e67
p7661,e355
p8188,e179
p6840,e478
p8999,e645
p6184,e815
p8211,e35
p7268,e618
p9550,e641
p9730,e835
p1946,e153
p6591,e381
p5619,e195
p5678,e114
p2038,e873
p3225,e781
p8427,e588
p1700,e180
p4427,e681
p1423,e47
p1602,e199
p2499,e967
p5428,e184
p6619,e231
p225,e242
p9441,e396
p6549,e947
p3997,e154
p7633,e784
p4686,e976
p9702,e808
p2946,e426
p5665,e86
p8929,e590
p6381,e628
p8878,e960
p1576,e463
p7775,e312
p7823,e711
p6156,e880
p729,e44
p9328,e584
p5143,e895
p5722,e751
p9026,e988
p7437,e506
p1314,e575
p4188,e835
p8425,e287
p7629,e797
p295,e34
p2089,e917
p7620,e26
p9875,e306
p4706,e357
p7846,e327
p4599,e102
p8090,e273
p4571,e428
p4006,e552
p8478,e293
p110,e159
p6043,e641
p5963,e223
p5210,e403
p4124,e22
p259,e629
p4739,e951
p6107,e685
p2974,e151
p3124,e243
p1020,e488
p4887,e37
p6437,e541
p2355,e914
p2289,e645
p6638,e963
p9879,e495
p3096,e862
p4660,e558
p355,e718
p161,e402
p7180,e541
p7885,e203
p78,e696
p1741,e472
p2274,e241
p1742,e815
p3522,e772
p6517,e147
p70,e321
p2918,e277
p8306,e252
p131,e474
p6963,e585
p6806,e993
p4612,e989
p4712,e764
p4858,e843
p3792,e987
p1379,e710
p8026,e866
p4674,e937
p1915,e989
p6362,e151
p5597,e866
p8205,e76
p4231,e287
p3759,e480
p8481,e369
p7206,e875
p3818,e489
p2104,e528
p9664,e544
p6890,e805
p4137,e503
p2129,e103
p3481,e393
p5321,e216
p2303,e260
p4235,e308
p4985,e628
p2304,e437
p8605,e208
p8888,e479
p8944,e980
p5616,e250
p1313,e824
p7647,e662
p6298,e104
p1521,e250
p431,e508
p3386,e996
p9062,e945
p5240,e707
p3010,e368
p4099,e902
p6876,e497
p1938,e579
p6884,e179
p7524,e989
p4416,e73
p7311,e559
p4768,e972
p3685,e178
p3823,e230
p3075,e587
p1223,e312
p8170,e982
p6792,e359
p2943,e751
p9921,e837
p6568,e442
p6808,e667
p8171,e59
p8327,e450
p2912,e249
p6997,e725
p5790,e276
p9087,e528
p7628,e967
p8351,e508
p1623,e246
p1446,e710
p6344,e980
p4151,e526
p8531,e484
p1267,e373
p9286,e261
p4704,e5
p1229,e275
p4403,e979
p6401,e214
p8144,e425
p1921,e176
p5677,e565
p9367,e418
p9328,e941
p6583,e55
p6364,e689
p8623,e979
p1268,e838
p9948,e779
p9995,e890
p4857,e349
p9185,e914
p4193,e401
p4067,e193
p9831,e522
p20,e373
p6469,e913
p5027,e951
p4128,e837
p2981,e525
p5556,e10
p9266,e151
p9790,e553
p7758,e179
p4119,e985
p2115,e583
p1440,e549
p478,e760
p7886,e563
p161,e974
p2420,e507
p3769,e218
p6862,e763
p1757,e626
p6150,e68
p2337,e483
p81,e233
p1144,e18
p2393,e166
p3826,e735
p5313,e466
p3006,e461
p2438,e276
p3035,e425
p8002,e205
p4398,e567
p8136,e228
p8932,e767
p3031,e306
p213,e953
p8785,e752
p121,e73
p2705,e277
p6171,e606
p1943,e110
p130,e265
p5804,e778
p7946,e242
p3067,e239
p7675,e613
p2165,e687
p6402,e71
p8503,e570
p3819,e223
p4956,e598
p2555,e76
p6285,e995
p6859,e334
p6791,e775
p2064,e484
p3697,e428
p7523,e511
p8618,e323
p4592,e316
p3625,e898
p6645,e398
p498,e580
p7762,e326
p2246,e130
p3001,e629
p7288,e563
p2048,e758
p3013,e403
p5113,e961
p9991,e72
p8941,e474
p9768,e934
p326,e987
p1364,e885
p6745,e486
p3877,e754
p5399,e309
p7936,e97
p813,e560
p2036,e884
p2931,e739
p8788,e806
p2339,e868
p1135,e582
p5242,e23
p7887,e573
p612,e762
p9962,e356
p8699,e430
p7552,e560
p6748,e31
p2689,e565
p979,e783
p4280,e905
p1240,e446
p3809,e46
p4027,e383
p4313,e803
p2088,e460
p8201,e251
p6715,e748
p5868,e566
p9160,e669
p4545,e707
p6013,e112
p2282,e273
p9435,e598
p6115,e586
p5473,e979
p5778,e6
p2015,e719
p7733,e631
p5797,e952
p7771,e321
p3285,e753
p2606,e763
p3452,e569
p263,e258
p5628,e530
p3077,e235
p3071,e991
p754,e719
p5374,e588
p4114,e691
p2976,e945
p9467,e237
p8484,e283
p1739,e915
p656,e457
p3435,e949
p9520,e225
p3839,e829
p4636,e413
p4854,e258
p9896,e525
p2877,e840
p777,e331
p9549,e799
p2798,e133
p5257,e0
p554,e537
p4976,e260
p5289,e656
p8604,e827
p976,e470
p2325,e414
p727,e716
p4591,e336
p2741,e651
p1854,e156
p7049,e216
p3425,e556
p8416,e797
p9139,e828
p82,e722
p7743,e779
p8099,e448
p5665,e369
p4551,e519
p7760,e141
p4896,e898
p7872,e236
p6614,e332
p3088,e933
p6662,e708
p2605,e339
p512,e281
p7184,e61
p3404,e688
p8597,e812
p3657,e539
p929,e79
p9816,e241
p4815,e620
p6911,e345
p6712,e996
p1666,e365
p2563,e704
p2877,e771
p6729,e423
p854,e977
p5495,e919
p5234,e337
p2839,e237
p2299,e380
p3509,e320
p313,e171
p1803,e113
p6533,e987
p4499,e69
p8562,e549
p9633,e138
p8525,e792
p5228,e396
p7001,e616
p4503,e904
p9645,e40
p8618,e376
p8703,e482
p9843,e747
p9578,e461
p8970,e612
p7078,e202
p8613,e699
p3765,e242
p8069,e247
p8166,e946
p3587,e470
p9509,e283
p5945,e669
p3970,e735
p561,e992
p4829,e627
p2229,e341
p2258,e678
p9936,e559
p369,e940
p572,e860
p17,e866
p9393,e214
p6048,e338
p5691,e192
p9069,e757
p8641,e613
p3449,e945
p7843,e927
p3735,e58
p1201,e36
p5297,e712
p7681,e429
p877,e761
p385,e228
p705,e380
p7086,e170
p3456,e802
p5223,e977
p2955,e485
p9658,e831
p9507,e114
p5519,e869
p5837,e408
p6410,e123
p5199,e850
p4008,e879
p3856,e590
p7823,e715
p8655,e574
p3536,e811
p6067,e151
p6921,e505
p2755,e75
p7725,e837
p4583,e214
p2179,e945
p1774,e686
p9914,e85
p7092,e307
p9407,e571
p2413,e220
p4335,e967
p3383,e895
p8741,e144
p5731,e925
p3728,e538
p219,e747
p7063,e418
p7185,e229
p2634,e323
p6843,e634
p2665,e377
p3706,e564
p2880,e115
p4646,e211
p4307,e561
p3711,e245
p9990,e953
p2419,e708
p961,e327
p8153,e913
p113,e93
p1165,e687
p8769,e805
p9336,e506
p9898,e973
p7098,e398
p2840,e255
p2917,e659
p4072,e523
p9761,e369
p1159,e535
p8387,e206
p1773,e752
p5694,e727
p5826,e119
p6549,e39
p8332,e776
p5469,e367
p7565,e446
p7545,e303
p1634,e38
p4866,e463
p2634,e275
p8994,e360
p8597,e674
p2246,e791
p4220,e709
p5291,e978
p3592,e719
p224,e615
p2064,e451
p9658,e363
p8168,e629
p8551,e248
p2657,e220
p5110,e758
p9625,e384
p6847,e865
p8562,e957
p2900,e499
p254,e694
p8167,e262
p6626,e29
p5041,e574
p5306,e508
p8159,e759
p1126,e206
p1827,e866
p1295,e646
p290,e546
p2018,e745
p8022,e637
p4841,e640
p6967,e124
p9422,e343
p1934,e508
p7618,e244
p2575,e740
p6886,e783
p9546,e244
p4949,e26
p5153,e336
p6328,e748
p873,e570
p5495,e588
p7809,e48
p2136,e868
p5196,e501
p2860,e724
p3763,e436
p8340,e964
p9421,e652
p9600,e883
p9127,e314
p2168,e708
p2402,e145
p3998,e801
p3703,e395
p8648,e459
p4456,e820
p3826,e970
p3287,e196
p3667,e325
p7635,e664
p469,e252
p7063,e681
p5587,e307
p2478,e261
p6548,e552
p1570,e360
p2515,e106
p6039,e111
p3549,e637
p310,e897
p8189,e890
p3678,e587
p9489,e163
p4005,e916
p5657,e857
p6478,e691
p1833,e240
p1413,e435
p7240,e457
p8599,e639
p9642,e36
p4937,e606
p7244,e696
p6507,e605
p7290,e177
p5850,e799
p8680,e443
p4524,e308
p7116,e364
p406,e583
p9811,e695
p5231,e466
p5801,e758
p8814,e750
p9936,e91
p3938,e369
p2236,e59
p7314,e286
p6827,e348
p8769,e737
p2848,e241
p8281,e841
p927,e398
p6042,e551
p1460,e390
p4177,e153
p8120,e683
p7072,e167
p2462,e260
p4137,e888
p650,e211
p5610,e527
p6224,e121
p3583,e493
p1215,e190
p2578,e369
p7403,e212
p7401,e697
p1947,e511
p4316,e459
p9558,e315
p8086,e525
p313,e544
p5329,e350
p1792,e322
p9922,e709
p5302,e130
p3270,e526
p6222,e430
p9430,e315
p9873,e352
p1833,e103
p5691,e256
p6366,e772
p1816,e228
p225,e196
p1606,e735
p8237,e738
p942,e289
p5420,e538
p7826,e185
p6680,e548
p4236,e194
p3494,e777
p9548,e485
p4193,e184
p8996,e424
p7713,e600
p3021,e490
p9456,e848
p3567,e268
p6889,e594
p5119,e732
p3542,e488
p5471,e884
p6807,e149
p3207,e991
p2101,e671
p8739,e716
p3539,e783
p4270,e69
p1011,e153
p520,e673
p9117,e194
p437,e98
p7937,e936
p3602,e780
p5550,e18
p3685,e554
p655,e773
p6553,e596
p7942,e833
p347,e817
p9148,e107
p134,e654
p1924,e649
p9195,e850
p177,e434
p1168,e17
p7593,e53
p8031,e957
p1084,e146
p5182,e727
p4135,e405
p9893,e686
p5133,e157
p7616,e775
p1678,e91
p2684,e476
p8120,e432
p689,e837
p6323,e206
p1891,e809
p5309,e490
p2112,e335
p8962,e951
p6512,e165
p9440,e586
p8788,e342
p8353,e979
p1950,e701
p8314,e22
p8195,e610
p2744,e672
p3454,e921
p9305,e261
p233,e458
p1243,e961
p9186,e141
p637,e569
p6327,e618
p1265,e716
p2425,e576
p23,e30
p3622,e796
p6109,e987
p5000,e45
p7636,e328
p2242,e942
p4074,e43
p8384,e86
p6835,e990
p8859,e341
p1847,e998
p6389,e736
p2509,e166
p2618,e61
p1767,e241
p3023,e475
p942,e417
p2488,e973
p6478,e430
p869,e642
p686,e890
p2125,e360
p226,e737
p5334,e815
p4414,e636
p3352,e657
p2222,e894
p2479,e327
p3170,e480
p7048,e28
p9326,e60
p1172,e736
p4682,e29
p2432,e993
p3824,e728
p7816,e939
p2536,e787
p7482,e761
p7525,e106
p3773,e328
p163,e108
p3517,e149
p7049,e816
p4024,e916
p8000,e269
p6965,e343
p6720,e147
p4409,e271
p9647,e7
p4428,e412
p2889,e164
p5148,e334
p3969,e462
p7246,e789
p2270,e652
p9093,e665
p7422,e821
p7980,e35
p361,e527
p8121,e857
p9515,e817
p103,e505
p1355,e205
p9122,e844
p8865,e512
p9644,e347
p6371,e391
p1265,e517
p4861,e692
p921,e441
p5097,e364
p8065,e72
p2533,e534
p7544,e489
p8672,e420
p8091,e260
p6245,e226
p849,e692
p272,e50
p6461,e588
p2991,e420
p8153,e693
p7565,e232
p2849,e357
p6229,e699
p8843,e574
p3398,e587
p8670,e32
p6899,e705
p3675,e461
p3164,e487
p6417,e927
p5529,e207
p7255,e722
p5260,e765
p6010,e458
p620,e758
p105,e560
p4222,e83
p3887,e767
p679,e282
p1060,e634
p9179,e181
p5099,e903
p547,e43
p1797,e259
p6589,e151
p7271,e635
p2818,e474
p4698,e395
p9075,e867
p1079,e949
p3695,e685
p6493,e704
p154,e518
p1873,e35
p5444,e527
p1163,e840
p5777,e913
p4671,e934
p2725,e86
p7663,e411
p5983,e945
p2728,e233
p8706,e408
p5275,e255
p7321,e773
p3416,e766
p9882,e474
p1211,e22
p3531,e557
p8849,e580
p3828,e93
p636,e665
p4063,e736
p3652,e223
p2607,e301
p1498,e191
p9098,e662
p3807,e487
p136,e548
p4317,e522
p7756,e373
p5842,e373
p9480,e713
p1556,e952
p8553,e566
p5481,e369
p5942,e829
p8306,e571
p7565,e934
p8345,e452
p3442,e759
p7932,e465
p5203,e620
p1384,e624
p3114,e894
p112,e294
p1888,e352
p9135,e985
p1629,e953
p2210,e403
p2510,e585
p6851,e126
p3747,e811
p9881,e717
p9575,e794
p2509,e249
p4292,e875
p9061,e169
p1235,e897
p5831,e172
p3108,e980
p6877,e557
p8788,e924
p187,e357
p488,e613
p286,e610
p7851,e147
p8015,e423
p5098,e752
p8145,e634
p4840,e115
p6262,e744
p1015,e28
p1942,e196
p9636,e25
p6053,e798
p2578,e196
p4216,e658
p397,e154
p9371,e6
p1190,e672
p532,e375
p26,e888
p5917,e565
p923,e957
p4358,e287
p9893,e886
p1848,e255
p3835,e817
p3900,e153
p8329,e75
p5028,e509
p378,e499
p6765,e622
p3555,e175
p989,e202
p9641,e361
p3056,e660
p2466,e370
p5018,e946
p1536,e805
p3768,e947
p741,e354
p3931,e340
p5191,e312
p7827,e111
p6760,e535
p9312,e802
p1457,e427
p443,e387
p7249,e319
p3191,e719
p4686,e702
p9158,e320
p2078,e667
p5497,e20
p476,e10
p9454,e457
p5212,e208
p7582,e655
p8046,e285
p3402,e533
p4084,e729
p3493,e738
p7592,e385
p6308,e571
p2551,e961
p2284,e658
p1401,e671
p1546,e972
p9737,e291
p4769,e216
p2984,e689
p1384,e92
p4632,e885
p7502,e495
p3381,e547
p3923,e613
p3851,e163
p3910,e438
p9114,e631
p6608,e830
p7779,e792
p4069,e525
p4455,e782
p5700,e162
p2322,e820
p8849,e976
p4012,e112
p3019,e329
p7196,e462
p6058,e576
p8955,e390
p987,e489
p7986,e42
p8853,e501
p7430,e547
p634,e609
p2760,e412
p323,e93
p8184,e956
p9651,e769
p4959,e289
p4358,e300
p1710,e740
p7920,e235
p4519,e277
p7955,e224
p1181,e697
p1761,e971
p4362,e115
p6872,e751
p4321,e650
p3752,e257
p8163,e328
p9435,e943
p1676,e198
p4231,e405
p2461,e678
p1978,e342
p8310,e125
p2074,e595
p723,e631
p6284,e452
p9662,e536
p5221,e429
p5688,e848
p9769,e78
p799,e712
p3857,e167
p5313,e567
p2854,e971
p8208,e978
p8244,e768
p9905,e950
p4292,e472
p7277,e415
p176,e85
p2139,e540
p9382,e672
p4950,e805
p200,e845
p9065,e900
p6262,e62
p5401,e589
p9531,e440
p7021,e184
p3386,e226
p9672,e263
p4540,e115
p6982,e14
p6243,e190
p4232,e502
p7658,e663
p4443,e196
p2718,e866
p2732,e417
p846,e564
p9022,e797
p3798,e412
p1809,e682
p3114,e421
p7098,e444
p7654,e809
p4529,e719
p1313,e975
p2986,e746
p5259,e542
p8543,e375
p7040,e690
p6479,e675
p461,e754
p5705,e199
p8745,e755
p162,e612
p9030,e625
p2226,e71
p6390,e251
p6848,e209
p4524,e158
p8568,e169
p738,e483
p1563,e726
p5865,e175
p7693,e330
p7411,e790
p86,e466
p8525,e242
p4748,e331
p3087,e289
p8273,e381
p8159,e541
p5012,e856
p5355,e495
p3825,e417
p2021,e671
p5505,e229
p6400,e159
p6672,e235
p6716,e877
p1077,e296
p5393,e542
p2755,e907
p6577,e228
p2118,e428
p8361,e840
p5199,e63
p9187,e644
p8790,e635
p1335,e871
p4413,e492
p6183,e387
p7241,e257
p268,e297
p6123,e854
p7056,e422
p1569,e32
p4534,e525
p1665,e320
p6123,e931
p7068,e943
p9773,e403
p1449,e144
p8723,e701
p220,e362
p4314,e819
p203,e949
p6822,e877
p8110,e155
p8548,e886
p8740,e602
p5492,e417
p9888,e936
p2687,e841
p9647,e744
p9683,e903
p2239,e305
p2445,e85
p4738,e648
p4140,e229
p3558,e84
p5170,e411
p3418,e669
p5004,e41
p5573,e321
p3394,e747
p7130,e254
p2061,e542
p2070,e486
p7661,e923
p2420,e31
p8880,e415
p304,e984
p5514,e474
p8924,e238
p340,e819
p5824,e535
p3065,e853
p7222,e374
p2007,e918
p8698,e199
p5274,e472
p9403,e998
p2567,e896
p8030,e276
p9897,e987
p4287,e754
p7318,e816
p7139,e922
p7070,e924
p5916,e565
p6171,e537
p6690,e368
p8490,e822
p2431,e793
p9469,e571
p79,e612
p4529,e873
p47,e158
p8336,e446
p1383,e401
p746,e10
p7578,e550
p2787,e864
p4519,e760
p7279,e972
p3089,e115
p6896,e481
p8934,e828
p7774,e936
p4776,e797
p2695,e223
p2234,e214
p9549,e812
p38,e727
p7913,e905
p2317,e178
p3190,e320
p5768,e817
p8968,e93
p1636,e183
p4175,e75
p995,e973
p6877,e9
p8839,e919
p2769,e766
p9250,e325
p1266,e251
p5695,e972
p9322,e7
p8845,e550
p2055,e833
p5981,e491
p4164,e57
p150,e14
p8859,e165
p455,e567
p9015,e938
p4148,e410
p5803,e918
p9316,e256
p1763,e958
p3716,e137
p3095,e211
p555,e496
p6165,e269
p4392,e185
p2153,e380
p3598,e866
p4787,e469
p5553,e595
p9807,e251
p2079,e182
p8982,e771
p2286,e253
p7394,e65
p7835,e12
p2453,e657
p1918,e145
p6117,e97
p4959,e241
p3352,e202
p9755,e856
p9728,e319
p9332,e667
p7811,e258
p193,e303
p937,e483
p5363,e790
p6315,e563
p8268,e695
p2361,e550
p6115,e341
p8957,e654
p8333,e258
p8850,e213
p4137,e368
p5245,e77
p5049,e50
p1508,e426
p3769,e708
p6441,e211
p5608,e881
p322,e867
p9801,e900
p2693,e724
p4015,e489
p9442,e656
p7965,e450
p4773,e557
p6133,e766
p671,e717
p921,e9
p5369,e357
p7512,e405
p2160,e327
p1955,e453
p888,e989
p589,e42
p22,e12
p6670,e381
p929,e488
p2582,e798
p33,e764
p1530,e325
p8514,e783
p4392,e527
p9164,e682
p2441,e789
p3608,e727
p3580,e675
p9565,e645
p440,e809
p1875,e234
p9926,e742
p6176,e518
p6598,e652
p1674,e902
p839,e27
p2798,e936
p5364,e156
p1117,e953
p8345,e492
p3584,e622
p5850,e427
p2611,e854
p953,e431
p6625,e562
p6672,e864
p4674,e638
p5588,e980
p5028,e89
p9600,e967
p4916,e42
p9861,e416
p3245,e640
p661,e109
p1235,e543
p3290,e891
p7235,e214
p9419,e581
p3571,e772
p7060,e209
p7864,e580
p2211,e401
p8415,e243
p9203,e13
p6882,e133
p1285,e508
p4040,e302
p186,e725
p7252,e139
p5147,e570
p5413,e428
p3885,e404
p7759,e244
p4,e583
p3411,e225
p1970,e480
p2301,e522
p3898,e583
p2869,e453
p160,e312
p3697,e578
p8021,e762
p1466,e625
p9704,e125
p9030,e748
p6752,e93
p3938,e376
p3830,e157
p3489,e941
p203,e696
p8025,e530
p5393,e433
p8749,e415
p2521,e850
p3919,e981
p9943,e427
p5236,e515
p7515,e368
p2562,e853
p8959,e245
p3415,e828
p1393,e429
p3443,e918
p1864,e102
p7242,e600
p2152,e803
p7047,e613
p1758,e113
p6917,e991
p7206,e917
p729,e920
p5758,e757
p6203,e708
p3501,e515
p1353,e151
p9381,e255
p5144,e238
p6247,e184
p5439,e578
p4656,e448
p3182,e608
p6496,e698
p758,e987
p9569,e23
p8034,e650
p3169,e114
p2856,e258
p5096,e942
p6457,e713
p1574,e199
p4491,e15
p4499,e907
p6612,e974
p332,e551
p6007,e362
p9336,e298
p6325,e693
p808,e35
p8283,e570
p5182,e431
p2871,e63
p9965,e717
p1174,e854
p1110,e822
p8446,e361
p6103,e48
p9421,e206
p3995,e353
p8995,e559
p217,e425
p4886,e979
p10,e444
p9069,e812
p1675,e414
p7951,e678
p4039,e669
p6293,e755
p4177,e481
p7740,e273
p4197,e94
p6734,e258
p1354,e982
p3408,e276
p1146,e387
p1734,e224
p434,e361
p2289,e76
p5592,e17
p2711,e229
p966,e948
p4579,e994
p2836,e500
p7473,e479
p3026,e822
p285,e981
p2119,e972
p7886,e338
p2964,e561
p420,e29
p3586,e869
p3746,e675
p68,e197
p2336,e818
p9517,e615
p8063,e605
p8704,e205
p5078,e17
p2298,e32
p6070,e825
p2743,e17
p4641,e609
p7774,e392
p837,e660
p7580,e666
p2844,e609
p2114,e704
p3805,e985
p7319,e93
p3954,e356
p2598,e243
p7411,e127
p4190,e740
p6811,e152
p6480,e7
p2090,e279
p7519,e795
p2493,e257
p5398,e63
p3135,e634
p708,e722
p2012,e93
p8798,e266
p6798,e917
p3342,e427
p5606,e213
p87,e686
p6792,e749
p2622,e789
p2678,e815
p5109,e84
p3834,e737
p7851,e145
p3492,e309
p4344,e865
p1090,e36
p3138,e323
p8793,e227
p707,e752
p3856,e346
p5537,e675
p1779,e434
p9845,e636
p8099,e429
p7882,e361
p8039,e496
p8543,e477
p5858,e541
p5685,e406
p210,e300
p6928,e527
p8415,e463
p9123,e379
p5360,e274
p3866,e184
p9648,e19
p3872,e775
p1784,e59
p4453,e348
p5153,e754
p3825,e520
p6834,e728
p9339,e265
p5021,e920
p7119,e465
p801,e397
p9139,e726
p7553,e584
p4592,e602
p1228,e227
p681,e392
p9749,e308
p7948,e218
p1554,e717
p2110,e639
p7988,e693
p8941,e119
p8310,e578
p7678,e47
p9553,e460
p3912,e530
p7648,e503
p4180,e104
p8461,e836
p3893,e648
p1116,e298
p3253,e558
p1719,e690
p1291,e352
p1803,e451
p9772,e966
p3351,e807
p1522,e699
p4060,e797
p1030,e480
p4344,e313
p9245,e397
p3431,e261
p957,e89
p2462,e298
p104,e233
p8378,e238
p9689,e290
p4697,e855
p3225,e648
p4443,e993
p9142,e839
p1113,e367
p4183,e78
p459,e475
p5211,e362
p3069,e670
p4132,e158
p3634,e113
p1919,e539
p8942,e852
p3668,e971
p3704,e679
p8153,e538
p6473,e784
p7278,e578
p8081,e431
p1764,e40
p7106,e299
p9598,e623
p344,e59
p2217,e178
p5426,e84
p9059,e514
p4632,e119
p3980,e648
p7718,e999
p6399,e29
p4598,e510
p150,e697
p6986,e160
p9362,e580
p7151,e721
p3879,e781
p4717,e380
p6823,e493
p7647,e695
p6132,e22
p4078,e259
p3110,e107
p3981,e731
p1543,e300
p8126,e141
p9938,e524
p9693,e187
p4409,e474
p7093,e583
p8882,e301
p2734,e440
p5787,e110
p1847,e7
p8868,e398
p9299,e49
p2645,e13
p8772,e392
p1073,e810
p5723,e842
p5674,e360
p952,e661
p1891,e555
p215,e708
p1939,e340
p6042,e600
p9828,e783
p5096,e905
p5070,e808
p9081,e108
p5144,e118
p8128,e205
p4603,e729
p5970,e697
p4591,e334
p3996,e207
p8419,e648
p888,e189
p9897,e996
p4027,e530
p326,e924
p9145,e530
p8028,e105
p8462,e873
p6891,e713
p5342,e452
p1812,e805
p7379,e107
p538,e580
p1652,e433
p5809,e666
p447,e50
p5707,e16
p7565,e909
p3787,e534
p3015,e411
p5247,e820
p9453,e656
p7537,e180
p1960,e371
p637,e133
p1694,e891
p3288,e900
p5282,e741
p6934,e871
p5826,e748
p3025,e637
p8125,e325
p8213,e621
p8737,e539
p9964,e566
p2690,e110
p7227,e601
p8790,e503
p4090,e904
p5708,e305
p2426,e353
p4704,e317
p1564,e759
p5200,e69
p8790,e84
p2889,e545
p3664,e769
p7556,e766
p3702,e817
p3619,e259
p8914,e409
p5902,e598
p156,e202
p1480,e80
p3665,e772
p7149,e307
p537,e394
p364,e78
p3305,e251
p3483,e804
p7284,e916
p1362,e580
p9197,e1
p6595,e488
p6228,e369
p6866,e211
p7199,e177
p3334,e964
p7421,e359
p220,e586
p9123,e298
p1021,e997
p8114,e243
p2940,e87
p981,e952
p3746,e580
p2833,e689
p8600,e158
p560,e120
p7850,e732
p8616,e278
p4974,e213
p965,e912
p6101,e338
p1614,e461
p2627,e42
p4478,e305
p8743,e879
p5287,e10
p7205,e280
p4348,e969
p8496,e110
p2612,e544
p7191,e726
p1008,e491
p4554,e99
p1768,e517
p9640,e865
p9752,e105
p8959,e485
p883,e0
p921,e141
p8389,e129
p5057,e225
p117,e17
p7043,e937
p5697,e219
p6242,e708
p8961,e966
p3887,e568
p6614,e423
p3263,e370
p9870,e411
p6533,e51
p9177,e607
p7750,e394
p202,e282
p9652,e501
p8586,e95
p9480,e967
p213,e295
p2646,e5
p3367,e152
p6373,e782
p1843,e809
p3694,e431
p7743,e299
p1596,e184
p6303,e341
p5878,e956
p6575,e810
p9726,e817
p8382,e403
p7731,e379
p4056,e461
p6972,e815
p3183,e177
p1257,e527
p2536,e221
p480,e515
p556,e934
p317,e47
p4965,e435
p8474,e767
p9586,e772
p7671,e462
p7239,e371
p4080,e788
p5593,e100
p1769,e835
p6205,e10
p7046,e683
p1226,e911
p727,e201
p6060,e105
p9052,e544
p6846,e289
p3523,e136
p3897,e270
p517,e210
p3291,e622
p6695,e794
p9290,e567
p5773,e768
p5172,e140
p5469,e693
p1653,e52
p5884,e471
p2318,e799
p1661,e795
p1180,e14
p9196,e862
p1996,e881
p5224,e292
p3996,e964
p852,e928
p6183,e261
p4855,e302
p933,e559
p3826,e552
p9767,e770
p9366,e694
p1935,e187
p4546,e575
p5659,e88
p2950,e839
p2264,e221
p8552,e309
p3011,e283
p3115,e703
p6460,e198
p6795,e912
p8692,e340
p6772,e97
p9387,e148
p6463,e536
p5422,e960
p4169,e398
p623,e645
p4563,e876
p2509,e327
p2719,e561
p3969,e727
p6804,e605
p941,e265
p9549,e800
p4361,e426
p6849,e817
p7150,e4
p8392,e835
p490,e306
p8176,e555
p2957,e14
p2710,e769
p6704,e844
p939,e524
p6435,e93
p7438,e401
p7273,e317
p8471,e982
p5996,e907
p4875,e541
p6002,e49
p1873,e77
p5020,e707
p2500,e699
p7310,e355
p8787,e763
p1530,e221
p7833,e551
p5086,e511
p9973,e459
p1740,e314
p9812,e469
p1872,e928
p1812,e408
p3517,e200
p73,e89
p2328,e138
p1785,e760
p2728,e548
p9634,e500
p271,e465
p5606,e957
p2046,e817
p7105,e184
p3763,e716
p9323,e814
p4254,e787
p5323,e867
p4535,e95
p522,e311
p8538,e769
p6490,e692
p7749,e678
p686,e110
p3030,e53
p903,e517
p5758,e240
p1112,e444
p6763,e291
p4158,e204
p4985,e343
p8174,e544
p1508,e576
p9374,e699
p692,e338
p2177,e913
p2491,e124
p2433,e528
p4626,e891
p9702,e979
p6877,e561
p9487,e974
p3039,e458
p3810,e934
p9089,e902
p3534,e881
p386,e611
p4883,e711
p9979,e340
p6473,e82
p9406,e440
p7433,e448
p2213,e917
p6601,e277
p384,e674
p8414,e573
p6133,e14
p1420,e594
p45,e514
p354,e156
p2281,e363
p9155,e429
p7379,e249
p9559,e511
p8605,e349
p9642,e342
p177,e993
p8727,e763
p7629,e850
p2703,e704
p1195,e459
p3618,e523
p8948,e46
p6527,e196
p4887,e708
p4077,e321
p1636,e982
p9273,e661
p4956,e607
p1739,e63
p3127,e821
p4505,e132
p5656,e673
p9003,e708
p6875,e253
p5413,e815
p5420,e456
p111,e780
p1732,e299
p5351,e130
p2688,e558
p371,e264
p8510,e600
p54,e878
p774,e657
p6976,e549
p7414,e512
p6336,e946
p7449,e544
p329,e367
p5743,e70
p8502,e637
p2232,e239
p3677,e424
p899,e646
p9346,e457
p3847,e438
p9595,e987
p9363,e956
p2051,e873
p7025,e482
p2024,e87
p5905,e281
p900,e952
p5607,e256
p154,e295
p6467,e290
p8014,e314
p4205,e929
p6802,e616
p6949,e795
p8631,e880
p5534,e856
p4044,e402
p2474,e853
p7991,e769
p8396,e967
p7463,e239
p2963,e627
p6735,e995
p5253,e461
p8955,e175
p3707,e367
p72,e382
p950,e521
p286,e723
p9699,e892
p7276,e149
p7649,e735
p4468,e183
p9259,e825
p4447,e857
p6655,e560
p67,e790
p3469,e75
p7902,e309
p6201,e47
p1391,e416
p930,e117
p6331,e349
p2717,e460
p7780,e187
p7042,e87
p2856,e382
p6232,e180
p2704,e94
p2579,e678
p6059,e219
p4770,e477
p8565,e535
p6869,e586
p8518,e103
p8000,e329
p1708,e154
p7213,e448
p7641,e701
p7909,e857
p3272,e342
p6086,e465
p1651,e10
p2175,e141
p4539,e185
p3973,e442
p7253,e638
p2647,e265
p3330,e557
p98,e180
p6094,e106
p2948,e805
p1167,e522
p6993,e206
p6172,e960
p6773,e123
p3811,e446
p8890,e5
p4797,e453
p7368,e823
p7483,e533
p8953,e409
p6943,e251
p3311,e898
p5529,e819
p3801,e410
p6044,e638
p89,e781
p210,e108
p6523,e350
p6990,e589
p8554,e996
p3154,e890
p6643,e889
p6435,e877
p427,e883
p2504,e940
p5878,e438
p7150,e37
p8563,e811
p9739,e646
p3901,e3
p8234,e277
p428,e643
p5115,e228
p7552,e613
p9024,e155
p7050,e462
p7514,e385
p4109,e482
p4990,e682
p6218,e524
p8708,e112
p2067,e798
p7319,e513
p1814,e892
p6012,e932
p3015,e958
p3265,e861
p9225,e969
p3642,e544
p5119,e218
p9369,e370
p9218,e88
p577,e627
p5321,e529
p5715,e363
p6733,e201
p4447,e312
p8061,e599
p1223,e632
p5292,e420
p8019,e454
p343,e654
p8571,e143
p1531,e168
p2108,e318
p623,e212
p6786,e451
p6414,e841
p5295,e936
p9994,e377
p22,e968
p9798,e14
p5513,e793
p3350,e438
p6061,e177
p2490,e673
p5706,e692
p2529,e191
p7065,e704
p1764,e543
p5338,e796
p3610,e312
p1333,e603
p9331,e25
p3729,e68
p8739,e694
p7288,e748
p495,e734
p2290,e192
p3114,e139
p3933,e426
p888,e104
p8550,e76
p1440,e862
p7245,e421
p4438,e7
p2157,e687
p2517,e594
p8769,e175
p5686,e234
p835,e609
p714,e50
p8197,e244
p1578,e640
p4276,e452
p6142,e433
p9746,e438
p7646,e1
p1259,e608
p3376,e871
p5415,e973
p1461,e615
p5694,e562
p2126,e3
p1705,e483
p8014,e287
p4858,e652
p4712,e584
p2263,e642
p1047,e76
p9114,e342
p6535,e427
p1729,e168
p3388,e15
p1516,e40
p3622,e650
p2263,e880
p498,e999
p8625,e770
p6224,e274
p5267,e144
p9423,e785
p4963,e740
p2961,e160
p8391,e902
p2762,e459
p6892,e728
p9539,e213
p3366,e300
p8824,e694
p4888,e422
p4658,e622
p1052,e659
p8011,e367
p3044,e836
p7712,e778
p2522,e908
p8525,e732
p41,e991
p5501,e762
p2329,e179
p1642,e737
p6077,e15
p4606,e852
p1098,e178
p3112,e459
p740,e598
p1387,e95
p5844,e756
p748,e746
p4585,e886
p1077,e719
p509,e727
p2634,e924
p993,e35
p7470,e30
p4852,e383
p6609,e453
p2416,e938
p7066,e39
p1899,e463
p4612,e777
p2244,e556
p6576,e346
p3285,e239
p8264,e212
p1951,e199
p8810,e752
p1816,e947
p8565,e629
p5955,e320
p4240,e850
p8268,e745
p367,e391
p2281,e759
p7285,e372
p5521,e268
p8363,e638
p8309,e134
p1873,e40
p6997,e623
p2095,e977
p3120,e392
p3444,e213
p6880,e729
p4955,e529
p213,e821
p3457,e404
p897,e645
p8838,e170
p9614,e379
p1549,e894
p173,e632
p9930,e276
p6958,e194
p6746,e279
p584,e530
p6525,e763
p3809,e945
p8274,e84
p58,e787
p2579,e368
p2736,e250
p1015,e351
p1507,e783
p6304,e485
p7515,e198
p1570,e515
p7324,e302
p9770,e533
p6029,e501
p5049,e493
p1432,e970
p5720,e395
p7512,e76
p1999,e504
p4216,e727
p5910,e700
p5771,e636
p8708,e74
p2796,e865
p9316,e758
p2454,e937
p2866,e576
p6548,e42
p2851,e590
p7977,e802
p1040,e43
p3761,e854
p4194,e91
p4407,e309
p5926,e253
p7190,e504
p6942,e148
p3125,e166
p8486,e485
p7785,e145
p1541,e117
p695,e107
p5546,e20
p6000,e149
p4960,e361
p1543,e605
p6545,e361
p8925,e820
p1982,e438
p4575,e344
p7247,e148
p1521,e583
p7423,e651
p4487,e70
p4551,e918
p2934,e71
p8853,e498
p2593,e307
p6353,e873
p548,e917
p9169,e776
p4332,e461
p9593,e557
p8025,e245
p5816,e703
p4974,e801
p8481,e988
p4375,e927
p1717,e715
p3467,e765
p6461,e749
p468,e553
p5052,e525
p426,e396
p3421,e862
p6567,e16
p5538,e407
p7146,e407
p938,e95
p6549,e26
p122,e113
p3797,e65
p5007,e238
p373,e0
p5595,e450
p1,e69
p3062,e417
p3118,e157
p3263,e87
p7744,e828
p5193,e573
p7192,e828
p2009,e55
p8097,e266
p1988,e779
p250,e857
p858,e785
p38,e860
p2110,e219
p618,e638
p4800,e713
p9557,e754
p9897,e311
p6458,e588
p2254,e302
p9886,e111
p3290,e360
p9915,e42
p3137,e394
p3309,e360
p5174,e444
p6401,e427
p1570,e966
p9114,e459
p3661,e170
p6416,e262
p6447,e789
p2446,e56
p3012,e745
p7016,e879
p7054,e233
p8730,e695
p4893,e90
p760,e976
p6107,e939
p8143,e989
p4402,e898
p8917,e999
p6951,e759
p4181,e825
p4452,e136
p3659,e674
p3938,e648
p9506,e533
p194,e569
p7790,e580
p3413,e414
p5183,e392
p2342,e944
p2164,e921
p3332,e52
p3879,e697
p8997,e386
p4777,e349
p1228,e450
p4380,e175
p1386,e146
p4198,e141
p8613,e940
p834,e946
p4408,e888
p6017,e716
p881,e771
p9772,e5
p2475,e534
p9014,e166
p9040,e944
p4914,e970
p4978,e297
p5862,e308
p1050,e579
p1149,e454
p875,e68
p6471,e140
p1003,e851
p8392,e951
p7284,e852
p9086,e972
p2607,e221
p1730,e307
p8373,e591
p7042,e879
p103,e159
p7320,e923
p6862,e108
p5356,e133
p5603,e675
p3770,e822
p3516,e310
p2216,e932
p5461,e413
p1020,e43
p3948,e410
p6455,e551
p8776,e523
p1801,e141
p6927,e425
p256,e996
p5359,e136
p9648,e157
p2819,e77
p1331,e82
p4244,e704
p8538,e39
p3528,e788
p6591,e5
p4570,e877
p7979,e648
p2826,e457
p681,e217
p3167,e1
p3669,e919
p1690,e621
p6287,e831
p1250,e44
p1708,e509
p5600,e709
p2567,e661
p5794,e63
p9353,e558
p1065,e837
p7754,e986
p3977,e724
p592,e960
p8132,e976
p7815,e196
p2022,e62
p463,e100
p7389,e592
p3419,e654
p6133,e330
p434,e463
p177,e614
p3007,e740
p4660,e487
p2869,e779
p6762,e472
p5541,e573
p3895,e473
p6999,e847
p3758,e184
p6623,e265
p8907,e395
p7273,e390
p7421,e968
p811,e332
p7789,e889
p1668,e381
p2626,e247
p2947,e808
p6309,e941
p7005,e297
p1480,e760
p9960,e186
p128,e39
p2184,e465
p1285,e807
p6314,e189
p6861,e974
p2511,e101
p1737,e17
p4841,e182
p9537,e55
p645,e270
p5122,e927
p1303,e79
p6726,e618
p3079,e940
p8054,e844
p7319,e752
p4428,e459
p1333,e519
p2162,e350
p410,e605
p5865,e145
p9252,e604
p4013,e329
p342,e946
p1337,e161
p4071,e391
p4143,e65
p5022,e607
p7999,e567
p9455,e222
p107,e588
p5024,e364
p7195,e999
p4801,e202
p4707,e647
p7398,e908
p691,e559
p4411,e518
p5378,e54
p7175,e234
p4274,e953
p1146,e173
p971,e354
p9068,e744
p7861,e894
p7820,e291
p6640,e946
p1208,e445
p6532,e549
p6798,e844
p7267,e463
p6043,e327
p2540,e383
p7865,e644
p1905,e661
p2317,e921
p8604,e267
p4520,e940
p6970,e38
p7514,e626
p2100,e540
p4924,e910
p9191,e693
p7490,e305
p507,e478
p333,e918
p9395,e337
p1797,e771
p3151,e832
p4823,e440
p1091,e955
p7757,e926
p1650,e331
p862,e363
p5350,e955
p9320,e388
p7009,e263
p6378,e540
p2661,e98
p3654,e993
p6092,e780
p5553,e685
p5680,e731
p4722,e484
p1594,e432
p9418,e31
p6595,e977
p4959,e18
p5834,e569
p2678,e779
p3573,e218
p7394,e309
p1386,e11
p1795,e402
p8470,e514
p1113,e579
p7240,e161
p1109,e298
p2422,e118
p6689,e768
p1386,e634
p3198,e916
p6058,e950
p2325,e122
p4996,e368
p2587,e402
p5468,e830
p4549,e407
p6913,e989
p2253,e371
p4046,e464
p672,e595
p5762,e225
p4528,e74
p2822,e375
p7800,e949
p9693,e451
p5796,e895
p8972,e304
p4746,e918
p6008,e171
p1962,e586
p2010,e533
p8048,e494
p4388,e462
p5603,e730
p2465,e144
p4574,e159
p1522,e263
p3258,e838
p5289,e545
p4235,e40
p2376,e478
p1909,e337
p883,e720
p7705,e530
p350,e171
p91,e667
p1748,e413
p6538,e376
p3684,e973
p1761,e582
p6014,e298
p5780,e291
p6292,e138
p2567,e518
p1221,e438
p9724,e576
p1262,e935
p6569,e389
p4818,e496
p609,e895
p8346,e987
p6958,e824
p5258,e413
p1383,e63
p2147,e577
p1526,e218
p9338,e399
p9841,e711
p8595,e908
p2647,e263
p3087,e192
p2776,e981
p4074,e232
p9315,e158
p2002,e614
p1210,e4
p8696,e457
p3242,e616
p5108,e201
p4092,e732
p8985,e614
p3559,e598
p2203,e280
p7065,e405
p5396,e425
p7431,e313
p4833,e354
p3315,e185
p4735,e717
p7264,e271
p6505,e138
p135,e504
p6571,e405
p1300,e219
p6039,e550
p1488,e928
p3918,e106
p7333,e625
p9891,e462
p1885,e686
p2307,e903
p1293,e966
p4175,e490
p724,e452
p652,e838
p6790,e951
p9504,e775
p6784,e434
p8024,e159
p286,e672
p1948,e996
p7363,e185
p9970,e165
p3681,e486
p7944,e714
p9842,e249
p5931,e375
p2391,e633
p2920,e563
p3050,e886
p409,e925
p2298,e947
p3235,e143
p2835,e544
p7993,e861
p485,e29
p5061,e615
p8606,e34
p3180,e602
p1471,e606
p3663,e323
p2443,e774
p6141,e39
p8477,e157
p4981,e209
p2666,e628
p7879,e904
p7277,e180
p7632,e890
p5245,e457
p1927,e878
p587,e364
p9528,e556
p1057,e594
p4325,e447
p4977,e736
p3157,e989
p2261,e574
p4964,e951
p2713,e699
p8154,e539
p2677,e627
p4743,e98
p1030,e703
p9762,e820
p8198,e636
p5743,e348
p7107,e681
p65,e597
p783,e551
p5369,e910
p1306,e688
p6912,e961
p1106,e112
p756,e50
p5599,e190
p5655,e945
p1510,e922
p5488,e413
p2535,e840
p6431,e128
p2073,e523
p2710,e991
p728,e376
p3508,e470
p6705,e435
p7111,e966
p5635,e747
p5843,e508
p350,e0
p4613,e427
p6190,e720
p5965,e538
p3701,e129
p6558,e616
p6996,e581
p2908,e345
p2673,e987
p7294,e878
p3308,e2
p9206,e123
p3371,e186
p1413,e778
p5801,e600
p686,e632
p5850,e100
p4490,e285
p6162,e688
p1742,e297
p9344,e27
p1618,e943
p2655,e498
p2806,e369
p2985,e458
p978,e696
p9405,e414
p2029,e88
p5364,e346
p8481,e85
p793,e989
p6073,e955
p2579,e393
p5283,e511
p9597,e240
p4459,e791
p9292,e701
p5419,e248
p1467,e959
p7203,e780
p6578,e88
p7343,e338
p4368,e316
p7678,e336
p7837,e987
p5501,e931
p5990,e422
p2306,e739
p5719,e43
p337,e943
p8303,e889
p7922,e748
p5329,e286
p7930,e836
p8422,e680
p6112,e969
p3392,e458
p4426,e794
p6687,e698
p836,e21
p9260,e30
p4205,e496
p4786,e373
p5110,e830
p4763,e12
p2074,e261
p7979,e523
p7778,e666
p75,e568
p4571,e270
p4460,e536
p4571,e476
p8468,e763
p9019,e355
p839,e388
p1203,e181
p6564,e17
p520,e342
p3247,e202
p6062,e672
p1533,e132
p7571,e678
p5321,e150
p8621,e781
p3353,e103
p244,e406
p8923,e69
p9427,e395
p7229,e403
p6287,e71
p1485,e949
p6406,e120
p5656,e337
p4815,e478
p2939,e257
p2141,e691
p9549,e692
p973,e97
p2253,e537
p4020,e648
p6612,e695
p9247,e649
p3329,e21
p1752,e883
p6197,e978
p1408,e609
p1704,e315
p8827,e928
p8950,e901
p5061,e727
p8568,e364
p338,e724
p1295,e631
p7864,e866
p6656,e236
p9179,e643
p7226,e768
p8191,e844
p7605,e546
p3798,e79
p2672,e733
p4571,e254
p8846,e513
p2821,e465
p3171,e972
p4789,e427
p6670,e93
p5810,e637
p5677,e744
p4186,e409
p5188,e647
p4378,e403
p8118,e35
p9685,e678
p7702,e319
p8927,e486
p7851,e30
p4291,e236
p8475,e842
p9902,e104
p959,e277
p5831,e523
p5821,e446
p9855,e692
p336,e981
p5325,e338
p243,e591
p7769,e478
p1010,e452
p7905,e591
p1799,e854
p9916,e970
p1704,e194
p4097,e297
p3700,e777
p152,e25
p6606,e758
p2285,e519
p1642,e310
p9507,e69
p344,e76
p2289,e752
p5602,e587
p4734,e59
p9748,e524
p3261,e364
p6022,e150
p6101,e752
p5279,e1
p8588,e180
p7431,e12
p7640,e977
p6202,e761
p8863,e464
p146,e767
p7197,e514
p6984,e359
p7052,e298
p9972,e964
p7421,e983
p8414,e402
p9776,e518
p4121,e765
p1481,e199
p1083,e128
p7997,e324
p5778,e695
p9656,e32
p3208,e477
p9075,e868
p3218,e921
p5164,e995
p6698,e748
p2931,e476
p8799,e277
p5174,e496
p6690,e774
p4717,e817
p9624,e208
p8942,e289
p3762,e783
p9058,e577
p3204,e603
p6912,e924
p6670,e932
p1652,e954
p3914,e359
p7343,e628
p1765,e427
p6296,e765
p6695,e292
p3335,e180
p3314,e343
p8065,e574
p3315,e149
p4767,e918
p8855,e895
p3123,e834
p3799,e318
p2549,e966
p1946,e317
p906,e979
p4838,e356
p2021,e317
p4459,e666
p9238,e774
p7156,e32
p933,e342
p7025,e382
p172,e224
p7763,e220
p2959,e280
p2145,e767
p1976,e34
p9387,e986
p7483,e719
p7141,e531
p9615,e630
p1262,e966
p5098,e704
p9886,e79
p3703,e87
p2581,e318
p8205,e331
p5524,e587
p6662,e1
p3428,e864
p3852,e443
p1084,e134
p230,e218
p1275,e558
p8718,e939
p1561,e88
p9296,e389
p9570,e659
p8914,e404
p7559,e705
p3550,e537
p4709,e519
p3841,e896
p3670,e723
p2954,e868
p5031,e622
p5635,e153
p6472,e784
p9182,e806
p1320,e55
p2196,e408
p4298,e697
p4905,e109
p6439,e379
p1744,e96
p8315,e744
p5981,e888
p2579,e167
p8139,e865
p3000,e196
p5347,e139
p5143,e336
p1494,e623
p9274,e569
p3913,e174
p3140,e430
p1342,e551
p4067,e516
p2750,e622
p2475,e94
p358,e941
p7293,e814
p2032,e938
p1267,e137
p6290,e427
p9873,e462
p6324,e668
p7201,e470
p878,e642
p4619,e58
p1142,e795
p8217,e364
p5754,e262
p5408,e624
p7066,e580
p4703,e962
p2943,e930
p3211,e179
p448,e313
p6289,e1
p3324,e421
p2257,e240
p1745,e57
p9602,e959
p896,e124
p4116,e402
p6014,e100
p3567,e270
p7482,e974
p3203,e721
p3182,e900
p7885,e746
p4463,e269
p6980,e489
p529,e439
p6242,e797
p9172,e952
p8495,e998
p4411,e467
p1985,e396
p9158,e486
p7782,e942
p4816,e120
p8562,e696
p7321,e941
p259,e738
p5414,e380
p8891,e314
p6151,e502
p3661,e879
p6349,e276
p5201,e122
p8534,e29
p9797,e582
p9968,e602
p2703,e41
p4236,e432
p7912,e455
p5204,e907
p7087,e730
p8288,e946
p4106,e269
p9799,e410
p1001,e604
p7246,e787
p5798,e248
p3163,e657
p4631,e563
p3923,e971
p7680,e698
p8874,e785
p482,e609
p8771,e426
p4246,e959
p5267,e749
p7147,e601
p9367,e791
p9637,e158
p2302,e845
p2893,e775
p7163,e162
p81,e517
p6480,e492
p3256,e416
p5803,e529
p2618,e650
p5919,e610
p3902,e766
p4959,e5
p5971,e831
p2085,e733
p971,e891
p1632,e930
p5952,e848
p2220,e192
p3770,e902
p7234,e521
p7878,e128
p7239,e599
p9802,e551
p7155,e882
p7118,e237
p8455,e453
p140,e607
p9790,e614
p8541,e300
p2490,e268
p7765,e496
p8930,e780
p9725,e666
p3761,e712
p4693,e411
p2876,e250
p3385,e409
p3702,e477
p5289,e280
p1935,e626
p8442,e104
p8879,e244
p8220,e395
p2801,e831
p5525,e6
p4414,e90
p9916,e600
p3112,e325
p9909,e965
p4975,e852
p6311,e490
p9692,e120
p5911,e372
p1025,e448
p6055,e746
p3667,e442
p6557,e320
p6475,e107
p2455,e73
p2160,e624
p6446,e860
p5117,e0
p9190,e78
p2074,e516
p8696,e448
p6723,e90
p2820,e544
p6047,e530
p4879,e422
p2359,e672
p5150,e56
p1770,e190
p2365,e58
p4217,e90
p6405,e238
p7831,e81
p3915,e635
p2092,e764
p878,e230
p6328,e764
p1376,e63
p6222,e379
p3053,e738
p4832,e877
p8539,e589
p4143,e524
p4239,e240
p6965,e113
p9929,e266
p5350,e805
p4677,e821
p8288,e710
p1126,e685
p2066,e488
p7390,e650
p8608,e913
p8943,e831
p2645,e676
p530,e641
p3987,e780
p1768,e81
p9647,e260
p1774,e278
p660,e106
p9812,e691
p6178,e376
p6451,e410
p1840,e314
p9357,e694
p3824,e856
p2251,e787
p7501,e642
p3409,e362
p9790,e651
p3243,e278
p6568,e126
p1428,e414
p7409,e989
p7928,e138
p2719,e110
p3867,e638
p7297,e615
p269,e837
p4532,e167
p8690,e615
p3920,e420
p2694,e264
p5238,e217
p7292,e104
p5108,e620
p2288,e755
p8162,e796
p7827,e139
p6470,e282
p9651,e486
p4595,e5
p8068,e90
p825,e698
p2972,e642
p751,e750
p2142,e805
p9942,e615
p4306,e182
p2385,e606
p5812,e138
p2494,e390
p7046,e830
p3476,e566
p1501,e826
p6815,e670
p6747,e727
p7462,e873
p9940,e485
p1702,e908
p1139,e978
p4365,e241
p7900,e270
p8134,e379
p8383,e652
p3755,e117
p3687,e641
p6217,e116
p1925,e860
p2046,e740
p1700,e940
p1542,e581
p6493,e460
p5135,e388
p4173,e581
p4271,e382
p3714,e719
p6403,e526
p5334,e883
p3375,e55
p4204,e483
p2659,e255
p5216,e579
p8484,e14
p8270,e105
p2436,e646
p7728,e641
p7839,e155
p9554,e326
p851,e194
p6860,e935
p2915,e749
p5976,e52
p9521,e704
p565,e71
p5827,e194
p5391,e515
p2498,e612
p2521,e268
p7911,e109
p5344,e609
p2631,e396
p4460,e509
p6117,e64
p4391,e833
p1767,e257
p3451,e948
p176,e222
p9865,e494
p3177,e125
p5843,e706
p2048,e889
p9356,e63
p7972,e736
p8965,e681
p4868,e842
p8136,e312
p9008,e222
p3167,e366
p3125,e779
p9426,e994
p2102,e174
p8965,e801
p800,e510
p2427,e428
p4218,e124
p3766,e181
p4438,e640
p6845,e898
p9202,e51
p6414,e300
p9206,e957
p3611,e976
p1176,e126
p9921,e51
p1339,e704
p362,e313
p7695,e63
p4860,e194
p3156,e349
p6344,e777
p6955,e576
p278,e25
p852,e414
p3100,e138
p2981,e128
p5358,e265
p9599,e305
p706,e698
p8024,e830
p6047,e592
p396,e383
p2362,e986
p6645,e671
p2286,e341
p16,e815
p611,e994
p393,e223
p429,e417
p6616,e18
p6681,e117
p5108,e183
p5368,e282
p9834,e970
p480,e789
p3443,e717
p5160,e982
p5407,e733
p7245,e118
p9144,e894
p3541,e248
p2158,e423
p8494,e544
p3957,e77
p8555,e247
p8127,e504
p9467,e549
p225,e238
p9532,e206
p9851,e733
p6579,e321
p3648,e894
p2468,e940
p9461,e912
p4641,e753
p8649,e562
p520,e754
p1034,e158
p5712,e794
p723,e81
p740,e177
p8426,e675
p1996,e686
p2179,e787
p5278,e587
p9991,e625
p3570,e196
p8239,e708
p7920,e172
p3015,e938
p4094,e642
p7267,e571
p810,e211
p9212,e866
p6340,e983
p5109,e127
p189,e303
p108,e351
p5043,e402
p7233,e545
p4316,e208
p5846,e930
p8673,e365
p3346,e651
p2175,e849
p3368,e56
p5105,e97
p2266,e514
p21,e282
p0,e944
p465,e979
p6499,e334
p5126,e321
p8487,e669
p7195,e797
p4869,e561
p1330,e559
p9814,e144
p2073,e9
p4406,e424
p5450,e266
p1107,e620
p3001,e674
p4656,e170
p8039,e515
p4751,e607
p4653,e686
p9241,e5
p6178,e654
p9167,e983
p434,e821
p576,e981
p6229,e106
p6564,e90
p335,e169
p5871,e872
p1397,e925
p787,e542
p8257,e130
p9261,e830
p6024,e30
p8310,e971
p1440,e304
p3756,e186
p2200,e540
p2233,e417
p5014,e192
p6931,e0
p8520,e422
p8764,e257
p3606,e736
p4213,e520
p2967,e49
p5231,e537
p21,e176
p9249,e97
p6874,e485
p663,e278
p6648,e396
p9945,e936
p6610,e965
p2242,e763
p6488,e531
p6675,e771
p5022,e906
p7892,e411
p8217,e864
p8552,e224
p9679,e69
p3818,e249
p6071,e628
p8692,e68
p5935,e222
p56,e735
p9284,e424
p8243,e61
p8914,e534
p3812,e811
p3537,e280
p9897,e243
p4152,e828
p9380,e352
p2768,e491
p8396,e401
p9459,e605
p8964,e539
p6720,e442
p9126,e884
p750,e913
p7720,e963
p7842,e232
p6118,e638
p8132,e259
p4220,e941
p3110,e64
p3787,e82
p747,e63
p4169,e557
p1783,e489
p7575,e868
p1253,e392
p2690,e921
p6915,e594
p7612,e341
p1444,e303
p7282,e187
p76,e262
p4401,e231
p8485,e53
p9723,e138
p5176,e807
p98,e4
p2110,e700
p7091,e107
p659,e191
p4651,e348
p3643,e682
p7813,e247
p816,e682
p8915,e599
p6163,e302
p3336,e17
p5213,e234
p8405,e280
p4528,e768
p6848,e766
p4138,e73
p1190,e878
p9710,e578
p6168,e797
p3813,e989
p8440,e512
p3919,e650
p1492,e813
p544,e669
p8255,e534
p8344,e682
p6116,e396
p6758,e132
p5582,e66
p9504,e462
p4385,e417
p6182,e688
p5857,e382
p4130,e223
p4370,e58
p5960,e742
p6882,e902
p4277,e983
p8789,e48
p4200,e675
p7102,e48
p5943,e50
p7488,e938
p1921,e998
p6301,e179
p3640,e893
p6192,e683
p2023,e180
p1337,e342
p2379,e391
p3433,e830
p3102,e431
p7415,e67
p3572,e834
p5291,e882
p5089,e875
p844,e349
p2072,e115
p4712,e516
p1743,e120
p7676,e435
p5799,e287
p8604,e311
p2324,e107
p8123,e461
p7761,e286
p8202,e530
p8624,e101
p330,e716
p7243,e544
p8190,e849
p7162,e65
p7516,e740
p6046,e412
p7245,e326
p5993,e543
p2656,e914
p6015,e922
p7174,e88
p180,e249
p9626,e965
p3605,e950
p5936,e713
p7665,e951
p8893,e455
p3810,e358
p593,e138
p4584,e487
p444,e800
p6210,e332
p3276,e491
p2781,e444
p4523,e464
p6550,e34
p6435,e754
p2266,e497
p2291,e778
p4206,e441
p4387,e932
p9495,e807
p1978,e178
p7404,e659
p4930,e119
p9368,e922
p4134,e226
p4536,e18
p2045,e591
p3911,e443
p7467,e744
p5410,e870
p1357,e549
p8165,e681
p611,e152
p4672,e35
p8142,e506
p5455,e761
p4000,e25
p8380,e489
p4700,e771
p6863,e273
p8084,e535
p4911,e745
p4299,e433
p6098,e770
p6795,e852
p9118,e887
p4092,e329
p8553,e458
p6363,e768
p845,e4
p9909,e812
p9929,e103
p5680,e403
p9194,e501
p1753,e445
p4806,e162
p3606,e58
p1316,e703
p2422,e800
p2313,e89
p309,e948
p9983,e722
p228,e100
p6252,e151
p5490,e726
p3566,e924
p8844,e955
p6576,e253
p144,e664
p8674,e84
p3862,e328
p5755,e390
p2311,e782
p5564,e649
p2489,e808
p6810,e218
p6432,e209
p7337,e266
p2096,e346
p4926,e56
p6243,e757
p371,e471
p9529,e107
p5756,e236
p1305,e983
p9741,e730
p1739,e808
p6555,e383
p6584,e932
p1907,e351
p2995,e992
p4859,e241
p4382,e921
p1334,e878
p589,e262
p1878,e240
p4788,e338
p6800,e62
p9294,e377
p643,e995
p7951,e217
p3828,e471
p7816,e978
p9207,e820
p9144,e494
p5339,e837
p3383,e673
p1356,e993
p9864,e180
p365,e990
p8415,e325
p3498,e723
p7082,e411
p592,e566
p8668,e7
p6538,e870
p6094,e873
p63,e643
p6362,e616
p415,e576
p2592,e397
p8717,e276
p205,e370
p1444,e341
p9343,e129
p8515,e600
p3629,e854
p8204,e836
p5970,e235
p2981,e176
p6067,e534
p7176,e250
p6785,e579
p4292,e526
p7845,e144
p3947,e307
p4004,e124
p6727,e869
p3784,e821
p4277,e215
p9340,e745
p3032,e409
p8551,e447
p4612,e974
p6272,e340
p2673,e376
p9283,e660
p7792,e43
p9715,e717
p5361,e839
p6211,e620
p1228,e193
p7129,e904
p2342,e275
p7464,e886
p1900,e494
p5395,e803
p6771,e472
p1664,e811
p9693,e822
p5643,e881
p2594,e957
p698,e531
p2530,e126
p5056,e712
p7232,e729
p465,e71
p5550,e689
p7694,e905
p9301,e168
p6539,e558
p3044,e249
p5645,e486
p5694,e506
p2702,e102
p4548,e142
p3637,e688
p6760,e915
p8795,e629
p7863,e836
p4558,e956
p971,e387
p559,e667
p8662,e37
p4944,e308
p2297,e888
p6103,e669
p3571,e475
p39,e85
p5531,e825
p2121,e319
p4878,e130
p4995,e335
p3077,e936
p8771,e969
p6292,e437
p1450,e800
p522,e130
p8643,e228
p8437,e241
p26,e897
p7603,e351
p1580,e998
p6685,e84
p4790,e895
p7722,e840
p967,e196
p5421,e392
p7474,e880
p1412,e108
p3748,e688
p4201,e933
p8862,e359
p1937,e650
p3840,e876
p726,e868
p5742,e80
p4634,e33
p648,e220
p8287,e925
p9433,e571
p4517,e482
p9829,e490
p9864,e565
p266,e707
p2700,e848
p2732,e106
p5971,e553
p9967,e804
p4833,e605
p8500,e993
p5149,e801
p7797,e436
p8788,e230
p53,e238
p9161,e291
p9006,e297
p8084,e449
p3793,e257
p7283,e920
p7018,e944
p5043,e32
p2412,e633
p6007,e892
p2768,e69
p4025,e756
p2611,e182
p7040,e708
p4492,e117
p5456,e387
p6565,e942
p3338,e188
p9943,e352
p6214,e338
p6558,e21
p1642,e372
p393,e103
p8238,e813
p8280,e314
p9753,e254
p677,e372
p4081,e11
p871,e202
p5364,e495
p8117,e659
p6017,e293
p8603,e789
p165,e542
p5461,e256
p6920,e121
p1943,e765
p2227,e38
p551,e106
p5658,e682
p749,e457
p4523,e902
p2545,e917
p7446,e6
p6618,e250
p1443,e640
p4469,e862
p3391,e390
p8164,e522
p9930,e7
p615,e182
p7632,e837
p2066,e36
p9925,e915
p3565,e389
p4537,e205
p7192,e795
p2847,e715
p4283,e894
p4239,e349
p6797,e937
p5645,e148
p2407,e364
p4775,e568
p5969,e789
p5953,e158
p7878,e881
p2603,e563
p1216,e596
p9799,e775
p8260,e406
p6294,e160
p9558,e2
p4144,e88
p2737,e749
p7153,e467
p9891,e192
p4158,e171
p3443,e980
p6350,e603
p5223,e390
p2442,e592
p3964,e84
p2449,e212
p5905,e898
p1101,e377
p1911,e829
p4068,e609
p5547,e866
p5006,e619
p883,e933
p9363,e686
p3628,e787
p2054,e67
p5267,e106
p3987,e710
p2925,e676
p9679,e470
p2356,e984
p4357,e745
p1472,e596
p4411,e746
p9660,e617
p6143,e244
p2574,e302
p9679,e481
p2665,e431
p5550,e723
p8169,e235
p78,e365
p2898,e396
p274,e797
p4364,e653
p7068,e294
p9182,e528
p4595,e418
p9125,e212
p1567,e517
p7638,e640
p5069,e730
p9883,e806
p9535,e753
p1979,e819
p5108,e330
p8556,e428
p1159,e461
p9877,e851
p2192,e581
p7060,e913
p6008,e80
p6975,e567
p860,e650
p9853,e355
p1647,e464
p3647,e363
p6941,e35
p5622,e931
p2970,e645
p6969,e368
p9546,e231
p6273,e985
p9521,e220
p4191,e460
p2330,e968
p6055,e506
p782,e990
p7794,e775
p8343,e850
p3534,e450
p7891,e228
p7500,e925
p6516,e578
p155,e354
p7301,e629
p9104,e731
p4618,e907
p6737,e243
p1036,e952
p5784,e632
p1101,e988
p3502,e998
p1982,e584
p721,e199
p4141,e504
p3494,e665
p6952,e602
p2982,e988
p9645,e860
p1419,e246
p5853,e376
p4441,e53
p2946,e205
p8912,e551
p1486,e363
p4696,e146
p1579,e302
p9568,e202
p5483,e964
p4500,e60
p8899,e639
p8382,e365
p4586,e850
p5650,e21
p2437,e93
p8336,e375
p428,e471
p452,e380
p6097,e699
p9804,e211
p1650,e67
p8216,e533
p6534,e217
p1054,e647
p9647,e232
p6150,e731
p2144,e733
p9175,e449
p5652,e490
p9777,e432
p7736,e463
p5157,e328
p8514,e987
p4829,e260
p8602,e245
p7565,e601
p5229,e529
p7610,e312
p3323,e789
p7210,e554
p166,e41
p3136,e418
p1036,e807
p5760,e465
p9758,e992
p964,e781
p6041,e254
p6185,e435
p7354,e474
p1389,e45
p3216,e575
p1420,e853
p6998,e316
p3786,e353
p9942,e536
p222,e301
p2405,e423
p3136,e696
p891,e928
p7359,e855
p2369,e346
p5808,e267
p6081,e893
p8497,e244
p5336,e723
p9867,e187
p7132,e681
p3389,e958
p6833,e845
p5375,e515
p8054,e631
p929,e460
p9649,e161
p3492,e157
p5739,e329
p5288,e917
p8998,e657
p4022,e224
p2381,e881
p3966,e960
p1662,e963
p9640,e688
p6585,e381
p5502,e428
p5873,e483
p766,e923
p9561,e828
p8204,e19
p1011,e643
p1220,e700
p2250,e929
p9106,e83
p7840,e935
p653,e867
p3022,e360
p791,e470
p4414,e997
p2873,e768
p5237,e250
p8851,e66
p9713,e81
p2389,e134
p7680,e611
p745,e189
p1562,e412
p9693,e957
p6493,e386
p8673,e505
p2283,e655
p5310,e163
p3767,e810
p364,e609
p1519,e183
p8431,e293
p562,e106
p328,e462
p3285,e615
p5771,e429
p1542,e811
p5066,e418
p5287,e701
p2491,e192
p6404,e605
p2973,e959
p1093,e287
p4511,e142
p7555,e364
p2037,e558
p6577,e390
p5120,e694
p1728,e434
p9196,e605
p5640,e181
p9624,e591
p5019,e405
p9731,e911
p2184,e990
p8632,e484
p3357,e713
p7890,e956
p9550,e509
p9109,e163
p3903,e201
p4637,e692
p5520,e630
p9345,e73
p8934,e246
p9934,e75
p9481,e817
p5975,e175
p619,e144
p9336,e902
p3297,e947
p2901,e385
p5619,e248
p3527,e5
p2910,e290
p431,e106
p2474,e321
p3749,e108
p5380,e536
p1428,e932
p5954,e131
p5029,e721
p7784,e831
p4156,e951
p5705,e229
p9826,e114
p3278,e935
p4397,e38
p2420,e829
p2861,e512
p4664,e953
p953,e412
p7100,e282
p4108,e480
p9895,e592
p8921,e407
p4977,e104
p8714,e21
p6582,e587
p3225,e97
p5886,e618
p603,e540
p7531,e235
p8681,e278
p128,e770
p4880,e85
p8781,e311
p2622,e484
p971,e685
p6306,e46
p5552,e367
p5843,e928
p6521,e169
p1255,e633
p6275,e442
p1163,e75
p661,e857
p3937,e316
p2794,e753
p8134,e179
p4508,e464
p2366,e604
p4143,e33
p6837,e617
p5403,e503
p3956,e542
p2807,e930
p6841,e166
p6355,e891
p1807,e13
p8167,e271
p2213,e983
p2199,e356
p8896,e312
p9826,e779
p7727,e577
p307,e790
p1765,e587
p2202,e301
p8390,e827
p7128,e80
p1865,e797
p160,e344
p8071,e853
p8302,e751
p9787,e132
p4606,e636
p7498,e701
p6624,e653
p7661,e170
p1237,e0
p2461,e559
p6000,e411
p2815,e869
p7026,e596
p3580,e508
p1404,e404
p2516,e126
p7689,e696
p120,e574
p373,e640
p9936,e531
p7732,e488
p9622,e155
p4547,e650
p7300,e621
p5407,e565
p3261,e244
p1920,e943
p3527,e564
p9312,e985
p1099,e557
p1163,e326
p2391,e249
p5164,e135
p7841,e399
p1008,e36
p2035,e81
p3248,e903
p150,e369
p3849,e637
p2094,e888
p3959,e711
p2753,e612
p3901,e811
p1269,e475
p8913,e209
p1782,e436
p2514,e556
p29,e900
p7400,e467
p6608,e107
p2087,e274
p2723,e863
p1823,e384
p296,e25
p9070,e149
p8967,e59
p5706,e338
p8735,e555
p3723,e252
p5923,e295
p7767,e645
p7438,e972
p1120,e779
p6500,e141
p9018,e837
p5509,e118
p2078,e196
p6559,e922
p9239,e827
p6365,e806
p991,e813
p1158,e932
p9275,e477
p221,e933
p9409,e415
p2636,e631
p5726,e191
p2052,e0
p2304,e890
p287,e299
p8441,e636
p7753,e812
p883,e863
p1459,e631
p412,e795
p6696,e301
p5394,e382
p5698,e879
p330,e675
p9155,e129
p9295,e152
p9861,e337
p4607,e443
p9367,e177
p81,e679
p9072,e887
p3499,e378
p6614,e192
p1448,e502
p9501,e172
p5650,e420
p43,e960
p353,e409
p7138,e906
p1063,e219
p4510,e293
p4634,e273
p6081,e367
p8647,e946
p6651,e810
p9069,e996
p510,e169
p4184,e489
p6373,e204
p4704,e831
p2290,e29
p9780,e529
p9963,e545
p8825,e689
p446,e736
p3009,e83
p3871,e426
p6860,e22
p2263,e522
p1970,e486
p5238,e621
p4978,e484
p7002,e541
p5281,e7
p5180,e266
p1509,e994
p4371,e513
p7430,e33
p5582,e836
p4234,e880
p8291,e672
p4436,e128
p7032,e415
p3687,e459
p7683,e678
p755,e930
p9242,e629
p8503,e611
p1481,e607
p7539,e660
p8391,e564
p7841,e565
p5522,e494
p9610,e800
p2743,e547
p603,e246
p2071,e885
p9143,e360
p4162,e804
p1114,e114
p2869,e155
p8855,e367
p4268,e227
p5200,e774
p5875,e386
p3541,e548
p4036,e190
p269,e559
p1152,e569
p6184,e24
p6517,e264
p3137,e92
p104,e521
p8976,e589
p9168,e534
p1584,e10
p1521,e857
p4573,e661
p5816,e103
p2727,e125
p8439,e318
p8754,e619
p9253,e406
p1093,e429
p9865,e511
p8676,e531
p4265,e690
p8394,e962
p8832,e588
p8007,e748
p5945,e771
p5248,e479
p9884,e494
p5085,e620
p5298,e850
p4868,e728
p7096,e665
p3720,e439
p9639,e948
p4705,e186
p1981,e381
p9798,e815
p8956,e273
p5625,e134
p770,e172
p5809,e278
p9691,e865
p1039,e356
p5988,e154
p2917,e301
p8340,e903
p5279,e359
p6619,e435
p4110,e515
p7348,e120
p5920,e351
p2571,e377
p5687,e622
p9523,e363
p5527,e285
p5758,e775
p9562,e538
p5725,e334
p8818,e529
p2428,e695
p4751,e453
p4598,e391
p8408,e240
p1867,e227
p1355,e413
p7872,e606
p126,e760
p5588,e66
p7409,e478
p9355,e148
p8340,e286
p9913,e664
p8225,e399
p5377,e123
p3543,e407
p8139,e545
p8582,e256
p6787,e825
p4763,e309
p9153,e481
p5788,e974
p8699,e982
p142,e489
p2730,e746
p3004,e430
p9537,e605
p2710,e288
p59,e690
p9749,e282
p6099,e484
p4859,e396
p9123,e933
p7432,e93
p8343,e256
p7085,e273
p8446,e886
p2677,e129
p8033,e168
p5924,e551
p194,e680
p4304,e690
p5425,e753
p5044,e472
p1101,e971
p5304,e911
p3750,e21
p5132,e279
p3431,e138
p9857,e116
p9301,e139
p3133,e782
p1263,e194
p8082,e844
p2108,e511
p2703,e629
p91,e194
p9027,e250
p4826,e745
p8210,e502
p4885,e393
p3026,e398
p2483,e992
p8573,e210
p4075,e478
p1466,e468
p7765,e644
p527,e474
p8473,e91
p2316,e601
p7125,e970
p6089,e566
p1256,e557
p2309,e263
p8470,e305
p3012,e434
p8124,e850
p6068,e983
p4380,e159
p1660,e0
p2617,e56
p1800,e549
p5385,e226
p1485,e945
p6603,e695
p5390,e882
p9904,e482
p7345,e851
p8659,e81
p108,e924
p6078,e859
p2073,e598
p5479,e804
p1430,e81
p3754,e856
p5327,e759
p7604,e48
p9220,e56
p6412,e148
p7657,e282
p3459,e304
p6062,e50
p3478,e534
p5770,e568
p1193,e799
p6243,e675
p224,e380
p3323,e496
p8614,e212
p1828,e772
p6428,e874
p5146,e269
p822,e196
p9678,e620
p8251,e490
p521,e752
p1334,e985
p4297,e363
p4364,e995
p6831,e770
p7393,e138
p6812,e696
p8348,e953
p4280,e820
p6386,e59
p2148,e443
p8115,e736
p6862,e718
p8781,e714
p6102,e616
p8433,e552
p8930,e181
p4298,e445
p3687,e62
p1407,e275
p8727,e22
p1660,e674
p7898,e94
p6184,e63
p2857,e733
p6301,e290
p7871,e674
p5634,e843
p9612,e544
p80,e499
p3794,e314
p6283,e168
p3053,e980
p7067,e436
p8008,e699
p3603,e163
p8501,e447
p3702,e241
p8024,e969
p8424,e134
p9652,e140
p1403,e854
p6147,e39
p8744,e971
p9535,e822
p1942,e352
p4995,e139
p2784,e229
p8849,e932
p2248,e721
p8412,e154
p2669,e470
p7681,e407
p9841,e105
p2856,e1
p7891,e876
p918,e655
p4943,e966
p5930,e705
p6900,e806
p7207,e396
p9893,e486
p2301,e576
p2966,e774
p3239,e223
p7227,e900
p8307,e752
p3675,e374
p105,e84
p7465,e101
p5434,e330
p19,e704
p3245,e616
p6913,e114
p3514,e156
p9533,e868
p117,e535
p2679,e539
p6345,e661
p6424,e264
p2782,e314
p5279,e649
p3679,e888
p3318,e37
p8153,e588
p7220,e572
p7208,e816
p8300,e176
p44,e285
p61,e681
p1982,e177
p256,e11
p6732,e773
p8991,e191
p4039,e954
p4184,e211
p9811,e462
p6718,e649
p3959,e123
p9898,e138
p4717,e959
p2043,e558
p5114,e349
p3938,e895
p3801,e74
p8972,e800
p9337,e433
p7468,e948
p4453,e853
p8008,e286
p2904,e585
p8725,e52
p1192,e665
p3037,e703
p4189,e666
p3073,e373
p1587,e130
p5731,e282
p1965,e190
p1264,e627
p9924,e606
p6161,e891
p7105,e491
p7885,e442
p9050,e658
p1481,e829
p9036,e104
p8024,e511
p572,e787
p4242,e598
p1528,e319
p7639,e170
p4607,e57
p521,e609
p199,e82
p459,e515
p9273,e503
p6475,e253
p2837,e405
p3121,e111
p1382,e11
p5393,e902
p9854,e12
p929,e497
p8091,e395
p5627,e224
p2340,e215
p869,e430
p1588,e84
p5166,e973
p5401,e34
p2150,e580
p7860,e517
p619,e90
p702,e355
p9064,e257
p7790,e386
p6122,e564
p6117,e736
p2186,e414
p7833,e435
p5319,e46
p8467,e497
p8422,e872
p3505,e802
p8203,e223
p7673,e18
p3937,e520
p3301,e692
p695,e6
p9375,e423
p9395,e603
p6001,e283
p5577,e223
p5609,e896
p5488,e255
p1297,e542
p4384,e347
p551,e640
p727,e592
p9332,e103
p9973,e76
p8546,e12
p8173,e52
p5836,e470
p9034,e362
p2267,e447
p9738,e324
p7665,e735
p8742,e960
p5016,e992
p1016,e696
p3996,e459
p613,e526
p1759,e781
p7863,e585
p2278,e951
p4853,e341
p6734,e53
p776,e588
p1207,e130
p7186,e850
p2727,e372
p2230,e639
p6393,e846
p3007,e783
p362,e291
p8360,e369
p2028,e430
p1319,e89
p4625,e328
p4841,e234
p1827,e496
p8245,e261
p1280,e378
p278,e103
p7290,e217
p2849,e738
p8708,e385
p2515,e384
p7175,e751
p9159,e71
p2,e842
p6607,e907
p6012,e705
p5615,e259
p9461,e705
p7072,e323
p9801,e738
p6990,e737
p4251,e302
p4998,e438
p1956,e267
p5779,e516
p5134,e664
p9812,e729
p1674,e69
p3128,e620
p2320,e509
p1731,e990
p7098,e239
p2881,e46
p2747,e551
p5914,e863
p9689,e479
p8194,e159
p6482,e334
p6952,e554
p2095,e344
p8317,e394
p9086,e707
p9914,e464
p7566,e775
p7188,e341
p8025,e955
p7202,e950
p3673,e927
p2821,e531
p3930,e611
p1544,e351
p6644,e782
p7277,e468
p2500,e986
p8669,e282
p1763,e693
p9864,e121
p2616,e539
p3076,e643
p3380,e966
p390,e628
p2300,e995
p6535,e963
p4020,e99
p396,e329
p8380,e603
p4786,e154
p1489,e28
p9892,e300
p4995,e256
p9712,e876
p1136,e937
p236,e287
p1179,e90
p6492,e49
p5341,e474
p7533,e980
p11,e164
p6793,e789
p5193,e959
p3183,e981
p8406,e669
p7847,e721
p2839,e576
p6845,e129
p3345,e708
p5061,e897
p4512,e564
p195,e932
p5512,e393
p7249,e663
p7388,e242
p3694,e81
p9246,e169
p553,e824
p7987,e385
p9340,e780
p4353,e319
p2479,e449
p8129,e584
p8152,e953
p9224,e479
p9583,e966
p1716,e618
p7089,e293
p5932,e798
p8830,e102
p2147,e473
p8115,e898
p1655,e972
p4806,e776
p2935,e85
p8578,e49
p7121,e313
p1561,e75
p760,e925
p7472,e466
p9629,e983
p6671,e705
p1364,e842
p9353,e201
p7373,e37
p2653,e252
p4974,e586
p2363,e426
p4228,e445
p8526,e940
p5753,e334
p4727,e876
p2283,e476
p6665,e865
p281,e849
p4516,e679
p110,e46
p881,e153
p7951,e704
p8232,e508
p9096,e206
p8532,e499
p2619,e256
p5295,e903
p5906,e124
p6037,e854
p2152,e170
p9035,e418
p9210,e494
p7403,e405
p318,e2
p98,e246
p1982,e474
p8708,e947
p7774,e195
p1015,e447
p9775,e533
p181,e990
p7539,e581
p5081,e511
p386,e559
p9974,e430
p1714,e449
p9770,e569
p4625,e84
p7383,e377
p7241,e129
p6907,e211
p6123,e713
p1003,e610
p1602,e671
p1761,e230
p1526,e820
p5068,e330
p4422,e56
p2265,e840
p7364,e41
p1882,e511
p3040,e128
p3396,e592
p178,e905
p9412,e420
p3891,e37
p9005,e577
p9617,e174
p8069,e814
p6329,e853
p1984,e430
p9624,e800
p5587,e539
p3007,e274
p3500,e386
p8967,e872
p5035,e8
p7465,e718
p9761,e112
p5106,e967
p2944,e438
p3646,e964
p9676,e430
p7990,e279
p2835,e550
p8666,e735
p3903,e635
p1904,e683
p2564,e54
p6769,e273
p8900,e80
p3561,e959
p7803,e56
p5000,e815
p4854,e963
p5040,e998
p5926,e264
p8194,e803
p638,e977
p1070,e371
p7845,e789
p800,e187
p208,e971
p3205,e31
p6528,e270
p904,e266
p7404,e329
p7938,e267
p5906,e668
p4155,e630
p303,e952
p8384,e401
p2608,e871
p1168,e216
p6644,e282
p2422,e410
p6928,e944
p6115,e379
p6218,e666
p3281,e402
p7933,e7
p2550,e63
p5844,e501
p5036,e71
p8402,e536
p1283,e102
p9126,e723
p2111,e508
p4475,e832
p6298,e659
p8811,e348
p6089,e799
p864,e877
p1518,e827
p9824,e189
p5156,e535
p2493,e419
p3645,e275
p7524,e311
p6658,e168
p1127,e598
p9016,e43
p7832,e862
p3027,e601
p2600,e791
p7217,e595
p3497,e745
p9354,e984
p2851,e217
p6820,e432
p214,e814
p6388,e22
p578,e620
p4255,e427
p904,e633
p3993,e632
p6655,e427
p8785,e536
p3815,e622
p1613,e202
p4690,e150
p1268,e151
p9339,e880
p9507,e551
p1986,e619
p9884,e212
p3746,e457
p2745,e282
p366,e202
p5959,e23
p6798,e284
p9953,e121
p7755,e46
p1520,e589
p7744,e972
p6452,e971
p9610,e715
p9532,e467
p3566,e254
p1310,e147
p116,e779
p7702,e256
p7798,e966
p5500,e878
p3322,e969
p4500,e399
p575,e262
p2224,e756
p5146,e166
p8283,e526
p7445,e863
p8527,e913
p3376,e678
p2149,e644
p5857,e658
p7630,e500
p5494,e350
p5083,e210
p1212,e576
p8526,e445
p8533,e660
p477,e216
p7303,e89
p2470,e148
p6022,e739
p8677,e971
p8648,e262
p3226,e533
p9371,e652
p7574,e750
p8409,e121
p2652,e173
p7451,e706
p6429,e4
p4755,e456
p6570,e874
p8695,e656
p4685,e481
p7927,e31
p2413,e214
p8063,e42
p2261,e700
p4242,e482
p7328,e956
p1314,e973
p8459,e854
p4969,e27
p4902,e629
p7664,e12
p3453,e264
p6745,e839
p7870,e923
p4858,e101
p2614,e731
p1556,e408
p7974,e375
p2821,e916
p2290,e323
p7615,e730
p9464,e537
p6642,e412
p146,e461
p1096,e221
p8576,e991
p9056,e991
p4982,e278
p3782,e161
p1039,e987
p9071,e885
p9024,e645
p1435,e709
p4793,e613
p8167,e218
p1737,e595
p4042,e779
p5427,e992
p1681,e725
p9930,e653
p9134,e149
p490,e425
p3761,e11
p8369,e640
p5259,e383
p6915,e993
p7582,e143
p9759,e574
p7860,e868
p1076,e425
p6192,e971
p6758,e470
p1657,e263
p3952,e97
p203,e3
p5781,e401
p6458,e791
p9472,e854
p6097,e410
p7419,e802
p6511,e64
p1476,e272
p265,e334
p9380,e167
p4190,e293
p1358,e377
p6385,e610
p7429,e975
p4563,e320
p8166,e83
p1802,e853
p9430,e484
p4491,e97
p6623,e245
p7942,e369
p9537,e97
p1461,e737
p7813,e882
p4205,e303
p19,e191
p6782,e457
p112,e549
p454,e68
p3488,e47
p7131,e116
p6093,e324
p3907,e259
p5566,e209
p4673,e550
p7990,e870
p1183,e451
p4361,e457
p8775,e520
p4573,e640
p5106,e624
p3633,e302
p9946,e479
p9920,e752
p8736,e300
p8537,e385
p3464,e85
p139,e491
p51,e638
p9200,e729
p5666,e645
p289,e336
p5299,e767
p6036,e226
p8240,e190
p2056,e715
p8903,e216
p1044,e943
p6685,e867
p7441,e361
p8296,e386
p5809,e445
p3160,e989
p7937,e503
p7310,e55
p4284,e601
p408,e224
p8303,e405
p8368,e400
p1432,e358
p5884,e441
p4368,e371
p612,e406
p2319,e425
p8219,e761
p825,e927
p7059,e808
p6046,e27
p8339,e677
p1901,e779
p9222,e911
p6309,e322
p8357,e480
p7802,e400
p391,e142
p5197,e52
p30,e358
p9968,e547
p9496,e505
p5513,e52
p7749,e790
p7726,e147
p2413,e711
p6152,e657
p6043,e860
p1320,e561
p2410,e709
p3625,e297
p4665,e386
p6512,e588
p5760,e722
p3556,e152
p1788,e652
p8162,e947
p8178,e98
p9946,e349
p452,e683
p9836,e749
p2938,e31
p7134,e405
p6869,e130
p6740,e772
p5266,e175
p1919,e886
p4428,e387
p5709,e787
p9334,e405
p6625,e29
p4020,e221
p5130,e250
p7786,e864
p5031,e58
p177,e519
p3906,e591
p1177,e636
p3653,e557
p4436,e601
p8868,e561
p3750,e541
p3034,e42
p3776,e911
p9274,e484
p9978,e656
p2751,e210
p7591,e244
p6633,e474
p9734,e728
p8144,e319
p2666,e689
p6657,e83
p238,e942
p826,e757
p7569,e179
p5861,e835
p8611,e473
p3525,e545
p2745,e566
p1783,e793
p9543,e109
p1260,e421
p3257,e128
p754,e324
p4486,e28
p5782,e598
p252,e422
p13,e439
p2800,e564
p1372,e162
p9913,e347
p5914,e384
p7565,e912
p284,e253
p1498,e282
p4450,e562
p1808,e939
p8636,e470
p5290,e210
p4445,e479
p3080,e607
p93,e205
p6244,e340
p2426,e126
p6281,e132
p7577,e254
p1916,e493
p8773,e709
p3229,e613
p8075,e163
p9980,e760
p7993,e891
p1482,e621
p4141,e242
p8928,e453
p2360,e363
p6225,e705
p9776,e94
p9406,e729
p6246,e956
p8230,e738
p8926,e884
p730,e645
p7010,e276
p1107,e551
p4066,e107
p8780,e561
p7779,e627
p3240,e568
p9864,e739
p6845,e793
p5896,e886
p3261,e326
p7255,e535
p6753,e115
p3543,e887
p7730,e276
p9225,e987
p7331,e685
p9167,e70
p4881,e472
p5019,e93
p6882,e50
p4519,e428
p5125,e589
p88,e857
p5801,e167
p8312,e404
p5071,e291
p6324,e856
p454,e750
p4267,e589
p5194,e295
p9107,e552
p1478,e133
p9686,e990
p2996,e286
p5261,e268
p3490,e829
p6227,e452
p2593,e789
p4249,e871
p2516,e752
p9681,e700
p533,e823
p7485,e557
p9691,e352
p3033,e523
p4315,e612
p8260,e690
p2043,e617
p3350,e899
p686,e992
p5118,e29
p682,e408
p6146,e102
p2003,e86
p3604,e792
p2160,e706
p6319,e344
p6498,e961
p4869,e278
p6488,e438
p9667,e501
p4672,e876
p9542,e904
p8526,e501
p3773,e256
p1513,e794
p39,e920
p1395,e730
p4429,e436
p3165,e541
p8197,e470
p8302,e864
p3689,e966
p6464,e661
p8180,e329
p9305,e339
p5431,e608
p5344,e672
p1776,e870
p4282,e492
p4563,e861
p3934,e484
p6874,e924
p1134,e496
p4602,e57
p9532,e642
p3347,e857
p1190,e168
p5973,e7
p5878,e246
p5347,e704
p5695,e680
p904,e184
p8860,e810
p32,e474
p1462,e49
p9370,e577
p8499,e132
p6177,e668
p2296,e606
p1290,e139
p7094,e527
p1393,e509
p4833,e667
p11,e843
p8891,e630
p5397,e331
p1439,e362
p8127,e117
p9039,e67
p7632,e203
p1083,e386
p9128,e639
p8420,e396
p8264,e352
p3450,e793
p7766,e530
p2962,e613
p9145,e722
p653,e244
p4961,e289
p541,e6
p587,e266
p6798,e252
p597,e730
p4637,e372
p9646,e638
p8700,e441
p7373,e559
p4942,e7
p8915,e949
p8106,e268
p9181,e787
p9658,e474
p5314,e956
p1003,e814
p5780,e474
p2143,e699
p7523,e527
p5565,e37
p1143,e385
p9094,e604
p1575,e850
p7971,e246
p1924,e63
p4441,e606
p9433,e928
p6073,e201
p1442,e702
p4219,e844
p942,e877
p2324,e911
p9023,e446
p1573,e194
p1520,e175
p3567,e408
p6761,e627
p7856,e972
p2304,e235
p1860,e461
p3462,e146
p8815,e997
p9300,e244
p6732,e968
p6265,e658
p4057,e388
p5869,e258
p4674,e884
p4135,e182
p4114,e346
p6270,e104
p2878,e655
p7978,e39
p8266,e322
p8983,e769
p161,e289
p8968,e713
p9157,e116
p7264,e476
p4439,e407
p2373,e879
p3322,e747
p9879,e257
p8997,e411
p1978,e182
p1687,e339
p6813,e316
p2387,e438
p4516,e783
p1732,e776
p4721,e861
p3408,e738
p9388,e807
p660,e818
p4065,e866
p340,e790
p1864,e855
p7636,e763
p7857,e664
p3939,e749
p2242,e132
p8760,e394
p6216,e707
p786,e220
p6275,e572
p9849,e820
p6937,e734
p3041,e544
p8833,e294
p8332,e553
p8015,e509
p6150,e741
p9588,e132
p2595,e808
p5930,e543
p1027,e454
p6949,e458
p7947,e936
p2943,e286
p383,e416
p9636,e935
p3300,e112
p4726,e249
p9803,e387
p4698,e431
p1961,e321
p3396,e733
p9144,e111
p2606,e466
p66,e435
p611,e726
p2776,e375
p3711,e427
p1329,e341
p3190,e876
p4813,e922
p1472,e759
p9302,e824
p9879,e447
p9372,e492
p3571,e822
p2525,e189
p7550,e280
p4974,e518
p3072,e390
p5711,e585
p791,e51
p8327,e75
p1231,e405
p2947,e455
p7584,e259
p2186,e368
p4043,e867
p2723,e229
p275,e118
p4057,e210
p6638,e423
p4157,e248
p8219,e213
p8298,e48
p2106,e878
p8730,e552
p2089,e675
p6762,e876
p3925,e249
p1036,e570
p6902,e221
p3887,e196
p7620,e97
p8689,e866
p8222,e399
p3905,e147
p8936,e696
p7763,e249
p9669,e606
p6662,e452
p9380,e713
p7612,e233
p4019,e241
p8255,e683
p7989,e927
p7119,e326
p3941,e668
p7114,e638
p24,e176
p2817,e111
p5509,e917
p1821,e778
p8720,e454
p3428,e556
p6282,e730
p2540,e967
p3244,e137
p2659,e670
p2181,e610
p2168,e765
p7073,e836
p1426,e230
p1087,e174
p6210,e68
p9283,e316
p1083,e552
p3439,e380
p6784,e184
p2006,e719
p3403,e466
p2601,e232
p9128,e95
p2693,e357
p8570,e399
p2302,e325
p9918,e301
p8707,e859
p4263,e411
p4203,e262
p5178,e431
p2188,e941
p8517,e529
p5274,e917
p5011,e597
p6187,e829
p3632,e644
p4752,e616
p2456,e406
p2655,e918
p6893,e211
p887,e766
p795,e210
p5658,e93
p2136,e230
p7148,e804
p3780,e454
p8829,e496
p7102,e828
p5717,e164
p616,e336
p4046,e185
p9683,e114
p2147,e195
p4370,e235
p3852,e774
p2841,e610
p5957,e290
p5089,e337
p7084,e90
p1764,e448
p7953,e560
p5803,e16
p2210,e917
p9624,e37
p4800,e114
p7367,e303
p919,e834
p5497,e826
p2428,e432
p2823,e668
p9719,e239
p3267,e443
p7497,e141
p3110,e637
p319,e71
p8846,e29
p2084,e482
p7086,e615
p4595,e790
p5157,e522
p5047,e910
p2742,e210
p2774,e592
p593,e451
p8533,e545
p1826,e184
p3029,e654
p9757,e976
p7099,e411
p6705,e191
p7241,e41
p3782,e164
p8372,e899
p3238,e921
p6167,e598
p2571,e883
p368,e487
p73,e953
p743,e246
p9206,e459
p3072,e803
p1694,e229
p8955,e497
p3627,e266
p3381,e395
p8492,e977
p2828,e678
p6312,e855
p1920,e279
p6121,e97
p6932,e582
p9017,e50
p5508,e752
p5592,e209
p3492,e280
p4461,e939
p3997,e973
p1478,e244
p2062,e874
p7952,e821
p9383,e264
p5573,e528
p6934,e249
p4937,e79
p7300,e490
p8960,e660
p8497,e107
p5068,e65
p404,e947
p617,e693
p1215,e911
p4477,e544
p9420,e291
p3880,e88
p8804,e347
p6650,e676
p4453,e601
p5149,e470
p3731,e145
p5954,e371
p873,e456
p887,e996
p3790,e607
p7421,e298
p228,e907
p2645,e133
p1708,e16
p5888,e123
p3347,e738
p4167,e934
p3299,e26
p710,e220
p5045,e702
p7992,e89
p683,e856
p6185,e344
p5431,e771
p7598,e486
p5063,e160
p3221,e888
p4483,e282
p750,e219
p1599,e984
p6612,e677
p9075,e83
p2621,e376
p5655,e740
p7992,e921
p989,e31
p4936,e304
p3593,e347
p6117,e192
p1383,e121
p1320,e144
p7695,e977
p3166,e297
p8414,e850
p2994,e995
p8385,e770
p6351,e941
p8680,e662
p5568,e766
p3085,e580
p3902,e876
p1763,e42
p850,e179
p6106,e54
p8251,e840
p7190,e69
p7826,e512
p5735,e896
p697,e509
p6793,e281
p6385,e19
p4009,e940
p7699,e682
p6376,e570
p8422,e613
p993,e320
p3946,e726
p8465,e546
p7093,e837
p2639,e787
p5284,e355
p7909,e451
p325,e846
p7305,e500
p4593,e455
p9208,e592
p7607,e200
p7288,e712
p9436,e715
p8569,e951
p4481,e125
p4798,e56
p2783,e525
p6548,e302
p2518,e709
p7770,e577
p873,e375
p5106,e510
p1459,e80
p154,e700
p5219,e688
p7837,e538
p4191,e573
p4738,e909
p2004,e850
p5802,e606
p6981,e274
p9902,e141
p6453,e974
p8497,e433
p8700,e348
p1173,e410
p3267,e991
p1370,e873
p4528,e143
p7821,e529
p7132,e754
p4802,e798
p8571,e24
p3111,e712
p7517,e774
p8347,e861
p9817,e576
p1474,e922
p4241,e507
p9429,e505
p6404,e976
p2647,e461
p5058,e807
p9998,e603
p8084,e974
p941,e999
p238,e693
p9719,e646
p372,e754
p4359,e385
p1093,e763
p797,e787
p4738,e393
p6184,e834
p8299,e247
p5034,e805
p1150,e508
p792,e357
p1483,e14
p3390,e908
p7570,e186
p2398,e638
p4726,e941
p8673,e863
p5976,e866
p6184,e646
p9935,e385
p2878,e635
p7015,e467
p7053,e595
p2191,e642
p4439,e6
p2304,e338
p2463,e577
p3993,e216
p3220,e180
p5191,e415
p9354,e993
p9426,e898
p6765,e359
p4495,e98
p3504,e865
p7438,e457
p3029,e258
p2971,e604
p7463,e585
p7746,e863
p1561,e128
p9959,e308
p5077,e483
p6913,e712
p8911,e903
p4712,e94
p4518,e725
p7409,e113
p772,e587
p3018,e150
p9845,e899
p7446,e267
p3467,e248
p8513,e140
p3116,e728
p5068,e212
p1833,e734
p2295,e94
p4554,e488
p6339,e5
p2894,e899
p3765,e958
p9757,e26
p6844,e448
p301,e394
p8205,e689
p8160,e819
p8378,e545
p2060,e523
p189,e879
p4423,e134
p1067,e823
p7366,e11
p8759,e276
p3791,e750
p6228,e254
p6835,e572
p9098,e841
p4076,e310
p713,e557
p878,e356
p5852,e70
p5675,e826
p3340,e300
p5945,e595
p3121,e854
p8796,e600
p7413,e16
p8761,e500
p608,e62
p7376,e790
p4308,e154
p5694,e967
p5352,e708
p3037,e987
p958,e460
p8679,e949
p6660,e731
p2073,e991
p8937,e665
p7683,e912
p2889,e328
p4091,e107
p212,e217
p1723,e859
p9100,e679
p9451,e210
p6954,e703
p6786,e58
p1478,e490
p2475,e869
p8816,e686
p6821,e120
p7631,e946
p3343,e714
p1744,e119
p9007,e833
p8060,e708
p4468,e307
p7580,e44
p600,e260
p8383,e506
p6871,e276
p3926,e918
p2429,e254
p8136,e47
p6044,e669
p2667,e823
p1780,e83
p2526,e198
p6884,e75
p3924,e533
p6522,e624
p771,e675
p5824,e764
p8534,e85
p1240,e649
p2346,e724
p4977,e621
p2242,e913
p4217,e305
p7022,e413
p3427,e894
p625,e631
p4359,e492
p8543,e72
p3817,e387
p783,e473
p9618,e364
p4664,e725
p2446,e956
p1071,e198
p6877,e564
p467,e383
p7853,e867
p3158,e628
p557,e327
p1823,e767
p1234,e845
p8911,e361
p4141,e276
p6562,e855
p355,e48
p6344,e364
p9835,e18
p7543,e571
p5991,e297
p3751,e360
p6698,e707
p8443,e741
p8978,e919
p2436,e758
p7451,e652
p7541,e390
p58,e279
p2019,e876
p6118,e980
p1061,e515
p3879,e855
p4756,e404
p4136,e566
p28,e925
p4249,e147
p6128,e326
p1997,e108
p5688,e905
p9316,e601
p781,e79
p4325,e634
p2690,e895
p2180,e471
p1997,e155
p1519,e598
p2682,e500
p690,e234
p7847,e636
p7589,e758
p7743,e317
p418,e139
p1838,e586
p9552,e582
p575,e765
p7644,e429
p4805,e775
p8585,e154
p3868,e679
p1330,e660
p9187,e880
p1996,e556
p7111,e845
p5905,e665
p5529,e865
p4948,e797
p906,e173
p7110,e721
p5767,e480
p7943,e310
p1524,e447
p1205,e536
p6847,e385
p3053,e309
p1339,e446
p2088,e409
p8359,e449
p4051,e943
p2900,e954
p3239,e591
p579,e286
p4170,e988
p2101,e508
p7375,e440
p8608,e739
p8195,e365
p8792,e536
p9763,e832
p5133,e797
p6800,e634
p9091,e810
p4655,e324
p1322,e320
p6701,e211
p1990,e326
p4405,e92
p8251,e197
p247,e525
p6214,e358
p3810,e923
p1417,e185
p9859,e159
p2803,e849
p2808,e129
p1372,e77
p58,e396
p9213,e559
p4674,e783
p8933,e46
p75,e370
p8795,e708
p2009,e661
p7545,e320
p7251,e481
p8832,e908
p8168,e548
p439,e3
p5284,e834
p7167,e446
p9840,e854
p4607,e547
p150,e407
p6804,e688
p4356,e688
p2441,e366
p4067,e835
p6267,e498
p3696,e904
p5318,e920
p9070,e197
p749,e56
p4945,e470
p2500,e0
p1431,e964
p2139,e234
p6745,e796
p7516,e513
p5947,e409
p7463,e640
p1717,e152
p3960,e945
p3839,e695
p8073,e957
p9317,e206
p21,e129
p3891,e291
p9453,e85
p4710,e156
p5260,e989
p9834,e415
p3696,e353
p748,e791
p8637,e311
p1549,e466
p8645,e857
p5617,e954
p2600,e220
p9249,e227
p520,e533
p5284,e527
p2731,e956
p2145,e791
p9360,e576
p5216,e724
p9829,e638
p1687,e556
p9309,e137
p4747,e412
p3157,e490
p2865,e101
p351,e609
p9294,e582
p27,e505
p3219,e426
p3611,e697
p9622,e472
p7597,e92
p1146,e505
p3701,e554
p8657,e677
p5874,e34
p8366,e438
p7119,e29
p5019,e914
p2005,e796
p1204,e564
p9671,e508
p7351,e600
p7135,e558
p6935,e290
p7751,e352
p1070,e901
p6844,e534
p8009,e994
p5637,e10
p8156,e533
p3029,e41
p2194,e948
p4623,e3
p8395,e229
p9894,e398
p3126,e914
p8066,e361
p7991,e158
p2556,e969
p3891,e889
p7800,e670
p6683,e380
p3279,e171
p4086,e122
p4578,e202
p3456,e853
p5647,e151
p3132,e74
p5981,e334
p4575,e5
p2044,e823
p1201,e527
p8908,e246
p9630,e525
p2190,e385
p182,e593
p4153,e811
p9403,e978
p7221,e708
p6850,e822
p7313,e171
p2362,e328
p5029,e847
p8886,e218
p673,e778
p9735,e602
p9866,e597
p6999,e146
p3972,e955
p4042,e315
p4460,e95
p8139,e492
p5390,e899
p6727,e498
p228,e78
p1962,e405
p4742,e744
p8058,e739
p3353,e384
p9291,e666
p5447,e232
p9959,e5
p1988,e724
p7317,e797
p6113,e357
p8016,e948
p1484,e911
p7643,e633
p9406,e531
p818,e905
p5102,e109
p4828,e307
p8987,e270
p133,e52
p688,e511
p5734,e425
p4723,e195
p9578,e667
p121,e377
p4113,e567
p622,e888
p909,e791
p9655,e560
p8368,e774
p8711,e919
p4985,e715
p5897,e207
p7991,e619
p9940,e301
p5288,e631
p6173,e0
p6000,e327
p8841,e453
p7265,e255
p9042,e991
p4795,e292
p5421,e667
p1423,e7
p2860,e933
p7923,e496
p9472,e680
p3395,e885
p6151,e850
p6872,e772
p6344,e242
p1094,e504
p1266,e157
p9893,e503
p4452,e683
p2861,e269
p379,e946
p8967,e167
p5219,e78
p8165,e245
p5185,e916
p8371,e47
p2155,e666
p1953,e989
p8081,e769
p376,e339
p3210,e970
p5544,e508
p3342,e525
p9856,e79
p9829,e636
p3532,e725
p669,e293
p9294,e21
p6764,e746
p4118,e958
p5987,e763
p5153,e888
p1221,e237
p7514,e87
p5383,e52
p3031,e834
p7292,e591
p699,e752
p1538,e23
p462,e747
p4907,e318
p2762,e125
p7700,e666
p9224,e914
p109,e146
p3890,e579
p9970,e33
p3013,e43
p9008,e577
p8400,e63
p6004,e209
p9266,e499
p7425,e629
p2859,e613
p2286,e69
p4576,e113
p841,e856
p809,e818
p2917,e289
p5644,e246
p8983,e156
p8224,e71
p5982,e732
p2338,e385
p4791,e474
p4038,e394
p5013,e819
p7819,e481
p1606,e50
p2811,e872
p614,e553
p4730,e78
p924,e213
p5317,e732
p8580,e722
p604,e29
p3853,e793
p9217,e794
p4309,e804
p8182,e57
p9143,e660
p9501,e385
p1705,e860
p9944,e726
p9566,e955
p7799,e52
p1629,e424
p1459,e908
p4813,e204
p9871,e596
p9867,e152
p5950,e958
p6682,e249
p4223,e982
p896,e255
p2976,e971
p1399,e573
p3765,e3
p477,e96
p102,e260
p4375,e226
p5466,e773
p5527,e812
p4631,e632
p8689,e255
p9612,e399
p5947,e767
p6104,e356
p3210,e415
p8926,e151
p7836,e441
p2747,e72
p1416,e121
p8413,e222
p6646,e90
p2532,e130
p5635,e651
p2991,e315
p8690,e415
p9888,e541
p9894,e20
p131,e431
p9465,e178
p6607,e584
p931,e649
p3013,e796
p7151,e747
p8496,e509
p1857,e669
p5980,e56
p7627,e148
p132,e742
p1032,e944
p224,e933
p2939,e118
p8196,e79
p6051,e836
p8940,e698
p8986,e963
p4674,e938
p8748,e243
p2706,e159
p3156,e533
p6881,e638
p6768,e978
p5447,e600
p9200,e741
p714,e186
p6966,e521
p5151,e60
p6800,e29
p3094,e953
p742,e44
p9807,e710
p9706,e288
p3950,e834
p1738,e38
p6632,e148
p5016,e146
p8380,e463
p2873,e141
p6069,e221
p5437,e724
p5474,e4
p5209,e751
p1559,e964
p6404,e309
p9417,e709
p7721,e960
p8530,e907
p2863,e418
p1886,e378
p1249,e981
p2736,e234
p6619,e988
p6286,e510
p9583,e840
p9114,e504
p6815,e635
p9873,e486
p6558,e615
p7598,e65
p4349,e446
p5154,e233
p9973,e806
p8428,e563
p6943,e499
p9137,e931
p7292,e972
p1861,e430
p2399,e372
p9249,e18
p1080,e263
p8417,e897
p1973,e542
p6307,e868
p6707,e931
p3229,e354
p522,e432
p7528,e661
p4136,e443
p6916,e586
p7496,e607
p222,e205
p5815,e350
p6029,e574
p9728,e53
p4389,e978
p3003,e389
p307,e176
p6535,e742
p8248,e787
p2680,e554
p8644,e728
p6047,e34
p34,e249
p9666,e837
p129,e39
p3172,e454
p9310,e892
p3833,e779
p8466,e10
p1860,e571
p8318,e514
p5480,e885
p9131,e803
p6363,e511
p2838,e713
p7129,e370
p7829,e747
p4276,e932
p8377,e869
p5282,e93
p9133,e880
p4881,e845
p3530,e629
p9516,e194
p4215,e423
p2767,e22
p5099,e928
p3126,e632
p3295,e775
p4899,e182
p411,e447
p4980,e948
p1382,e507
p2057,e475
p3223,e234
p4309,e272
p1702,e764
p8872,e525
p6855,e862
p3036,e371
p7295,e713
p8276,e554
p7773,e923
p5214,e460
p6590,e706
p3730,e423
p8614,e321
p5922,e345
p5660,e179
p7505,e449
p542,e965
p4629,e704
p8044,e323
p9946,e815
p273,e100
p2117,e386
p5352,e756
p8454,e190
p451,e862
p4205,e349
p1174,e695
p2402,e906
p3526,e70
p8329,e701
p4678,e502
p5424,e354
p7382,e576
p76,e560
p8766,e21
p2210,e658
p7396,e928
p936,e199
p3938,e363
p3284,e411
p4831,e330
p4679,e194
p7998,e845
p1077,e627
p8256,e806
p8041,e285
p7462,e876
p5796,e849
p3238,e201
p5375,e526
p1705,e429
p8738,e628
p924,e932
p9525,e474
p2852,e598
p799,e141
p1011,e873
p734,e787
p5615,e568
p9171,e790
p8957,e899
p6264,e921
p6052,e208
p6460,e406
p2514,e671
p2911,e50
p6269,e570
p9651,e419
p3284,e207
p9118,e41
p1349,e201
p5225,e963
p7013,e17
p4302,e297
p8956,e134
p1419,e335
p8226,e725
p7318,e816
p9475,e363
p1607,e344
p59,e6
p219,e608
p5271,e151
p3237,e971
p561,e759
p347,e628
p2898,e363
p8882,e122
p605,e362
p2851,e39
p481,e388
p1391,e957
p881,e531
p1865,e126
p2650,e201
p2002,e577
p4733,e496
p5057,e544
p8781,e698
p1420,e412
p9370,e123
p5874,e561
p715,e165
p7711,e700
p6310,e7
p8483,e13
p7396,e143
p8653,e270
p9559,e448
p8162,e642
p3514,e546
p1067,e963
p2832,e272
p9623,e643
p3456,e535
p2743,e486
p5549,e558
p87,e305
p6994,e126
p6751,e612
p1780,e40
p5819,e835
p2050,e400
p2959,e982
p335,e269
p8394,e754
p7462,e854
p5645,e42
p3614,e196
p8273,e881
p3838,e53
p5976,e423
p7732,e986
p4464,e980
p470,e576
p7483,e266
p7347,e711
p672,e151
p7147,e132
p1846,e237
p6649,e928
p3055,e663
p4104,e953
p9576,e452
p8067,e726
p4397,e944
p4860,e573
p3082,e564
p6954,e446
p6347,e625
p5690,e967
p257,e584
p8702,e185
p180,e765
p8574,e419
p4560,e598
p1240,e215
p5679,e362
p5482,e728
p7549,e92
p499,e885
p4704,e816
p3158,e693
p206,e499
p164,e138
p283,e592
p9807,e159
p765,e633
p1365,e964
p4455,e144
p1311,e226
p353,e465
p1713,e167
p144,e696
p5981,e784
p8010,e754
p625,e913
p9686,e596
p1881,e26
p6217,e720
p1834,e514
p9857,e848
p2544,e971
p4045,e335
p9091,e645
p9652,e145
p1633,e739
p3152,e713
p9393,e312
p1484,e788
p4619,e576
p1536,e879
p1404,e471
p8854,e293
p7667,e28
p3477,e27
p6422,e248
p1201,e511
p8617,e982
p5727,e645
p7334,e814
p1602,e771
p6618,e717
p6335,e341
p4174,e141
p1574,e85
p8558,e502
p6138,e453
p1351,e999
p281,e747
p377,e657
p5023,e521
p1491,e629
p5803,e845
p4690,e25
p3978,e806
p3913,e805
p3071,e622
p3771,e432
p2643,e554
p273,e283
p9318,e829
p6586,e936
p7017,e368
p1564,e585
p6148,e286
p1328,e711
p6279,e682
p9436,e713
p8026,e390
p1401,e174
p1275,e64
p5527,e13
p6385,e960
p6022,e233
p118,e11
p5099,e298
p7341,e189
p2916,e175
p5479,e969
p4881,e559
p1375,e966
p7347,e605
p784,e600
p3239,e51
p7460,e370
p2156,e707
p3735,e404
p1370,e689
p2061,e383
p980,e92
p2443,e867
p2368,e155
p6442,e268
p7828,e235
p597,e572
p516,e561
p4811,e214
p5864,e339
p2125,e263
p452,e579
p6711,e114
p6516,e842
p2239,e68
p5573,e962
p7267,e632
p4574,e41
p6839,e368
p9932,e457
p4492,e382
p5945,e190
p8735,e766
p6889,e190
p6852,e884
p6011,e909
p7094,e729
p9830,e692
p8684,e992
p4809,e44
p4865,e411
p8841,e142
p9654,e195
p7272,e958
p4527,e910
p9657,e760
p688,e464
p2719,e319
p1652,e430
p1471,e745
p483,e468
p7013,e477
p9998,e148
p5966,e58
p2370,e614
p640,e294
p7117,e893
p597,e100
p9862,e732
p5624,e640
p9917,e180
p4153,e360
p2425,e958
p706,e789
p4737,e756
p5908,e280
p2978,e34
p8156,e441
p6167,e290
p21,e73
p4285,e88
p1544,e165
p3684,e520
p7656,e159
p1415,e771
p7557,e770
p5028,e334
p5452,e839
p5559,e467
p1849,e927
p7613,e705
p7414,e334
p3441,e978
p9374,e935
p1591,e278
p2982,e710
p3172,e159
p4481,e54
p2102,e587
p5079,e417
p867,e871
p5306,e9
p8953,e999
p492,e480
p3601,e808
p1224,e849
p2481,e598
p2345,e845
p5508,e341
p3535,e695
p4789,e151
p2319,e929
p5571,e669
p6803,e211
p2454,e896
p5708,e353
p9996,e181
p2238,e876
p7154,e193
p910,e982
p8336,e817
p6208,e605
p2994,e232
p137,e778
p4171,e170
p1571,e270
p4929,e691
p4603,e833
p4266,e127
p8170,e491
p7616,e170
p9798,e223
p5273,e843
p7567,e819
p5449,e739
p7140,e436
p1228,e866
p1665,e837
p4784,e884
p5465,e327
p814,e13
p4449,e53
p1135,e378
p3253,e778
p2420,e352
p4240,e828
p8738,e504
p7686,e798
p9992,e620
p3456,e807
p2760,e13
p7099,e303
p5127,e105
p1585,e955
p428,e823
p4857,e351
p2270,e274
p3882,e908
p513,e572
p8137,e359
p692,e362
p3811,e962
p3333,e96
p1817,e476
p4600,e945
p8726,e522
p976,e224
p5026,e994
p842,e747
p9775,e284
p3743,e85
p5959,e408
p7110,e954
p3746,e721
p3009,e9
p2163,e980
p7848,e247
p3373,e738
p9963,e705
p2212,e722
p3160,e425
p6737,e346
p4590,e898
p78,e363
p7663,e9
p8364,e156
p4604,e469
p3892,e173
p7418,e783
p2392,e563
p8355,e160
p7845,e321
p4210,e701
p7556,e756
p6288,e408
p9332,e942
p8738,e150
p5054,e358
p6572,e962
p8008,e501
p9537,e201
p8966,e288
p720,e417
p5306,e74
p6974,e643
p6838,e826
p4994,e906
p4500,e981
p5954,e610
p9031,e531
p2912,e459
p5499,e404
p3510,e299
p4907,e109
p4128,e420
p4854,e924
p9490,e140
p5343,e458
p7885,e330
p9248,e770
p8632,e885
p7030,e647
p3081,e334
p9314,e503
p2607,e869
p993,e858
p4863,e406
p3191,e854
p4982,e999
p422,e585
p3607,e509
p9999,e723
p3042,e372
p738,e167
p7866,e557
p6948,e409
p4618,e653
p4548,e922
p8356,e50
p9078,e904
p5347,e871
p6291,e236
p3339,e42
p5254,e811
p3443,e201
p1186,e438
p7568,e971
p2340,e561
p6159,e34
p1806,e390
p2493,e226
p8348,e693
p2329,e257
p9986,e317
p891,e402
p7844,e456
p4706,e889
p9709,e565
p3331,e569
p8527,e346
p1856,e731
p4559,e485
p5960,e569
p3518,e498
p7134,e777
p3470,e845
p7338,e113
p2292,e777
p7916,e586
p5298,e336
p3156,e261
p6250,e382
p4503,e763
p3426,e873
p6030,e844
p4527,e313
p151,e205
p4671,e414
p7493,e806
p9159,e274
p2908,e512
p9132,e556
p7122,e203
p3701,e984
p8513,e968
p175,e510
p52,e959
p4007,e867
p1672,e301
p1015,e508
p827,e630
p9162,e576
p9157,e137
p9135,e325
p3065,e574
p8035,e840
p4745,e157
p311,e445
p6934,e148
p6414,e843
p5715,e783
p890,e460
p9548,e36
p7438,e281
p5018,e814
p9208,e814
p8579,e181
p3535,e136
p9857,e871
p7390,e61
p2368,e178
p2962,e194
p5930,e23
p6558,e484
p1228,e887
p8984,e637
p6722,e648
p6355,e419
p8509,e70
p338,e548
p1633,e177
p8611,e405
p6977,e872
p1306,e568
p2929,e986
p5199,e596
p1335,e420
p5172,e793
p8866,e939
p9271,e830
p3218,e517
p8071,e278
p4654,e810
p7751,e443
p6651,e584
p9469,e686
p4820,e760
p5967,e738
p8891,e33
p9621,e371
p2552,e417
p5226,e799
p5570,e614
p5847,e64
p1788,e263
p6248,e186
p4411,e906
p561,e198
p1181,e843
p405,e743
p3588,e510
p3648,e57
p1034,e948
p4256,e259
p7851,e155
p3435,e161
p4728,e697
p2656,e255
p5207,e265
p7034,e515
p6542,e297
p9315,e422
p7105,e261
p2890,e359
p3945,e888
p3631,e373
p1723,e602
p494,e345
p450,e61
p2418,e7
p3977,e666
p7133,e294
p6940,e401
p9796,e234
p6394,e798
p1272,e868
p1279,e920
p8785,e605
p2652,e464
p6230,e536
p1241,e227
p3336,e515
p8701,e494
p823,e811
p6997,e338
p8605,e687
p8408,e542
p1254,e893
p2916,e9
p5330,e221
p2993,e140
p9605,e719
p4614,e844
p9991,e908
p7506,e284
p9305,e570
p8307,e18
p5135,e253
p8923,e442
p7795,e82
p4742,e314
p919,e630
p4752,e899
p1544,e40
p5839,e727
p2542,e240
p9243,e524
p25,e460
p5999,e264
p7632,e834
p8505,e191
p4333,e506
p4230,e422
p7753,e290
p7209,e186
p9354,e829
p5524,e559
p3084,e246
p3041,e626
p9675,e907
p6744,e247
p4306,e167
p227,e828
p1565,e791
p7261,e933
p2933,e951
p6832,e401
p9936,e514
p8465,e925
p7399,e214
p1339,e851
p4931,e854
p5537,e972
p4238,e836
p6389,e189
p5161,e458
p7697,e146
p6622,e653
p4998,e14
p6862,e474
p8520,e371
p6214,e728
p2010,e376
p8625,e97
p8186,e522
p8828,e234
p5513,e90
p2141,e151
p230,e867
p7894,e920
p6767,e444
p850,e758
p6181,e476
p6240,e656
p5318,e537
p5150,e618
p7665,e671
p5670,e593
p1260,e822
p9177,e982
p2545,e812
p7466,e733
p3823,e691
p252,e537
p4157,e511
p5095,e474
p7912,e511
p5229,e352
p9235,e198
p7744,e376
p6375,e263
p4355,e177
p4440,e902
p511,e711
p1759,e203
p2413,e306
p3922,e334
p778,e498
p9062,e947
p2690,e720
p4147,e845
p8821,e915
p7844,e961
p5619,e585
p4550,e557
p3264,e74
p7222,e782
p5186,e675
p5566,e164
p5323,e740
p1531,e486
p8982,e181
p5630,e185
p9957,e141
p3242,e407
p9630,e28
p2312,e421
p8472,e53
p638,e357
p6024,e266
p7273,e785
p4003,e129
p3805,e431
p6923,e792
p8862,e819
p2184,e299
p1220,e546
p4931,e5
p2032,e733
p4842,e284
p5611,e199
p9968,e614
p450,e659
p8488,e99
p7157,e30
p4182,e122
p5637,e332
p4023,e763
p1383,e760
p7644,e244
p4867,e294
p2330,e952
p6388,e160
p7864,e715
p9790,e633
p5763,e434
p6820,e713
p6683,e280
p8343,e317
p6120,e143
p3343,e11
p5274,e786
p1459,e45
p2738,e658
p8382,e103
p1846,e534
p9143,e249
p616,e500
p7024,e417
p9713,e245
p5047,e394
p5160,e209
p95,e207
p8111,e729
p9339,e289
p3773,e524
p1891,e228
p7622,e791
p2194,e331
p8713,e515
p4559,e988
p5262,e878
p2833,e240
p7436,e217
p4499,e801
p4890,e587
p1384,e530
p6289,e922
p7012,e8
p4673,e306
p103,e813
p7354,e228
p5032,e565
p4278,e922
p9411,e112
p9086,e235
p192,e222
p2353,e745
p5465,e106
p7430,e73
p2828,e634
p9890,e416
p3638,e510
p5646,e500
p9411,e447
p5569,e48
p9769,e967
p5228,e72
p9334,e593
p9627,e13
p5750,e832
p9955,e779
p7037,e382
p1347,e860
p5297,e31
p9304,e69
p637,e316
p7601,e902
p3965,e819
p7701,e246
p5951,e955
p9485,e640
p202,e73
p7058,e481
p1403,e63
p7471,e128
p4228,e833
p4876,e285
p2505,e3
p4164,e101
p4084,e882
p4646,e263
p194,e839
p5710,e966
p5759,e635
p8603,e972
p1635,e491
p918,e391
p1287,e954
p6920,e273
p3386,e309
p5353,e332
p1620,e251
p2211,e606
p5418,e114
p9509,e957
p8011,e244
p2078,e541
p9959,e812
p9143,e684
p4652,e554
p9473,e790
p9760,e385
p1735,e987
p4365,e571
p1210,e329
p3095,e112
p8081,e534
p9765,e167
p5301,e136
p3192,e51
p8087,e607
p418,e391
p9633,e985
p9109,e969
p6881,e96
p1634,e261
p7658,e439
p9180,e181
p8258,e285
p9452,e70
p1041,e909
p1057,e295
p715,e16
p6280,e189
p9878,e92
p3680,e987
p7037,e416
p4693,e406
p3432,e320
p8590,e422
p5659,e284
p845,e813
p9381,e264
p7320,e522
p2832,e345
p2787,e346
p660,e296
p2796,e767
p6309,e462
p1300,e195
p4166,e510
p5573,e135
p3914,e337
p5839,e135
p1286,e435
p3450,e128
p117,e371
p8001,e426
p4148,e408
p5852,e621
p3044,e504
p542,e416
p7209,e581
p7144,e387
p9058,e864
p3137,e750
p2292,e670
p3937,e673
p7847,e185
p8670,e705
p3169,e373
p4462,e509
p9779,e825
p7755,e761
p3450,e803
p8444,e479
p1712,e484
p6814,e888
p4201,e212
p5110,e514
p312,e92
p836,e104
p2913,e4
p3151,e783
p8873,e437
p9935,e648
p2913,e985
p9518,e692
p6174,e361
p3131,e786
p8874,e583
p5858,e394
p2214,e442
p6624,e742
p2901,e182
p3310,e150
p1701,e948
p2189,e175
p9947,e230
p5957,e641
p8621,e145
p5689,e389
p149,e492
p734,e122
p1052,e295
p981,e858
p3806,e70
p2703,e431
p4911,e927
p6244,e290
p8322,e443
p4953,e29
p9862,e996
p6506,e93
p8935,e909
p5792,e9
p2894,e800
p944,e543
p6752,e959
p3716,e288
p5981,e362
p3585,e533
p5358,e563
p4495,e307
p9988,e965
p9129,e672
p6513,e649
p3018,e167
p5387,e995
p291,e958
p7930,e419
p9913,e515
p5370,e849
p7147,e562
p7904,e131
p5835,e472
p841,e878
p5005,e899
p9354,e724
p5600,e910
p8950,e465
p6057,e896
p4329,e701
p2933,e654
p1779,e726
p3671,e318
p2653,e88
p1792,e360
p5969,e669
p3210,e517
p9446,e796
p9392,e895
p3566,e446
p3700,e114
p1757,e132
p2591,e69
p3417,e729
p547,e845
p2468,e567
p2993,e589
p8270,e78
p778,e375
p7049,e80
p8255,e228
p7572,e359
p4258,e527
p3076,e584
p4953,e153
p8973,e101
p3380,e987
p7768,e315
p7069,e769
p2898,e727
p8400,e248
p6681,e351
p5172,e102
p2387,e147
p4568,e695
p7196,e556
p2202,e507
p1202,e909
p6956,e263
p8745,e182
p488,e609
p8119,e908
p716,e543
p6727,e689
p8240,e310
p1724,e877
p1303,e712
p5277,e328
p6542,e965
p3641,e269
p2134,e79
p1528,e407
p2870,e40
p9417,e272
p4369,e853
p9087,e653
p2021,e779
p3825,e150
p9367,e695
p7424,e164
p60,e953
p2770,e835
p4712,e690
p4193,e523
p4066,e739
p4998,e585
p6427,e114
p8743,e465
p1659,e352
p2160,e474
p8440,e327
p8254,e940
p4026,e487
p2008,e453
p4399,e912
p8649,e47
p7323,e628
p6675,e601
p2971,e401
p5484,e291
p8229,e174
p4096,e226
p5934,e269
p1577,e141
p2934,e87
p8600,e538
p1243,e605
p5294,e414
p7417,e480
p7526,e527
p4784,e499
p2436,e488
p9581,e993
p915,e391
p3915,e702
p6439,e482
p5811,e141
p8529,e536
p9840,e405
p3023,e709
p773,e105
p721,e938
p4126,e743
p4693,e944
p5431,e201
p2327,e168
p9311,e638
p5004,e76
p5328,e280
p6630,e992
p3662,e732
p9012,e458
p6927,e576
p721,e682
p6648,e871
p9937,e928
p9195,e409
p360,e953
p4067,e652
p4653,e941
p7163,e796
p7516,e348
p7905,e163
p1180,e385
p5726,e308
p1693,e357
p9697,e826
p3447,e899
p4009,e96
p7440,e559
p8149,e209
p1099,e163
p4933,e693
p792,e934
p8423,e701
p1966,e532
p4261,e848
p9365,e971
p6522,e159
p7011,e726
p4058,e404
p6086,e197
p1818,e177
p8115,e155
p2102,e322
p6862,e285
p4347,e756
p2800,e499
p6086,e810
p1513,e347
p2314,e940
p4829,e811
p538,e679
p7651,e174
p1125,e427
p6030,e261
p4316,e271
p4803,e581
p5188,e254
p162,e689
p9689,e614
p3891,e195
p269,e633
p3515,e887
p2773,e786
p1342,e861
p5632,e14
p2185,e677
p4457,e756
p7164,e443
p2192,e479
p4764,e55
p1416,e438
p8820,e261
p5837,e683
p7623,e347
p5715,e36
p4069,e65
p2399,e783
p2280,e921
p7457,e62
p5396,e613
p587,e754
p1403,e453
p8340,e208
p1127,e177
p3465,e791
p1460,e650
p4219,e298
p1981,e410
p400,e837
p2337,e247
p1202,e492
p3473,e48
p6133,e648
p9738,e944
p8135,e880
p8598,e917
p9969,e113
p9575,e590
p6118,e142
p888,e175
p1021,e395
p7133,e913
p3013,e586
p2668,e569
p9962,e853
p7380,e981
p4924,e223
p4535,e69
p5939,e438
p4894,e229
p4273,e937
p3387,e126
p3528,e23
p6294,e567
p8818,e554
p682,e872
p7516,e217
p7617,e834
p7617,e920
p1211,e873
p8764,e64
p3991,e656
p3545,e8
p4861,e449
p721,e484
p5720,e394
p3187,e646
p3914,e915
p5610,e378
p9804,e825
p4502,e824
p7405,e985
p5265,e496
p3804,e305
p2416,e181
p7071,e39
p1420,e856
p8908,e82
p3075,e611
p3852,e517
p239,e794
p7520,e798
p7995,e8
p5010,e238
p3950,e681
p8615,e926
p2254,e500
p6516,e883
p521,e447
p9896,e855
p9995,e868
p5556,e385
p3643,e63
p935,e98
p1041,e167
p2958,e851
p9596,e919
p9207,e910
p2190,e637
p9824,e932
p8113,e296
p8718,e187
p7159,e707
p6437,e369
p36,e567
p7370,e400
p7737,e100
p8572,e251
p8649,e49
p3254,e798
p1601,e653
p517,e336
p5610,e586
p3713,e546
p4635,e321
p1048,e145
p8909,e494
p7397,e100
p6198,e65
p6842,e959
p1290,e788
p8279,e353
p2699,e484
p6049,e515
p7577,e553
p187,e864
p5993,e146
p2576,e936
p2121,e679
p7838,e237
p6431,e206
p5926,e707
p227,e574
p7426,e417
p715,e333
p5137,e961
p9659,e292
p858,e809
p3474,e67
p1991,e563
p4783,e126
p3259,e453
p1355,e6
p6414,e624
p1234,e505
p8481,e45
p1060,e527
p8255,e173
p4214,e835
p515,e865
p2924,e242
p6513,e160
p4909,e713
p7172,e956
p6800,e576
p8998,e762
p1433,e171
p1889,e374
p250,e140
p7827,e212
p2811,e492
p9605,e884
p317,e278
p3940,e437
p2110,e789
p3852,e88
p6435,e230
p793,e818
p2363,e151
p4033,e256
p8252,e834
p2896,e706
p4683,e701
p3313,e985
p5904,e236
p9455,e165
p6022,e908
p3417,e800
p3274,e695
p7639,e430
p9913,e236
p2117,e152
p4484,e946
p5947,e597
p6072,e438
p7186,e492
p2930,e230
p8099,e719
p1565,e337
p64,e190
p3505,e468
p2875,e349
p3590,e932
p3267,e620
p2840,e697
p2539,e694
p2074,e410
p8495,e258
p5081,e710
p363,e361
p360,e181
p8858,e181
p3703,e376
p7500,e784
p4379,e140
p7477,e993
p8640,e11
p3731,e980
p7729,e38
p7507,e116
p3551,e933
p4816,e560
p7290,e652
p6926,e182
p9944,e623
p4185,e247
p8188,e394
p9230,e73
p2106,e309
p529,e974
p6515,e870
p5089,e717
p7363,e324
p6365,e759
p5601,e310
p60,e732
p1432,e22
p2670,e858
p9156,e618
p2326,e375
p8074,e88
p4064,e300
p5647,e793
p7285,e777
p3067,e314
p798,e414
p2428,e239
p47,e310
p2179,e411
p9102,e742
p9762,e713
p3371,e84
p8124,e739
p9912,e190
p2967,e56
p1893,e979
p6464,e51
p2056,e175
p6351,e320
p5085,e599
p3857,e696
p2932,e66
p3931,e620
p7845,e704
p3499,e17
p4786,e572
p1288,e535
p7063,e444
p2406,e710
p8093,e493
p7801,e816
p2967,e188
p732,e85
p7560,e191
p3469,e586
p3453,e935
p8097,e252
p4451,e196
p5589,e262
p9668,e887
p5400,e573
p925,e131
p9166,e496
p6662,e114
p935,e436
p6867,e89
p9919,e422
p8679,e240
p8046,e232
p9621,e881
p523,e675
p4641,e977
p1939,e670
p3028,e928
p6835,e933
p8795,e223
p4781,e386
p498,e914
p1081,e133
p3984,e161
p676,e729
p6302,e468
p670,e127
p865,e174
p9224,e728
p8722,e303
p6741,e371
p6826,e609
p6747,e611
p5932,e53
p2994,e665
p5401,e176
p6856,e136
p7110,e137
p8714,e147
p608,e204
p3092,e284
p3120,e481
p2250,e13
p3588,e967
p8253,e509
p4740,e969
p5675,e936
p1837,e127
p3271,e605
p1431,e116
p4589,e543
p5544,e759
p4676,e358
p6330,e934
p3878,e32
p5313,e675
p3998,e247
p7500,e376
p6924,e757
p7310,e636
p4121,e920
p2206,e77
p8960,e688
p9436,e398
p4662,e611
p324,e508
p6677,e612
p9815,e246
p9823,e457
p2140,e835
p7832,e23
p9753,e198
p5318,e256
p31,e534
p8878,e144
p6652,e292
p9462,e761
p4238,e304
p7703,e37
p105,e967
p3777,e441
p1266,e271
p8695,e795
p8371,e652
p1909,e967
p7172,e207
p5873,e937
p7661,e412
p9579,e300
p6858,e697
p8726,e499
p5432,e159
p8872,e603
p4386,e728
p2490,e67
p5534,e225
p3855,e38
p6439,e497
p2730,e196
p2527,e326
p20,e73
p2893,e787
p5841,e743
p8547,e759
p8772,e790
p5802,e234
p5677,e804
p227,e193
p7770,e484
p1684,e505
p4810,e982
p2023,e579
p316,e975
p394,e770
p6023,e601
p4913,e649
p1817,e829
p3997,e777
p4251,e56
p135,e587
p5623,e676
p95,e982
p2303,e44
p3677,e126
p3348,e827
p2420,e891
p6073,e791
p1443,e173
p4241,e291
p582,e49
p5882,e733
p4422,e65
p3447,e876
p7355,e154
p5739,e965
p5047,e990
p6735,e418
p5798,e614
p516,e872
p4549,e337
p3529,e321
p8113,e502
p6421,e829
p1760,e647
p3407,e461
p7068,e104
p8946,e976
p5099,e714
p6823,e510
p739,e465
p4160,e883
p5574,e334
p3288,e575
p9725,e358
p2649,e896
p1496,e967
p6977,e214
p8493,e926
p9194,e527
p8122,e61
p4598,e631
p5708,e417
p8968,e754
p8108,e652
p8463,e519
p7238,e978
p6884,e245
p7058,e43
p3998,e127
p1548,e840
p9092,e449
p2913,e333
p2935,e281
p2583,e575
p9610,e344
p4939,e773
p1052,e664
p7731,e980
p4527,e907
p2673,e404
p3322,e374
p7896,e73
p1839,e661
p185,e629
p9845,e758
p9244,e772
p6530,e569
p3203,e512
p8802,e573
p6068,e416
p3085,e344
p6370,e218
p4282,e943
p9726,e315
p5908,e37
p3644,e410
p2503,e13
p9802,e65
p3378,e630
p3542,e305
p25,e751
p8119,e339
p8301,e577
p2885,e28
p3332,e279
p7723,e719
p5066,e871
p3964,e174
p7724,e461
p5968,e474
p9334,e469
p7046,e99
p7763,e416
p7581,e44
p9566,e769
p110,e887
p3502,e256
p3766,e942
p5746,e962
p6517,e435
p4816,e11
p1765,e142
p2305,e405
p8337,e468
p23,e175
p5393,e386
p9276,e827
p3542,e553
p7138,e47
p1211,e44
p7341,e887
p6679,e670
p5129,e196
p6748,e833
p985,e44
p7137,e702
p4428,e229
p2967,e363
p9163,e48
p8823,e760
p4149,e951
p7832,e651
p3602,e937
p232,e167
p611,e572
p1702,e622
p8790,e628
p5239,e738
p1772,e373
p2431,e8
p1965,e456
p9858,e52
p2327,e841
p4220,e769
p8786,e203
p546,e682
p3744,e629
p5362,e626
p2638,e812
p4753,e556
p626,e147
p6309,e129
p5096,e217
p2123,e244
p8367,e418
p3238,e144
p6626,e39
p612,e199
p2029,e821
p4948,e624
p2163,e156
p1418,e109
p8662,e832
p1270,e776
p6240,e853
p2533,e950
p2801,e941
p1684,e902
p222,e494
p9766,e459
p6550,e464
p1471,e347
p1720,e618
p622,e857
p6147,e624
p3343,e797
p4474,e263
p9375,e466
p6089,e857
p8763,e609
p9708,e806
p9095,e521
p6298,e799
p706,e771
p7906,e575
p5009,e313
p2822,e764
p5420,e903
p2711,e872
p4693,e918
p1784,e846
p8061,e938
p5792,e458
p7587,e235
p332,e134
p9926,e140
p3865,e391
p3373,e96
p6409,e645
p7564,e48
p8466,e446
p8740,e606
p5097,e587
p5478,e935
p13,e513
p3500,e767
p5081,e606
p8186,e509
p9041,e899
p7452,e439
p4454,e288
p2713,e339
p41,e241
p6984,e368
p3984,e429
p3441,e179
p9710,e406
p1487,e608
p6488,e773
p2392,e116
p5815,e269
p7116,e928
p9104,e398
p5803,e174
p7257,e845
p2624,e876
p5764,e653
p7117,e670
p8750,e24
p5047,e651
p1833,e461
p2566,e477
p4154,e526
p7563,e339
p9073,e136
p1352,e796
p2966,e177
p5879,e447
p1834,e311
p4040,e819
p8033,e250
p8190,e420
p1581,e477
p4228,e400
p1926,e680
p9630,e786
p8072,e79
p883,e466
p2101,e753
p1452,e536
p2352,e836
p5548,e869
p4276,e90
p5996,e261
p7714,e356
p6419,e485
p9277,e218
p5252,e141
p9588,e624
p9426,e882
p4861,e537
p4107,e95
p6607,e726
p7490,e745
p1261,e81
p1973,e193
p5689,e934
p9119,e473
p2181,e199
p71,e820
p4672,e648
p7470,e905
p5089,e392
p2074,e624
p8598,e779
p9245,e431
p3742,e214
p9441,e839
p7133,e530
p3292,e907
p1077,e625
p4689,e297
p5551,e339
p9432,e164
p1446,e731
p2053,e379
p4969,e738
p1275,e83
p894,e238
p840,e276
p9114,e237
p2313,e923
p1017,e96
p7484,e756
p7130,e338
p9105,e756
p4861,e993
p4365,e614
p4949,e943
p9865,e188
p2621,e514
p2987,e899
p6494,e692
p6741,e331
p7401,e514
p3124,e902
p1424,e38
p3206,e545
p3429,e430
p5353,e665
p920,e591
p4635,e928
p670,e507
p1532,e875
p2887,e658
p9288,e678
p7504,e586
p9460,e792
p3454,e701
p6663,e372
p1249,e152
p3675,e401
p6568,e16
p7295,e771
p1443,e371
p3834,e63
p9164,e697
p8821,e496
p5980,e888
p9427,e582
p5739,e579
p5104,e88
p4565,e409
p9455,e10
p3801,e405
p3594,e495
p7334,e223
p2221,e820
p2784,e254
p1227,e29
p6235,e713
p1400,e844
p7576,e850
p2807,e290
p3890,e690
p8053,e796
p5084,e39
p6382,e928
p8366,e42
p7395,e359
p2041,e8
p2859,e953
p8258,e253
p6979,e827
p5246,e437
p867,e522
p7530,e92
p5248,e703
p6626,e548
p8129,e763
p8871,e317
p7788,e484
p1929,e490
p9054,e338
p9386,e721
p2563,e385
p208,e692
p7893,e622
p7171,e7
p4731,e88
p5002,e107
p1522,e735
p8192,e557
p5748,e252
p6064,e262
p8946,e329
p7701,e492
p8550,e532
p1774,e871
p8834,e878
p8839,e78
p3481,e125
p685,e786
p752,e640
p2046,e912
p4669,e485
p3829,e94
p6039,e592
p4838,e124
p3474,e572
p5828,e993
p2375,e562
p9114,e201
p2159,e211
p2266,e563
p5201,e821
p3603,e583
p6340,e985
p7602,e918
p8538,e157
p3786,e391
p8859,e870
p4445,e636
p443,e893
p9446,e380
p8165,e484
p5771,e335
p3974,e652
p9577,e174
p9268,e144
p1252,e736
p6946,e758
p9885,e984
p9432,e149
p2447,e741
p6079,e439
p1701,e45
p9456,e633
p3310,e403
p9182,e185
p851,e408
p7258,e572
p6274,e553
p1761,e142
p9037,e898
p3232,e865
p5198,e943
p5216,e453
p2141,e941
p1406,e176
p1081,e963
p8546,e382
p1924,e913
p8688,e826
p929,e682
p718,e809
p9060,e121
p4680,e570
p6827,e494
p3905,e797
p1105,e643
p6453,e199
p7531,e718
p5807,e313
p8828,e152
p713,e125
p713,e550
p9516,e519
p5364,e72
p6847,e138
p1273,e334
p4336,e601
p1274,e398
p547,e823
p3832,e756
p8848,e154
p7391,e913
p5885,e676
p7667,e285
p9207,e934
p1432,e280
p1328,e99
p4558,e733
p233,e577
p6895,e49
p8925,e583
p679,e976
p9508,e97
p8196,e595
p1900,e788
p1386,e341
p6799,e969
p5311,e176
p3963,e349
p2359,e866
p5916,e714
p2402,e509
p2627,e965
p5170,e605
p312,e660
p3776,e113
p2119,e340
p7139,e702
p3579,e36
p6576,e2
p4478,e641
p298,e455
p3060,e181
p4258,e465
p1210,e211
p1996,e411
p2300,e510
p2036,e879
p7987,e824
p639,e610
p1868,e294
p2022,e689
p5883,e420
p2341,e557
p5972,e970
p3637,e270
p8754,e784
p7920,e295
p803,e658
p9050,e732
p7182,e392
p2098,e215
p9508,e521
p2762,e684
p9098,e713
p9955,e193
p4607,e939
p7014,e272
p2445,e812
p8802,e455
p3377,e820
p8959,e572
p8700,e248
p3846,e217
p37,e192
p8532,e172
p5257,e648
p8427,e508
p7682,e856
p794,e208
p8846,e135
p4766,e271
p2829,e23
p9076,e185
p2946,e712
p6528,e625
p7594,e767
p445,e15
p308,e14
p1205,e86
p6369,e169
p1835,e435
p5371,e646
p2317,e659
p3739,e352
p5859,e901
p4089,e213
p5111,e864
p6289,e995
p8942,e332
p2408,e295
p8347,e949
p144,e449
p1246,e828
p9875,e133
p3051,e856
p4600,e241
p1371,e757
p5587,e585
p1971,e622
p9667,e548
p3124,e774
p4994,e859
p6106,e751
p4386,e119
p5966,e529
p5888,e354
p3982,e994
p1943,e210
p6531,e551
p3052,e102
p4626,e769
p698,e11
p1350,e516
p8129,e119
p6453,e510
p624,e480
p4970,e183
p6038,e581
p7438,e711
p9769,e794
p996,e507
p91,e129
p484,e500
p1325,e120
p2939,e103
p5853,e370
p6485,e930
p2122,e337
p2159,e888
p8378,e494
p8950,e624
p891,e488
p8673,e448
p5693,e82
p5144,e10
p6905,e521
p3872,e666
p9012,e862
p7266,e802
p7110,e918
p8320,e887
p3675,e977
p7682,e241
p402,e602
p1793,e381
p4508,e834
p9795,e747
p2889,e269
p816,e110
p659,e948
p4242,e849
p8621,e479
p9980,e188
p5931,e303
p3961,e36
p5691,e2
p9045,e898
p419,e743
p1586,e447
p5922,e39
p9487,e897
p6576,e214
p1809,e840
p6076,e121
p1088,e627
p6597,e981
p2438,e54
p6602,e197
p661,e691
p7785,e343
p2933,e349
p6362,e191
p7949,e531
p8571,e46
p3563,e612
p3236,e101
p9187,e904
p7874,e719
p9598,e536
p5239,e523
p2516,e291
p1690,e861
p1117,e309
p2459,e705
p3934,e525
p7807,e267
p6540,e912
p2112,e497
p4804,e561
p3103,e956
p2812,e776
p1007,e843
p9282,e135
p2100,e602
p753,e6
p4110,e625
p7983,e282
p3460,e386
p1413,e532
p9665,e643
p4809,e913
p4617,e44
p6968,e145
p4272,e27
p517,e727
p9574,e428
p5621,e638
p1616,e393
p9399,e941
p4243,e394
p2362,e849
p3764,e517
p9014,e802
p7006,e189
p1814,e152
p3313,e936
p6460,e183
p9063,e107
p9859,e932
p2542,e925
p1718,e822
p7783,e695
p5012,e623
p3436,e809
p7064,e141
p2031,e237
p5074,e621
p8201,e368
p9860,e67
p7352,e244
p4245,e705
p1811,e237
p4721,e83
p9088,e879
p4336,e723
p264,e360
p7378,e785
p2638,e134
p1573,e907
p6897,e342
p9361,e848
p4363,e309
p3675,e521
p5605,e883
p5305,e990
p511,e517
p6452,e929
p7639,e755
p3647,e445
p9903,e739
p5410,e911
p6648,e366
p2606,e41
p579,e309
p7094,e759
p7104,e184
p1765,e307
p3874,e755
p7100,e616
p9881,e360
p8933,e430
p9421,e906
p4475,e943
p6285,e380
p5630,e556
p1191,e175
p3876,e405
p7854,e152
p1024,e163
p7743,e147
p3699,e218
p6884,e601
p8314,e325
p9549,e94
p7811,e266
p1948,e521
p1934,e121
p775,e910
p6432,e476
p2680,e661
p7911,e70
p7339,e920
p8951,e671
p4940,e698
p4327,e455
p9082,e869
p4972,e551
p5479,e46
p1928,e203
p1914,e101
p6106,e389
p8356,e327
p1473,e690
p6607,e816
p5171,e649
p1577,e182
p354,e806
p8738,e737
p5917,e540
p3082,e343
p8981,e704
p8331,e222
p8481,e287
p1095,e357
p6575,e942
p2197,e181
p9747,e803
p7085,e683
p8144,e682
p7435,e158
p7452,e139
p2315,e969
p8831,e779
p7955,e658
p1503,e397
p1025,e527
p1593,e898
p2594,e218
p4651,e803
p5545,e391
p8191,e329
p3516,e279
p6662,e903
p9815,e348
p1756,e876
p3350,e762
p8547,e739
p5735,e264
p1381,e801
p2563,e709
p5969,e547
p9220,e612
p2900,e24
p2376,e676
p4328,e404
p573,e476
p3835,e532
p1210,e248
p4347,e421
p343,e721
p8544,e409
p848,e391
p5266,e780
p1340,e696
p9979,e872
p9177,e354
p7358,e542
p5914,e592
p138,e950
p176,e899
p1506,e475
p4152,e32
p5659,e195
p1195,e561
p9267,e747
p90,e792
p8732,e186
p2031,e5
p2138,e959
p2920,e83
p5005,e310
p4087,e54
p6480,e261
p9598,e776
p5411,e731
p5542,e713
p1410,e174
p868,e663
p7152,e299
p585,e868
p3483,e1
p4328,e107
p6237,e835
p4927,e970
p3675,e445
p1104,e170
p9416,e506
p8091,e773
p3334,e582
p1967,e557
p1175,e786
p2064,e556
p2821,e888
p8829,e379
p4580,e150
p2831,e963
p5472,e962
p2303,e908
p88,e631
p7871,e211
p4039,e729
p1350,e941
p147,e571
p2539,e921
p6626,e496
p1967,e141
p7294,e486
p6475,e325
p8038,e90
p9061,e337
p9326,e846
p4154,e784
p57,e864
p2803,e739
p3430,e559
p902,e956
p9046,e478
p3389,e759
p1072,e665
p4203,e722
p7412,e161
p3958,e389
p2254,e186
p852,e29
p7315,e855
p3224,e888
p1315,e717
p5633,e829
p6055,e929
p8415,e165
p8182,e893
p2171,e561
p7619,e721
p6022,e604
p9580,e395
p5206,e514
p8131,e297
p3120,e787
p7917,e603
p4301,e221
p267,e205
p862,e454
p3082,e643
p2663,e601
p8365,e57
p7305,e675
p8158,e728
p7972,e637
p1891,e621
p7199,e136
p1951,e149
p245,e514
p5513,e363
p4411,e586
p9342,e73
p1406,e372
p3292,e364
p2847,e836
p1820,e389
p4234,e446
p9635,e982
p2513,e69
p9531,e112
p2734,e505
p2388,e562
p2324,e350
p1647,e905
p6979,e349
p4285,e48
p8982,e305
p9188,e381
p3679,e892
p4128,e814
p1823,e174
p7059,e558
p9807,e722
p2842,e293
p5557,e409
p2444,e830
p5757,e783
p4034,e918
p5418,e555
p7625,e464
p4607,e523
p6609,e253
p9106,e928
p5383,e488
p5978,e840
p1410,e505
p9591,e383
p1879,e258
p1395,e549
p1904,e654
p8390,e600
p3898,e707
p5536,e344
p9135,e301
p4105,e821
p2494,e286
p6578,e156
p9411,e823
p3914,e338
p2458,e841
p9508,e620
p2357,e386
p8274,e689
p3968,e166
p4434,e326
p5821,e727
p3297,e284
p2820,e141
p2597,e447
p2075,e93
p6522,e901
p384,e209
p4703,e950
p9642,e148
p3539,e629
p5271,e995
p438,e481
p8947,e164
p6478,e874
p8354,e211
p9897,e514
p6829,e760
p8532,e362
p8123,e474
p6116,e722
p3142,e390
p4341,e522
p5832,e784
p5073,e128
p4697,e180
p8218,e766
p643,e148
p5656,e427
p9776,e58
p6180,e566
p9669,e542
p5677,e558
p5487,e116
p9039,e721
p2601,e778
p3445,e374
p1513,e747
p6878,e816
p137,e567
p7383,e655
p2759,e966
p3530,e644
p6810,e262
p8798,e473
p4875,e254
p2682,e551
p3131,e216
p2089,e262
p7382,e638
p1792,e557
p9485,e673
p5433,e60
p1992,e758
p30,e418
p1146,e299
p7416,e946
p4721,e347
p9187,e352
p3803,e318
p2690,e424
p1546,e70
p9083,e463
p5059,e783
p3793,e791
p4402,e445
p4293,e494
p4640,e802
p9437,e896
p4456,e651
p6925,e630
p5268,e164
p7640,e554
p3250,e327
p639,e842
p8589,e240
p7597,e263
p1113,e816
p8011,e788
p1062,e638
p9355,e90
p4179,e928
p5237,e916
p4612,e558
p9554,e872
p6375,e193
p9199,e748
p1183,e688
p1645,e114
p1295,e563
p5324,e394
p6604,e455
p908,e685
p5921,e329
p8838,e602
p1853,e592
p1238,e158
p495,e478
p2951,e89
p6319,e978
p715,e95
p1906,e573
p7775,e670
p8291,e487
p2034,e760
p4120,e988
p2720,e427
p814,e869
p7167,e501
p8472,e377
p9580,e785
p1678,e203
p9511,e188
p6616,e474
p9443,e748
p7257,e538
p4137,e454
p3306,e779
p8875,e145
p8327,e258
p563,e732
p8707,e38
p8008,e943
p6342,e511
p1982,e204
p6323,e130
p3288,e122
p4354,e909
p8559,e837
p8831,e562
p1950,e314
p2957,e807
p4877,e709
p3210,e235
p8851,e694
p1641,e771
p2050,e833
p7274,e656
p7628,e90
p6985,e248
p8865,e579
p1252,e659
p5594,e423
p3607,e211
p308,e136
p8077,e882
p9064,e403
p1676,e811
p156,e839
p5882,e124
p9573,e385
p4441,e442
p3438,e310
p5107,e785
p8006,e65
p7955,e677
p5683,e785
p5417,e397
p7170,e410
p3725,e974
p1375,e480
p469,e356
p764,e568
p7628,e315
p3044,e515
p317,e680
p6587,e293
p2763,e172
p7219,e890
p1782,e108
p8308,e854
p2624,e3
p3649,e212
p363,e325
p4239,e994
p4032,e973
p6327,e700
p1122,e386
p2563,e205
p1994,e853
p1114,e285
p3866,e401
p5115,e65
p5582,e888
p340,e193
p1273,e42
p4585,e446
p3422,e413
p3187,e601
p8640,e655
p4558,e854
p3692,e970
p4341,e869
p3604,e786
p1529,e157
p7088,e176
p3682,e614
p6788,e910
p750,e217
p9656,e897
p467,e526
p7460,e689
p2186,e715
p8982,e456
p6805,e313
p7944,e438
p6078,e873
p6330,e885
p6098,e285
p1114,e217
p297,e339
p1705,e572
p905,e527
p1322,e910
p2028,e775
p9491,e260
p8596,e896
p8745,e369
p7490,e834
p5955,e127
p3819,e40
p6819,e364
p4201,e451
p4824,e194
p1241,e133
p773,e840
p7562,e831
p7201,e849
p1610,e388
p6225,e310
p3580,e337
p4124,e856
p9769,e966
p2012,e443
p6372,e83
p3356,e105
p8844,e447
p7239,e575
p3980,e669
p9541,e285
p4739,e208
p7541,e13
p3217,e587
p1845,e699
p2287,e99
p8905,e385
p509,e628
p6011,e556
p1638,e40
p221,e24
p6224,e260
p4475,e336
p394,e440
p2576,e935
p8004,e241
p660,e576
p6691,e728
p3147,e867
p89,e288
p5951,e255
p960,e102
p1520,e581
p4925,e678
p2055,e152
p8747,e160
p9596,e639
p3903,e887
p9252,e842
p4052,e391
p6506,e818
p3087,e852
p9591,e829
p3301,e619
p3415,e539
p965,e750
p4173,e823
p6522,e128
p4651,e994
p6790,e339
p3359,e817
p7797,e790
p7112,e697
p9739,e583
p171,e497
p7165,e451
p1481,e630
p4803,e228
p3658,e920
p6392,e353
p9440,e49
p3072,e668
p8305,e892
p1004,e629
p6157,e757
p8611,e611
p2680,e833
p7455,e930
p5296,e516
p3119,e530
p9589,e252
p9185,e525
p7583,e206
p8588,e692
p5230,e421
p8641,e30
p5252,e598
p5364,e131
p2486,e891
p3413,e104
p1682,e825
p1684,e835
p3435,e362
p223,e840
p4873,e281
p9274,e354
p3676,e126
p5620,e261
p3736,e814
p3539,e24
p4582,e181
p9656,e845
p4976,e112
p8008,e972
p481,e237
p4966,e749
p5270,e501
p788,e352
p4741,e862
p6055,e785
p9065,e781
p7501,e137
p6638,e845
p6082,e531
p4555,e476
p3655,e225
p9183,e532
p3872,e597
p2053,e824
p4234,e913
p2154,e816
p4905,e148
p2251,e316
p9754,e436
p8126,e700
p9382,e998
p1783,e895
p6001,e91
p9050,e568
p3334,e958
p7340,e482
p5565,e546
p9144,e224
p8702,e873
p1504,e973
p8642,e524
p121,e765
p3718,e560
p1594,e721
p649,e697
p3412,e772
p8413,e496
p4365,e637
p3060,e479
p8375,e952
p4876,e957
p6130,e810
p9641,e527
p1508,e793
p501,e437
p8899,e312
p4510,e147
p9118,e247
p6026,e936
p3025,e963
p8333,e502
p3104,e498
p9934,e660
p9629,e509
p675,e912
p2379,e107
p4749,e421
p768,e841
p2561,e473
p623,e232
p6405,e882
p9033,e445
p1642,e618
p9675,e675
p4247,e840
p6062,e901
p5434,e168
p9172,e343
p8720,e74
p6493,e293
p2736,e408
p2553,e153
p8414,e975
p7913,e364
p1069,e55
p535,e550
p8905,e33
p5738,e289
p3908,e641
p7182,e413
p8421,e130
p4077,e314
p8278,e655
p5323,e34
p8359,e944
p8921,e907
p6597,e912
p393,e868
p4218,e150
p4771,e525
p5202,e666
p9617,e183
p4938,e223
p4291,e410
p1791,e955
p5221,e743
p3177,e45
p4760,e328
p1074,e162
p1145,e554
p8387,e235
p2604,e561
p1115,e148
p7833,e101
p8216,e648
p7388,e648
p1939,e804
p3703,e797
p7100,e440
p6030,e367
p4372,e460
p1584,e328
p4468,e706
p449,e203
p4511,e448
p2902,e202
p7825,e732
p7691,e348
p149,e424
p2687,e171
p2834,e874
p9626,e552
p5679,e659
p7008,e470
p6348,e517
p5313,e80
p7829,e266
p9911,e770
p9296,e511
p5321,e250
p6279,e614
p9626,e282
p2307,e102
p626,e901
p4537,e228
p4768,e154
p3986,e545
p9437,e710
p4844,e383
p3863,e730
p5552,e488
p8483,e658
p5104,e829
p4808,e736
p6325,e428
p803,e758
p3434,e831
p9172,e701
p2096,e555
p5892,e927
p2761,e989
p3269,e668
p7089,e117
p6993,e370
p127,e343
p2243,e794
p5195,e750
p9421,e635
p9174,e613
p4902,e563
p1594,e481
p6362,e103
p2660,e750
p1223,e872
p2690,e243
p252,e257
p8947,e472
p8919,e129
p4693,e630
p4572,e946
p2798,e301
p2363,e639
p2298,e107
p5507,e613
p4684,e59
p2134,e336
p1708,e33
p9295,e684
p2061,e812
p7850,e336
p1771,e801
p226,e725
p9154,e229
p9268,e35
p5997,e748
p4254,e388
p3835,e822
p9994,e595
p6625,e637
p9959,e599
p6446,e470
p5793,e565
p7262,e905
p5253,e91
p5263,e363
p5558,e585
p9309,e691
p3240,e537
p7045,e611
p40,e200
p18,e487
p2092,e517
p3272,e896
p8553,e614
p9044,e458
p7182,e471
p4372,e92
p5427,e178
p4562,e427
p96,e818
p4763,e666
p6410,e842
p3792,e778
p8349,e206
p7912,e42
p7976,e679
p4043,e31
p4554,e771
p3518,e886
p5876,e76
p8648,e241
p7903,e931
p4948,e218
p2195,e456
p1626,e64
p3100,e10
p498,e564
p8699,e769
p9185,e357
p8452,e971
p1481,e895
p7146,e95
p5203,e965
p9741,e502
p3151,e774
p9198,e668
p9518,e228
p4213,e622
p3103,e736
p4830,e49
p2203,e162
p6934,e307
p2115,e171
p245,e474
p9239,e962
p3529,e441
p4725,e654
p3916,e631
p7081,e800
p7083,e528
p1933,e642
p2860,e496
p2848,e542
p8332,e736
p5634,e15
p8054,e86
p1960,e956
p7660,e474
p6895,e992
p8901,e771
p1313,e940
p9174,e261
p1403,e597
p2597,e155
p9038,e661
p3168,e648
p3423,e715
p4487,e386
p2462,e921
p557,e344
p3653,e249
p6481,e847
p2146,e765
p5818,e691
p4839,e468
p3038,e649
p6245,e456
p1929,e312
p3929,e861
p4989,e222
p4575,e550
p6406,e851
p6976,e733
p5793,e695
p502,e667
p7396,e786
p3541,e862
p1730,e352
p88,e448
p3958,e198
p3260,e360
p7695,e49
p1744,e77
p6313,e924
p3043,e719
p5596,e29
p5963,e639
p1612,e950
p5186,e361
p8691,e540
p1329,e821
p1638,e837
p679,e940
p4551,e898
p5642,e251
p3808,e124
p3962,e932
p505,e781
p2600,e475
p9082,e181
p3451,e540
p9135,e802
p357,e33
p6249,e412
p7436,e978
p6583,e811
p1848,e180
p8743,e311
p3732,e274
p4645,e607
p2684,e671
p3910,e40
p3550,e736
p5623,e398
p6282,e639
p2985,e775
p940,e253
p2456,e22
p7664,e335
p7958,e805
p6174,e300
p8595,e965
p9762,e493
p2251,e486
p2346,e295
p2587,e889
p5375,e810
p9822,e495
p8236,e931
p2982,e483
p9146,e156
p5989,e765
p3424,e152
p3941,e10
p1547,e322
p6317,e898
p8689,e854
p6945,e817
p3781,e230
p3021,e71
p5819,e677
p4853,e841
p19,e566
p2180,e427
p603,e86
p6438,e393
p9812,e627
p2418,e854
p4237,e667
p8172,e234
p1133,e357
p5966,e947
p1536,e790
p9649,e187
p349,e429
p1198,e301
p2405,e73
p5954,e685
p4170,e127
p7427,e625
p463,e785
p7978,e133
p9826,e682
p6580,e583
p1817,e728
p2992,e29
p3488,e437
p2455,e281
p6751,e533
p53,e757
p2303,e402
p3368,e994
p9023,e729
p1446,e866
p4422,e224
p1225,e964
p8107,e798
p240,e790
p5780,e96
p7799,e394
p3750,e825
p488,e935
p8209,e494
p3861,e433
p6647,e768
p4225,e886
p1795,e914
p2346,e382
p9136,e732
p226,e256
p7221,e395
p880,e516
p1864,e658
p4503,e861
p1515,e303
p1362,e291
p3870,e186
p1131,e540
p2898,e974
p9750,e94
p2935,e348
p5453,e604
p7131,e832
p504,e131
p5684,e723
p8674,e533
p498,e979
p194,e823
p3492,e976
p7372,e406
p866,e492
p1848,e144
p6578,e570
p6925,e569
p3317,e245
p5703,e382
p7297,e350
p9237,e554
p5591,e525
p8647,e388
p6399,e568
p4167,e318
p2946,e844
p317,e52
p5628,e229
p3847,e363
p4455,e133
p9875,e61
p8760,e669
p7996,e26
p6667,e15
p7775,e374
p1938,e362
p7885,e371
p590,e867
p2648,e216
p4184,e676
p5700,e453
p3060,e783
p3114,e407
p619,e461
p2342,e125
p3499,e954
p7007,e502
p7787,e419
p2631,e879
p2088,e680
p6404,e138
p2585,e641
p3118,e298
p3057,e577
p888,e31
p6523,e589
p6747,e593
p7783,e347
p2522,e924
p4586,e957
p4986,e309
p8668,e877
p2087,e167
p1370,e892
p1132,e506
p5170,e663
p8574,e626
p8013,e828
p395,e711
p201,e75
p684,e187
p9457,e298
p5338,e736
p8860,e370
p3934,e374
p6282,e578
p5829,e756
p8643,e625
p235,e872
p1898,e565
p9955,e124
p7063,e966
p3747,e226
p347,e78
p9788,e384
p3087,e224
p5631,e434
p6098,e744
p217,e590
p3373,e626
p7728,e498
p7499,e133
p8581,e134
p3902,e760
p4325,e229
p853,e821
p5991,e928
p502,e529
p2086,e48
p2947,e404
p1097,e144
p3657,e115
p3812,e599
p6132,e194
p1058,e299
p2706,e86
p7008,e943
p9819,e411
p3220,e140
p6768,e230
p3216,e665
p8986,e304
p978,e853
p9624,e243
p2136,e750
p7234,e238
p4778,e619
p2063,e162
p367,e146
p6237,e433
p8599,e302
p5578,e532
p1256,e867
p7147,e861
p4458,e75
p2838,e132
p3016,e9
p2455,e872
p2288,e652
p6604,e489
p5266,e800
p7769,e49
p6385,e950
p5809,e589
p6787,e492
p7298,e561
p6699,e630
p3644,e758
p2375,e611
p1946,e903
p2850,e290
p5067,e528
p204,e972
p754,e227
p7101,e106
p4511,e566
p4678,e369
p372,e518
p2909,e58
p7465,e743
p812,e967
p5035,e100
p876,e357
p4845,e589
p3973,e843
p3648,e986
p766,e682
p7285,e185
p4632,e327
p1925,e449
p6639,e114
p2585,e296
p6479,e331
p2118,e970
p9811,e524
p1930,e930
p4768,e871
p1060,e479
p3638,e344
p5306,e239
p634,e303
p2126,e183
p3014,e395
p1376,e273
p5463,e162
p8694,e385
p2671,e784
p9628,e268
p3970,e969
p3778,e921
p8860,e500
p9139,e365
p6931,e364
p6987,e512
p6360,e248
p6779,e175
p6667,e508
p2214,e211
p8307,e485
p3772,e969
p3305,e178
p852,e251
p7814,e480
p5707,e635
p7887,e735
p8796,e852
p4518,e668
p292,e108
p869,e448
p2521,e769
p8303,e552
p8564,e500
p7114,e108
p8251,e634
p5004,e578
p4286,e870
p5531,e835
p9963,e272
p3755,e642
p9202,e308
p738,e798
p5982,e150
p3365,e569
p4391,e768
p7466,e574
p1497,e250
p3595,e203
p7355,e899
p5996,e943
p6434,e106
p7625,e424
p6280,e587
p1005,e952
p1986,e768
p1680,e230
p1954,e253
p1304,e471
p7140,e624
p8435,e355
p5310,e169
p1632,e845
p7705,e304
p8413,e436
p4734,e907
p4237,e66
p9665,e363
p8797,e655
p387,e328
p5635,e546
p603,e400
p2481,e801
p3436,e56
p8265,e148
p3740,e439
p8281,e466
p2932,e447
p6702,e139
p6250,e3
p8018,e96
p9974,e344
p2098,e681
p2433,e467
p5831,e62
p2449,e696
p3839,e261
p9336,e6
p2352,e487
p6816,e638
p5871,e35
p9278,e100
p2854,e502
p5493,e839
p3202,e101
p4914,e554
p2413,e268
p2002,e948
p5224,e310
p7717,e240
p8060,e493
p1317,e451
p3075,e399
p1687,e434
p1189,e993
p8715,e21
p930,e973
p3721,e634
p9766,e484
p8697,e114
p856,e758
p7517,e603
p2276,e940
p8496,e765
p5633,e656
p5468,e995
p4693,e427
p5236,e889
p203,e531
p2468,e55
p8752,e963
p1668,e116
p9886,e464
p32,e849
p5085,e472
p809,e731
p6109,e995
p8250,e898
p2362,e646
p729,e529
p1398,e699
p7724,e117
p9276,e592
p5437,e29
p222,e336
p5484,e856
p6345,e640
p2275,e724
p2680,e194
p9165,e609
p970,e125
p2039,e382
p6105,e160
p7103,e974
p4869,e551
p3933,e347
p8336,e654
p3391,e425
p5108,e189
p9167,e29
p5660,e113
p6108,e822
p6290,e500
p8049,e952
p6618,e678
p3651,e623
p6224,e355
p728,e40
p9020,e488
p7811,e773
p6780,e799
p8507,e132
p3018,e177
p8408,e626
p5896,e153
p7265,e11
p1733,e28
p1116,e432
p935,e127
p4972,e406
p5525,e664
p7153,e390
p6909,e437
p2091,e439
p6684,e317
p4865,e753
p4932,e820
p9429,e153
p1575,e500
p4969,e178
p1063,e986
p6325,e358
p7906,e679
p4198,e688
p7797,e307
p4956,e0
p1846,e624
p9148,e562
p1208,e324
p3157,e428
p3054,e357
p7752,e678
p7351,e164
p1065,e427
p3028,e182
p2976,e492
p6596,e870
p6835,e143
p1216,e210
p9187,e421
p2797,e916
p6666,e869
p9614,e127
p7180,e432
p5230,e398
p2858,e97
p4521,e205
p7267,e976
p2601,e625
p682,e451
p7866,e445
p7924,e542
p9038,e282
p4847,e565
p9304,e877
p6802,e218
p3422,e234
p307,e166
p9949,e416
p8235,e848
p5259,e488
p3286,e677
p2736,e18
p4190,e56
p4562,e150
p3600,e23
p6875,e89
p2027,e898
p706,e376
p9299,e670
p1092,e92
p124,e990
p4936,e734
p5233,e433
p5846,e296
p5714,e350
p8852,e85
p9914,e310
p9596,e640
p9151,e951
p8679,e745
p6157,e730
p6963,e313
p3834,e63
p2725,e207
p194,e871
p8171,e717
p6979,e783
p5745,e203
p9668,e622
p7684,e301
p838,e334
p9650,e45
p2880,e681
p8899,e693
p6245,e737
p9717,e762
p599,e498
p2625,e532
p912,e438
p4138,e398
p2656,e786
p1099,e589
p6709,e715
p7468,e874
p3424,e828
p4041,e606
p600,e182
p5949,e111
p7154,e620
p2418,e773
p355,e188
p4088,e114
p6904,e347
p8957,e295
p7559,e201
p1019,e281
p8567,e100
p9496,e143
p1766,e899
p2356,e586
p4466,e352
p93,e760
p7640,e879
p8612,e432
p4345,e519
p2812,e720
p5669,e314
p7837,e86
p2298,e139
p4582,e65
p8875,e986
p1014,e619
p5894,e305
p1887,e993
p1611,e128
p600,e421
p6536,e162
p7946,e326
p8302,e524
p897,e65
p2856,e332
p8311,e12
p6628,e963
p178,e636
p9994,e6
p2544,e45
p6294,e455
p6287,e187
p5127,e692
p3755,e828
p4006,e655
p8148,e76
p6323,e706
p3014,e135
p6293,e175
p589,e223
p5361,e813
p4535,e486
p8063,e177
p753,e714
p414,e343
p1229,e859
p3211,e615
p3571,e224
p2,e195
p5520,e563
p7910,e764
p60,e895
p8305,e5
p218,e848
p2820,e579
p3548,e47
p2964,e299
p5940,e272
p5477,e522
p4614,e484
p283,e54
p5927,e829
p5341,e750
p3619,e462
p5880,e141
p5714,e265
p4039,e149
p3491,e623
p6331,e545
p4927,e537
p6843,e573
p1756,e912
p5811,e532
p3383,e802
p3434,e533
p1038,e536
p1139,e28
p8188,e814
p168,e441
p194,e284
p3466,e707
p4582,e833
p6652,e888
p4775,e61
p6817,e558
p1595,e402
p7545,e419
p2407,e450
p9328,e22
p1148,e791
p5919,e830
p2815,e220
p6901,e352
p6715,e924
p5006,e958
p454,e168
p8882,e527
p7586,e237
p46,e22
p7038,e894
p9444,e141
p4396,e800
p7702,e595
p7958,e174
p4959,e669
p8998,e118
p226,e135
p7208,e433
p4665,e844
p5178,e151
p7114,e105
p650,e367
p6905,e751
p7472,e802
p3127,e471
p1525,e549
p5316,e913
p283,e899
p3893,e16
p6644,e420
p2299,e130
p4529,e281
p961,e200
p7184,e541
p5353,e612
p3274,e329
p6570,e997
p416,e551
p4635,e415
p1309,e124
p5198,e579
p2648,e340
p1611,e345
p9360,e774
p1123,e764
p8168,e276
p8612,e245
p8492,e377
p1216,e813
p5182,e951
p3387,e442
p2732,e287
p2002,e604
p3005,e320
p2789,e573
p5773,e191
p7172,e549
p8496,e173
p7922,e677
p7013,e779
p3698,e891
p2415,e751
p1102,e2
p2278,e728
p6743,e827
p9228,e620
p4355,e909
p9580,e610
p6352,e846
p1709,e646
p462,e984
p5984,e797
p9518,e823
p7915,e823
p6332,e255
p7739,e775
p5892,e524
p8863,e528
p1528,e86
p522,e745
p5748,e689
p9010,e982
p5474,e294
p2144,e137
p9135,e396
p5285,e484
p9901,e130
p1009,e540
p5085,e92
p3527,e311
p7088,e558
p9596,e53
p9400,e136
p6695,e591
p5595,e284
p356,e616
p600,e679
p2043,e305
p7790,e724
p1922,e557
p5357,e269
p8957,e62
p7158,e612
p4635,e637
p2923,e19
p1077,e632
p4470,e284
p5040,e528
p2262,e182
p5712,e821
p9984,e878
p6954,e910
p6568,e218
p6982,e104
p5481,e56
p8619,e105
p6869,e109
p5482,e730
p1951,e932
p4395,e511
p9670,e772
p9683,e991
p9424,e945
p4851,e599
p5440,e358
p9599,e940
p8500,e36
p607,e156
p5067,e216
p8053,e161
p2884,e738
p4781,e255
p2743,e914
p3748,e8
p9838,e353
p2958,e891
p3140,e832
p3257,e846
p2919,e199
p3498,e257
p6638,e212
p2722,e285
p8490,e358
p9682,e854
p3914,e356
p3722,e735
p8046,e561
p1002,e615
p6065,e549
p5713,e906
p3255,e999
p608,e978
p566,e905
p3901,e6
p4066,e384
p9428,e130
p5549,e750
p5147,e171
p5749,e899
p7844,e268
p860,e449
p4400,e951
p5500,e925
p7378,e302
p6324,e482
p4832,e249
p1596,e612
p561,e956
p7968,e512
p3040,e398
p2708,e94
p2772,e905
p9308,e766
p5293,e276
p3590,e404
p9488,e500
p5196,e744
p6096,e209
p3128,e970
p2303,e937
p4048,e400
p6165,e975
p3830,e912
p5286,e581
p6702,e397
p9197,e265
p1905,e255
p2195,e441
p3545,e995
p5690,e942
p8429,e591
p3773,e552
p6399,e296
p3810,e512
p9145,e953
p2061,e475
p2281,e68
p3382,e282
p5400,e782
p6113,e768
p4568,e356
p6916,e902
p3923,e244
p5242,e932
p7260,e780
p5233,e828
p4901,e369
p523,e744
p2989,e277
p6601,e741
p7929,e947
p7648,e109
p85,e991
p7258,e722
p3513,e899
p3201,e792
p180,e528
p5251,e408
p6322,e267
p139,e138
p7341,e903
p5790,e8
p8927,e901
p7566,e695
p5095,e148
p3551,e441
p518,e259
p8367,e752
p7817,e41
p6772,e663
p5476,e572
p6118,e780
p5478,e754
p5005,e848
p1871,e257
p5662,e158
p6241,e197
p9402,e57
p7616,e928
p7764,e557
p1624,e17
p3212,e317
p1262,e121
p5894,e529
p9447,e320
p5573,e757
p8039,e117
p7209,e668
p5251,e858
p3423,e375
p5288,e300
p1421,e790
p1094,e387
p7727,e764
p8114,e420
p9727,e642
p7462,e639
p6935,e407
p6556,e123
p4058,e795
p5776,e980
p7478,e50
p1411,e700
p8835,e29
p451,e698
p8215,e856
p5329,e455
p263,e54
p6822,e330
p4945,e468
p1803,e418
p4518,e490
p4045,e306
p9075,e20
p440,e710
p9112,e751
p2361,e523
p3254,e75
p7311,e689
p3447,e192
p9168,e667
p8845,e977
p1317,e421
p3361,e764
p8094,e916
p422,e214
p5657,e733
p258,e643
p1502,e559
p1104,e167
p5397,e373
p392,e499
p3940,e416
p809,e129
p4871,e196
p7530,e853
p9633,e230
p8114,e513
p5941,e321
p3239,e703
p4232,e669
p954,e597
p5955,e54
p9576,e740
p2435,e167
p6956,e796
p9181,e985
p8754,e94
p5046,e605
p3119,e360
p9327,e326
p8850,e431
p207,e50
p3568,e315
p8904,e68
p935,e513
p3431,e346
p4723,e377
p550,e955
p7839,e155
p73,e368
p165,e766
p1940,e604
p3196,e920
p5846,e867
p9043,e118
p4959,e137
p1154,e298
p7522,e163
p4660,e238
p6381,e193
p414,e130
p7620,e237
p7165,e984
p8264,e672
p7841,e473
p4978,e697
p6164,e480
p8079,e1
p1533,e715
p7208,e341
p9387,e758
p4068,e752
p7498,e984
p2648,e50
p6557,e115
p2174,e102
p9347,e362
p9843,e657
p2035,e201
p4701,e97
p5661,e335
p7464,e854
p3367,e338
p5156,e78
p7461,e831
p3709,e512
p756,e232
p6636,e522
p6266,e769
p4530,e103
p8234,e68
p9276,e525
p3378,e201
p2158,e966
p9994,e426
p653,e566
p2725,e982
p2104,e530
p535,e891
p9590,e194
p3750,e508
p719,e612
p8654,e845
p3363,e796
p4234,e37
p5601,e277
p8681,e964
p383,e95
p5804,e960
p3666,e982
p6186,e994
p9390,e903
p3331,e937
p2930,e369
p6239,e266
p6905,e735
p6918,e607
p6306,e990
p3470,e482
p9682,e728
p2262,e590
p2085,e711
p8635,e618
p9978,e875
p1260,e159
p362,e667
p203,e618
p602,e782
p4434,e776
p3009,e97
p8319,e817
p2016,e759
p2883,e192
p9357,e23
p8486,e378
p5626,e318
p5031,e689
p8250,e156
p2884,e687
p7146,e405
p5386,e586
p4569,e9
p816,e130
p9387,e157
p408,e802
p4008,e392
p1497,e839
p7141,e854
p7087,e790
p767,e304
p6171,e54
p9261,e95
p7844,e424
p7425,e190
p8712,e383
p6016,e747
p8787,e517
p5043,e980
p631,e253
p5736,e783
p1453,e457
p8281,e399
p482,e79
p5913,e789
p25,e883
p2182,e320
p2746,e472
p7020,e538
p5515,e359
p6564,e806
p1439,e629
p1110,e739
p3895,e607
p8845,e676
p7818,e79
p7564,e635
p1724,e738
p4810,e193
p5948,e488
p7423,e49
p3453,e968
p6796,e60
p5998,e7
p6269,e403
p6033,e209
p761,e127
p2759,e775
p7134,e735
p7607,e329
p1396,e81
p3098,e187
p4117,e675
p9967,e473
p6388,e124
p8319,e485
p7748,e436
p6630,e242
p1453,e793
p7158,e677
p9106,e868
p6057,e396
p1745,e204
p7340,e517
p7714,e13
p7575,e818
p2970,e954
p8723,e761
p6322,e389
p8239,e490
p8242,e673
p246,e266
p9336,e513
p7832,e952
p8304,e868
p5271,e692
p3119,e298
p9894,e134
p9685,e852
p7740,e931
p8481,e922
p7104,e265
p9108,e964
p3066,e654
p9439,e122
p5696,e802
p4109,e836
p8899,e878
p8781,e216
p3312,e365
p4969,e762
p7438,e249
p5649,e222
p8288,e606
p5225,e529
p408,e372
p3948,e871
p9518,e407
p2526,e929
p3504,e268
p4385,e235
p223,e412
p2122,e523
p3408,e50
p1046,e345
p5652,e568
p5010,e509
p8566,e906
p1671,e91
p2636,e865
p3530,e252
p4353,e920
p7800,e774
p8998,e311
p7767,e98
p2834,e736
p9215,e395
p2296,e418
p6197,e52
p4829,e160
p2272,e82
p1057,e630
p6190,e584
p387,e920
p924,e723
p4952,e459
p7546,e556
p3813,e726
p40,e350
p4986,e909
p3184,e260
p1374,e802
p1666,e181
p628,e781
p7875,e679
p644,e50
p1802,e803
p2769,e561
p127,e983
p7265,e790
p4066,e998
p7405,e275
p2280,e55
p8013,e594
p6237,e449
p3008,e391
p7633,e5
p6888,e422
p4934,e98
p1845,e520
p1750,e532
p4436,e199
p5394,e153
p9933,e842
p9742,e616
p448,e687
p2930,e795
p2573,e667
p4121,e545
p1499,e895
p9825,e694
p2945,e558
p8820,e993
p5404,e10
p3804,e62
p8207,e413
p8893,e511
p2618,e918
p5727,e601
p9537,e627
p8122,e645
p4286,e104
p9873,e998
p1924,e739
p5841,e47
p2786,e268
p1688,e675
p2942,e384
p7362,e803
p482,e676
p1651,e539
p6727,e146
p6301,e455
p3989,e842
p189,e580
p8917,e413
p6362,e485
p870,e29
p6589,e913
p643,e955
p4225,e594
p578,e385
p4660,e947
p4983,e619
p2278,e881
p2339,e539
p5329,e601
p3808,e472
p3776,e187
p4945,e835
p9864,e163
p6950,e247
p418,e114
p9053,e828
p1108,e70
p5320,e657
p1074,e34
p6181,e203
p1414,e52
p1650,e809
p7579,e851
p8691,e752
p8828,e933
p5481,e424
p819,e835
p6345,e807
p7906,e958
p5699,e297
p2353,e900
p2920,e525
p3301,e755
p7321,e532
p2407,e817
p4661,e173
p6355,e907
p5694,e205
p3327,e72
p3490,e855
p8226,e588
p6852,e268
p4873,e638
p5176,e366
p4537,e560
p2611,e470
p5885,e253
p1084,e235
p4737,e26
p8779,e837
p5912,e637
p2284,e639
p1764,e312
p6884,e389
p3992,e145
p593,e6
p2901,e849
p4245,e271
p4912,e819
p3023,e854
p9490,e525
p2158,e941
p8671,e851
p7279,e836
p4483,e583
p3915,e768
p1611,e337
p2936,e659
p3709,e361
p7154,e374
p481,e93
p8087,e980
p4334,e698
p7539,e360
p1566,e461
p4710,e672
p4461,e142
p9019,e424
p6955,e941
p8514,e892
p2684,e105
p3372,e574
p6467,e109
p819,e385
p5010,e763
p7747,e57
p2383,e893
p224,e875
p9772,e992
p810,e721
p8321,e642
p8275,e671
p8328,e163
p1605,e121
p6184,e504
p6979,e305
p9063,e397
p7737,e952
p5760,e82
p1420,e460
p5865,e271
p6920,e294
p560,e973
p6251,e311
p7960,e597
p1695,e494
p5773,e180
p593,e956
p8481,e18
p1298,e673
p3115,e362
p8563,e91
p7179,e155
p3473,e433
p5432,e738
p8351,e739
p5729,e504
p1325,e487
p3099,e610
p2880,e919
p5950,e180
p3600,e4
p6464,e54
p9906,e785
p2629,e647
p5478,e11
p2286,e884
p3039,e928
p508,e385
p6219,e277
p1548,e672
p8436,e345
p3844,e1
p7333,e171
p703,e658
p9710,e910
p9736,e545
p1671,e621
p2007,e277
p4142,e645
p631,e99
p4771,e571
p7298,e988
p5734,e767
p361,e403
p3517,e810
p6011,e447
p9820,e654
p9258,e698
p5781,e738
p2095,e832
p3666,e414
p3504,e67
p1703,e508
p9903,e31
p2154,e772
p5406,e248
p2082,e417
p5750,e946
p9800,e622
p1917,e387
p2978,e627
p4198,e429
p9495,e317
p8646,e629
p2325,e508
p5104,e495
p9899,e676
p853,e759
p5328,e909
p1274,e612
p8115,e174
p822,e84
p5592,e366
p6100,e289
p6573,e400
p5705,e695
p9717,e657
p6805,e781
p9711,e494
p4851,e516
p4973,e331
p8732,e869
p6742,e965
p4723,e204
p5879,e490
p2156,e199
p354,e238
p9959,e195
p8740,e697
p2837,e721
p2609,e730
p9240,e534
p4740,e936
p6702,e172
p7275,e303
p3896,e866
p9114,e776
p7,e494
p990,e255
p9967,e967
p2555,e832
p3789,e956
p8886,e420
p6814,e415
p8940,e730
p2936,e405
p6207,e460
p7411,e975
p2110,e817
p4163,e501
p9954,e413
p872,e368
p4165,e511
p5452,e63
p2295,e848
p6615,e263
p1029,e749
p4661,e68
p2991,e558
p575,e554
p8891,e417
p4306,e710
p6819,e492
p2348,e919
p641,e611
p7830,e578
p9975,e75
p1586,e695
p9282,e768
p2093,e777
p7973,e384
p9734,e467
p7282,e273
p6023,e260
p2086,e152
p6665,e876
p6667,e271
p8529,e690
p647,e567
p7301,e130
p5027,e707
p3029,e645
p1917,e471
p5406,e501
p4896,e896
p213,e416
p5363,e798
p5943,e518
p7966,e164
p4279,e4
p6681,e293
p1687,e171
p7059,e2
p9676,e885
p1897,e970
p4173,e997
p8658,e313
p9057,e28
p591,e776
p7375,e155
p3220,e721
p9603,e293
p4983,e495
p2730,e752
p4800,e835
p1498,e344
p4706,e109
p3501,e216
p2560,e982
p2568,e397
p4194,e715
p2760,e739
p1500,e568
p8979,e676
p8390,e831
p6259,e705
p2340,e884
p6980,e827
p3069,e799
p5006,e678
p6955,e495
p6142,e988
p2777,e132
p6943,e855
p635,e878
p1041,e189
p4810,e345
p6342,e987
p9559,e84
p8124,e609
p834,e791
p7398,e72
p9745,e561
p5065,e406
p4589,e978
p3755,e12
p5107,e772
p9496,e721
p1780,e188
p2333,e796
p8690,e253
p8609,e604
p2852,e586
p3245,e777
p987,e375
p7086,e44
p5556,e424
p8087,e262
p4096,e746
p9832,e277
p8868,e274
p6468,e975
p3716,e634
p834,e533
p1157,e627
p5063,e528
p7330,e97
p7271,e115
p8182,e721
p1111,e277
p7491,e731
p4166,e924
p1209,e717
p976,e364
p6729,e586
p9778,e981
p316,e486
p274,e457
p3937,e22
p1905,e457
p7413,e167
p7348,e925
p8926,e773
p2465,e154
p1485,e51
p9391,e166
p2258,e388
p7080,e359
p4840,e704
p1143,e197
p8759,e74
p3361,e794
p452,e803
p2116,e442
p3268,e871
p2502,e628
p5505,e86
p3469,e994
p1763,e833
p5115,e154
p2938,e716
p6036,e792
p4073,e67
p4297,e126
p256,e892
p3150,e977
p5816,e910
p3170,e70
p7396,e285
p9633,e981
p6011,e361
p956,e771
p433,e153
p1498,e152
p8265,e639
p5287,e863
p5160,e658
p4966,e380
p1331,e731
p8128,e23
p2138,e223
p5694,e70
p6907,e918
p5651,e541
p4346,e610
p6967,e970
p4635,e78
p9274,e350
p7279,e891
p1769,e3
p7427,e92
p9576,e478
p9499,e851
p8751,e241
p7054,e737
p1845,e861
p5164,e808
p9622,e84
p664,e831
p695,e829
p1476,e994
p543,e47
p4872,e32
p1733,e681
p1033,e403
p1325,e645
p9981,e550
p5219,e41
p5049,e773
p6930,e526
p7443,e693
p30,e373
p1655,e448
p4300,e927
p9317,e67
p7840,e956
p5193,e128
p5173,e558
p2569,e174
p3384,e195
p2208,e685
p4755,e520
p4051,e246
p8571,e901
p9316,e253
p965,e594
p8609,e824
p1351,e221
p989,e699
p9049,e406
p9412,e457
p7840,e941
p3727,e821
p6223,e30
p2714,e48
p9780,e276
p4619,e343
p2874,e608
p2234,e35
p6729,e194
p6112,e530
p5532,e85
p3020,e629
p34,e51
p359,e207
p6348,e661
p7518,e310
p9899,e523
p1103,e943
p7527,e582
p6981,e945
p866,e335
p886,e76
p5967,e219
p2727,e784
p3087,e179
p5939,e720
p7649,e62
p7604,e625
p3031,e337
p8191,e588
p6022,e782
p3682,e725
p9438,e412
p3088,e247
p1731,e351
p5146,e797
p1417,e995
p4960,e645
p553,e876
p9791,e126
p4330,e588
p1733,e173
p2593,e786
p5979,e784
p4196,e926
p1450,e574
p9269,e593
p1916,e665
p3843,e533
p324,e578
p800,e444
p2116,e579
p5836,e249
p5287,e377
p2560,e141
p853,e954
p9534,e365
p8466,e116
p2096,e515
p2279,e752
p920,e718
p5059,e727
p1516,e282
p1307,e177
p7722,e963
p1668,e973
p4476,e880
p5644,e606
p8642,e40
p5991,e542
p2384,e660
p9373,e950
p902,e566
p2338,e148
p6010,e544
p2047,e660
p4919,e676
p4053,e290
p2901,e456
p5962,e662
p5017,e743
p5999,e460
p8621,e687
p8017,e349
p3937,e761
p5629,e585
p6565,e637
p5250,e94
p9598,e165
p7655,e752
p3966,e484
p2866,e840
p9864,e114
p4914,e686
p6260,e63
p6408,e547
p5738,e601
p2503,e129
p7186,e183
p6366,e867
p202,e170
p2913,e179
p5981,e973
p3958,e378
p4893,e208
p5138,e14
p3051,e54
p139,e350
p1852,e578
p3230,e776
p5079,e849
p2476,e591
p9917,e726
p341,e383
p967,e115
p279,e892
p7066,e65
p6323,e514
p1637,e905
p4767,e329
p564,e931
p1823,e349
p8381,e29
p3344,e378
p4448,e450
p6274,e959
p4837,e423
p9167,e975
p558,e190
p4862,e349
p2526,e271
p168,e308
p4693,e853
p8152,e260
p9108,e17
p9894,e764
p6995,e745
p9070,e584
p9918,e520
p591,e48
p9058,e80
p4974,e296
p6103,e651
p7644,e963
p7938,e172
p2600,e338
p4623,e229
p541,e136
p185,e225
p4693,e334
p4153,e994
p7965,e113
p1344,e893
p152,e427
p7591,e796
p3524,e275
p4620,e959
p3919,e363
p8659,e169
p8258,e846
p6530,e556
p7023,e589
p9710,e287
p3480,e42
p9018,e988
p1115,e540
p5792,e748
p2969,e490
p4694,e724
p578,e207
p4439,e965
p6865,e783
p8979,e496
p2332,e615
p4810,e592
p3328,e900
p4935,e654
p9995,e259
p3715,e181
p8602,e75
p8773,e186
p7508,e283
p6809,e780
p2088,e233
p9217,e32
p3126,e909
p1886,e621
p8182,e714
p5117,e747
p7241,e988
p7255,e279
p6124,e280
p6898,e957
p3999,e136
p5562,e531
p8998,e197
p243,e32
p3396,e24
p4539,e535
p2808,e323
p457,e438
p2242,e952
p5714,e450
p3392,e170
p5888,e651
p6543,e411
p337,e595
p9312,e742
p1974,e890
p4447,e626
p8781,e428
p1578,e568
p7648,e44
p2283,e296
p4329,e912
p8608,e96
p1765,e664
p8055,e849
p753,e758
p8922,e131
p9508,e821
p6070,e634
p206,e462
p1736,e805
p1483,e226
p4479,e612
p8711,e11
p6832,e319
p4880,e211
p3000,e609
p4385,e126
p4282,e943
p3159,e77
p945,e307
p4427,e988
p4482,e451
p7421,e68
p5695,e955
p2575,e783
p1269,e237
p8176,e856
p1472,e667
p7835,e968
p9928,e458
p3990,e663
p3538,e440
p717,e157
p8753,e333
p5745,e801
p923,e901
p236,e108
p7118,e444
p3689,e734
p9380,e359
p9397,e318
p2380,e61
p424,e971
p2103,e717
p9771,e341
p5845,e979
p2559,e443
p7374,e398
p460,e534
p6213,e1
p1822,e148
p4684,e996
p2133,e492
p7239,e889
p3251,e493
p5220,e836
p6568,e127
p8799,e520
p5784,e61
p431,e640
p4335,e578
p5044,e93
p6875,e459
p7178,e37
p1359,e733
p4214,e98
p8641,e815
p861,e606
p2246,e909
p7260,e351
p6852,e573
p5100,e62
p4433,e903
p3258,e434
p970,e634
p5864,e663
p1680,e868
p1491,e274
p3384,e211
p7431,e858
p9407,e875
p1987,e270
p6136,e827
p8045,e464
p7681,e110
p7579,e979
p3604,e949
p9905,e893
p6115,e803
p2839,e387
p6836,e328
p4145,e897
p2983,e773
p5653,e254
p9474,e652
p5772,e156
p5853,e435
p2130,e336
p7351,e143
p5188,e258
p1899,e189
p2102,e238
p9200,e336
p8813,e656
p2750,e958
p3496,e227
p8576,e774
p470,e230
p3816,e119
p4911,e951
p9951,e585
p9848,e40
p1643,e769
p5610,e807
p159,e970
p1038,e321
p2820,e850
p1368,e44
p6188,e385
p6604,e910
p7932,e316
p8020,e211
p5179,e657
p5336,e639
p8578,e778
p6585,e263
p2042,e697
p1315,e836
p2021,e462
p5930,e418
p9762,e308
p1318,e77
p4846,e762
p7600,e854
p9919,e908
p5369,e168
p4035,e247
p6800,e816
p5238,e772
p7167,e265
p7225,e358
p5981,e185
p96,e563
p9959,e321
p1876,e847
p8445,e500
p9029,e638
p1265,e444
p2220,e465
p4232,e418
p2059,e560
p24,e805
p472,e123
p9626,e490
p7844,e499
p3513,e721
p1434,e175
p1360,e47
p1020,e924
p4378,e453
p2706,e229
p5929,e242
p4537,e159
p6770,e26
p2075,e120
p5079,e312
p4801,e837
p7643,e741
p424,e568
p8689,e73
p8785,e636
p342,e534
p4150,e32
p7633,e319
p6828,e977
p722,e863
p9089,e372
p6933,e682
p6894,e311
p3833,e256
p8780,e525
p4966,e191
p8834,e780
p1057,e104
p8723,e513
p6553,e942
p950,e185
p3068,e704
p5464,e518
p2854,e761
p2396,e729
p9362,e423
p34,e626
p6742,e170
p6721,e830
p5748,e604
p9562,e283
p6675,e186
p2165,e73
p4492,e249
p2816,e281
p5649,e536
p3612,e275
p3379,e251
p5522,e313
p7273,e165
p6133,e755
p9573,e244
p5833,e720
p9719,e204
p4877,e696
p5722,e641
p6667,e987
p886,e243
p9956,e595
p9198,e940
p533,e120
p474,e186
p2931,e232
p7259,e95
p7503,e749
p2273,e979
p2215,e941
p3362,e2
p1287,e698
p3163,e260
p4450,e512
p9601,e1
p6264,e921
p8084,e187
p9633,e838
p9050,e533
p6065,e330
p567,e11
p7264,e330
p7456,e994
p454,e630
p5496,e600
p4647,e626
p7917,e79
p932,e242
p6524,e868
p5772,e778
p146,e41
p9512,e440
p3477,e824
p4240,e898
p3036,e52
p2430,e591
p3433,e558
p2669,e435
p3274,e499
p659,e969
p4493,e296
p9056,e225
p8291,e965
p2696,e592
p1244,e213
p2840,e32
p3069,e29
p9674,e530
p1773,e300
p6398,e414
p9061,e146
p6425,e651
p9100,e342
p6752,e842
p8507,e981
p7655,e495
p1316,e450
p8553,e947
p590,e272
p7615,e161
p5913,e418
p5150,e998
p6169,e954
p4351,e643
p2505,e957
p2253,e467
p859,e360
p3453,e13
p9638,e27
p5460,e496
p7009,e537
p7262,e547
p213,e928
p7254,e484
p9970,e876
p5301,e715
p4572,e210
p7068,e752
p2150,e55
p9427,e782
p4974,e618
p6535,e368
p7480,e747
p5929,e339
p8588,e670
p8617,e419
p6517,e214
p5838,e714
p2434,e267
p3546,e926
p5485,e927
p7219,e297
p6176,e152
p8897,e538
p5075,e670
p7486,e23
p5059,e926
p4089,e274
p9312,e839
p2545,e967
p2270,e886
p7200,e115
p4782,e723
p5324,e774
p4591,e310
p6866,e191
p7345,e978
p512,e140
p9274,e81
p4945,e892
p3016,e146
p9238,e132
p5554,e522
p1585,e564
p3079,e188
p1112,e610
p6814,e707
p5073,e829
p6786,e838
p1394,e632
p4779,e817
p5683,e3
p7340,e986
p7403,e361
p3279,e905
p4872,e321
p5169,e685
p8651,e625
p3162,e916
p6716,e510
p4959,e626
p9578,e526
p4013,e665
p6174,e612
p5409,e456
p1855,e194
p6488,e329
p1508,e889
p7935,e501
p4944,e647
p436,e959
p6008,e788
p2243,e36
p2850,e123
p2798,e694
p9382,e336
p3829,e529
p8888,e151
p1157,e809
p7268,e354
p6114,e406
p226,e841
p9920,e270
p292,e405
p4006,e124
p3909,e925
p1981,e164
p4816,e906
p3616,e442
p5899,e602
p1908,e555
p8523,e881
p6746,e568
p5450,e976
p1533,e884
p8225,e677
p6919,e576
p8004,e910
p7350,e951
p962,e792
p4528,e250
p4638,e298
p70,e243
p7854,e227
p5579,e218
p1814,e871
p8523,e121
p5815,e991
p6785,e438
p158,e875
p8051,e536
p1711,e307
p9244,e877
p9883,e569
p3979,e681
p4257,e124
p687,e47
p2270,e43
p4566,e344
p3313,e647
p3209,e41
p201,e532
p7402,e967
p8219,e139
p8478,e48
p3551,e287
p6334,e13
p9410,e276
p8363,e663
p290,e363
p6159,e17
p398,e773
p6285,e984
p541,e250
p2879,e637
p3888,e638
p5187,e547
p1159,e66
p6065,e108
p311,e782
p301,e562
p3662,e621
p2108,e33
p62,e352
p8970,e489
p8719,e330
p7389,e207
p2839,e143
p411,e762
p6022,e399
p5213,e166
p1044,e772
p5069,e169
p728,e503
p9355,e177
p1977,e928
p4490,e541
p8056,e367
p7233,e234
p7066,e957
p1174,e554
p6901,e271
p9554,e742
p3569,e179
p3105,e366
p7799,e99
p8926,e521
p5492,e109
p5815,e859
p5867,e721
p1282,e645
p3688,e791
p6819,e600
p6545,e832
p8528,e828
p1027,e666
p4711,e88
p1828,e750
p1417,e857
p4362,e378
p2293,e624
p7579,e473
p5350,e755
p4855,e800
p7130,e357
p2799,e153
p5238,e385
p7838,e567
p6820,e439
p5748,e212
p1648,e204
p7787,e466
p2736,e452
p9964,e980
p752,e56
p4893,e40
p1640,e456
p9649,e579
p2435,e642
p6055,e168
p3275,e270
p1373,e265
p2265,e852
p6658,e659
p2604,e690
p7429,e723
p6556,e357
p5395,e457
p6214,e761
p3192,e558
p9802,e591
p8896,e648
p9219,e158
p9157,e837
p9970,e390
p5803,e462
p8666,e673
p6788,e58
p4060,e0
p1790,e770
p4801,e118
p8446,e368
p1271,e166
p1516,e848
p3495,e742
p7689,e981
p1120,e453
p169,e462
p5369,e256
p2324,e384
p4871,e535
p7131,e682
p8201,e574
p8339,e583
p1935,e500
p9875,e254
p4681,e20
p5993,e66
p2887,e681
p4922,e923
p8281,e422
p4418,e70
p7096,e86
p3034,e480
p569,e995
p7953,e611
p8931,e32
p8176,e3
p4111,e969
p4678,e223
p2498,e581
p7832,e400
p5887,e759
p9,e791
p6744,e877
p3771,e118
p9582,e72
p6423,e490
p673,e757
p7430,e128
p877,e549
p7137,e583
p7390,e417
p3583,e283
p4549,e509
p6368,e138
p4032,e571
p7238,e871
p6266,e273
p9546,e644
p9640,e987
p7190,e601
p1890,e699
p4025,e935
p848,e577
p1260,e542
p3856,e108
p9137,e87
p8598,e528
p6215,e933
p8492,e845
p3124,e628
p3592,e290
p2355,e59
p8806,e117
p1753,e526
p9414,e880
p1207,e840
p9436,e356
p6684,e625
p2312,e173
p1114,e560
p3780,e288
p3143,e168
p9939,e292
p2628,e861
p9874,e338
p4033,e648
p5670,e277
p1901,e706
p7669,e128
p5531,e154
p3220,e900
p6101,e622
p8765,e799
p4989,e914
p1598,e594
p8609,e884
p7663,e419
p5250,e366
p5415,e777
p4283,e357
p8910,e235
p9923,e434
p5637,e539
p9025,e789
p8470,e380
p2592,e15
p6025,e616
p208,e107
p5158,e329
p9328,e884
p176,e927
p9375,e632
p3745,e572
p4441,e181
p5669,e659
p3445,e417
p1783,e697
p9069,e691
p6966,e120
p9304,e2
p1866,e60
p2985,e64
p5536,e187
p2149,e250
p3714,e522
p5538,e294
p8950,e539
p5723,e127
p1598,e558
p2707,e417
p7569,e972
p5694,e962
p8295,e712
p3387,e455
p9087,e865
p6611,e690
p4603,e971
p7457,e537
p1750,e756
p1241,e930
p4755,e286
p6227,e165
p2911,e953
p5909,e428
p5378,e737
p2754,e548
p672,e905
p5649,e670
p4883,e524
p2922,e71
p5887,e513
p2275,e796
p5946,e897
p6803,e951
p1965,e787
p9240,e3
p7251,e783
p3026,e884
p4349,e924
p1595,e470
p6488,e216
p4857,e340
p5697,e34
p8672,e460
p9331,e862
p2913,e669
p6335,e174
p3692,e951
p1938,e951
p2205,e63
p762,e47
p2539,e61
p5010,e575
p425,e613
p7745,e149
p5614,e82
p8061,e963
p1028,e446
p8408,e750
p4229,e852
p8963,e926
p1185,e307
p3402,e838
p8505,e321
p9477,e575
p8231,e979
p7054,e879
p4301,e345
p145,e708
p6719,e937
p5049,e705
p6702,e337
p3130,e856
p8733,e141
p5931,e807
p4304,e622
p5971,e640
p6481,e775
p4430,e580
p7969,e207
p6487,e363
p5461,e919
p7842,e598
p4224,e846
p3951,e562
p2674,e727
p4829,e139
p1838,e188
p6361,e286
p7246,e539
p1424,e642
p2832,e764
p2784,e18
p489,e522
p5676,e240
p9129,e428
p3969,e685
p5526,e46
p2569,e218
p5884,e26
p7264,e96
p9618,e954
p5564,e599
p9205,e987
p2816,e6
p3269,e15
p19,e685
p8479,e720
p2810,e356
p5208,e810
p5433,e654
p7073,e884
p7180,e90
p8680,e384
p1196,e359
p1460,e670
p111,e94
p6474,e812
p9033,e492
p9923,e662
p851,e750
p9280,e749
p6878,e218
p1400,e362
p5130,e351
p1274,e941
p8385,e87
p2784,e83
p7356,e411
p9693,e841
p8288,e784
p8255,e212
p6951,e500
p8948,e575
p5004,e837
p3270,e901
p8884,e38
p2980,e630
p6544,e452
p2368,e647
p9194,e667
p4014,e744
p6350,e224
p3654,e507
p8221,e692
p1040,e759
p2709,e367
p2831,e448
p245,e77
p9915,e711
p1551,e220
p9823,e360
p2469,e865
p989,e303
p4286,e59
p733,e275
p2782,e101
p2206,e171
p103,e871
p4450,e84
p483,e316
p7739,e458
p7362,e818
p6466,e62
p6867,e586
p8723,e905
p4534,e306
p5420,e8
p5780,e442
p6346,e679
p5269,e840
p2425,e686
p5790,e842
p2211,e993
p1138,e785
p9787,e385
p5162,e861
p7194,e227
p6039,e224
p1118,e509
p2963,e868
p7384,e553
p148,e834
p2606,e4
p9290,e881
p1928,e241
p2665,e813
p2113,e282
p3184,e735
p1490,e916
p846,e927
p3378,e277
p8433,e767
p7398,e786
p8859,e757
p6484,e39
p733,e838
p6981,e1
p4424,e314
p9499,e213
p713,e542
p9817,e565
p1742,e830
p1143,e178
p9100,e215
p7428,e64
p3550,e495
p9369,e740
p2953,e102
p8415,e24
p7170,e420
p7016,e293
p457,e884
p3073,e492
p5214,e91
p8606,e138
p3114,e22
p1885,e321
p4873,e35
p1083,e829
p2494,e985
p1962,e11
p9096,e837
p9197,e241
p4397,e421
p8411,e731
p6792,e795
p3518,e224
p7129,e146
p9194,e184
p9114,e222
p795,e434
p1141,e466
p2796,e879
p1663,e494
p4197,e786
p5390,e144
p1043,e52
p3655,e333
p1551,e117
p214,e856
p2102,e541
p7223,e629
p239,e822
p1733,e133
p6291,e116
p9182,e170
p3204,e691
p6645,e365
p6388,e8
p7917,e77
p2758,e468
p7354,e552
p7378,e431
p4112,e135
p4510,e88
p6763,e650
p5002,e907
p2988,e786
p2499,e407
p5570,e537
p7474,e160
p2734,e899
p2267,e693
p5964,e470
p3360,e665
p7244,e1
p7621,e577
p5793,e982
p5726,e175
p4362,e990
p5287,e647
p4778,e841
p913,e528
p7560,e570
p1181,e471
p9534,e36
p5404,e580
p5529,e631
p8603,e948
p7791,e286
p772,e848
p7543,e349
p7091,e356
p7129,e118
p675,e531
p8056,e409
p7915,e668
p8793,e708
p9077,e311
p7892,e877
p7990,e884
p7330,e307
p5929,e117
p8930,e243
p5300,e377
p2276,e972
p1240,e824
p1345,e47
p3955,e712
p5483,e946
p1469,e751
p5743,e13
p1730,e530
p7557,e37
p2430,e654
p2365,e944
p3820,e694
p2639,e694
p4913,e320
p656,e466
p1077,e458
p1403,e84
p2703,e273
p7814,e498
p684,e546
p692,e150
p5737,e262
p6637,e351
p3525,e152
p2423,e545
p9691,e532
p9801,e448
p497,e693
p7249,e149
p179,e473
p9079,e920
p8314,e386
p5910,e569
p6822,e170
p4926,e142
p3646,e267
p8262,e284
p5929,e300
p4414,e170
p2478,e777
p8230,e779
p1275,e671
p818,e183
p7964,e575
p4280,e721
p7291,e23
p5713,e526
p7545,e870
p2229,e161
p4407,e294
p503,e472
p7344,e858
p6284,e487
p4748,e664
p5408,e799
p224,e609
p6744,e762
p1808,e877
p5423,e172
p30,e365
p1685,e742
p6973,e958
p6725,e89
p7866,e232
p4444,e497
p8012,e642
p4464,e772
p191,e167
p6532,e90
p6444,e218
p9399,e989
p7476,e406
p5898,e491
p3947,e193
p934,e969
p7805,e18
p278,e412
p6213,e197
p4326,e929
p7210,e845
p479,e951
p2449,e632
p5171,e466
p9631,e767
p4107,e983
p5380,e235
p3547,e967
p9417,e849
p6823,e937
p1043,e756
p541,e687
p3816,e133
p4675,e343
p1674,e455
p1505,e726
p4847,e532
p4015,e735
p7525,e20
p5575,e525
p9780,e759
p1702,e278
p5796,e978
p9075,e274
p9781,e456
p6333,e839
p251,e248
p7089,e392
p4358,e917
p6831,e379
p5502,e164
p2087,e177
p3467,e107
p9572,e179
p4262,e215
p9272,e975
p3102,e456
p5323,e238
p4259,e908
p5073,e427
p7988,e902
p6303,e178
p8750,e995
p7337,e176
p8382,e341
p3468,e231
p5665,e629
p9975,e647
p4106,e253
p1237,e751
p326,e522
p8685,e646
p7684,e916
p3732,e381
p7440,e534
p4666,e968
p9054,e215
p719,e237
p3840,e134
p7515,e238
p262,e3
p540,e882
p3807,e634
p1695,e476
p4648,e224
p5343,e105
p4992,e550
p1970,e847
p9771,e654
p9219,e323
p7683,e148
p2780,e342
p6327,e745
p6162,e311
p4241,e158
p7717,e161
p7256,e20
p3038,e884
p9938,e923
p6931,e653
p9016,e503
p5406,e136
p2229,e837
p4717,e292
p9640,e391
p4163,e545
p7058,e456
p348,e185
p6933,e448
p4243,e176
p3883,e265
p3325,e279
p6590,e530
p9081,e642
p9455,e866
p4264,e548
p551,e679
p9588,e925
p1834,e982
p6368,e416
p2849,e776
p6708,e422
p9441,e778
p7501,e989
p1554,e81
p6021,e573
p9520,e481
p2540,e406
p4633,e32
p5170,e432
p2814,e320
p3787,e753
p3444,e446
p8223,e334
p610,e509
p3768,e836
p7138,e708
p2158,e682
p3841,e985
p8852,e200
p4051,e113
p637,e16
p289,e543
p8516,e280
p6047,e99
p9243,e580
p6332,e418
p5837,e789
p4710,e183
p6754,e282
p7491,e12
p5136,e107
p3787,e722
p2840,e770
p5580,e861
p4145,e447
p8889,e272
p9271,e325
p4724,e805
p3858,e665
p2619,e940
p937,e663
p5263,e881
p105,e680
p4925,e210
p7710,e141
p18,e405
p7790,e875
p5747,e582
p2795,e723
p6457,e687
p6995,e120
p3318,e373
p2641,e360
p5878,e312
p2273,e202
p5889,e129
p9396,e493
p641,e665
p2272,e291
p2441,e779
p9981,e100
p3470,e586
p245,e518
p3162,e443
p3320,e84
p381,e702
p9188,e638
p7430,e810
p1926,e877
p3533,e876
p8445,e614
p7854,e824
p121,e135
p1359,e174
p6916,e357
p1847,e260
p1808,e350
p9718,e38
p366,e33
p9293,e931
p3597,e93
p2678,e353
p7324,e847
p8010,e871
p6856,e679
p2396,e578
p441,e85
p3974,e337
p8331,e726
p4941,e709
p3362,e608
p1842,e971
p943,e369
p3785,e147
p915,e873
p8790,e95
p2528,e839
p7836,e516
p309,e914
p4287,e363
p37,e440
p8244,e438
p9163,e584
p7591,e946
p5101,e775
p9834,e267
p5469,e998
p7533,e589
p831,e374
p405,e3
p9576,e318
p7582,e559
p7778,e931
p7639,e445
p1889,e233
p6785,e928
p9156,e253
p6327,e272
p7415,e506
p426,e476
p3525,e506
p4261,e305
p7987,e39
p3014,e88
p7535,e20
p7790,e744
p7910,e537
p5748,e598
p2948,e445
p8961,e684
p2296,e259
p5997,e835
p1601,e988
p8233,e627
p7771,e404
p103,e810
p2307,e711
p2207,e147
p2720,e358
p173,e648
p3838,e229
p4882,e311
p7427,e506
p5431,e631
p7452,e202
p4429,e892
p6392,e240
p1963,e51
p574,e685
p3242,e763
p2495,e773
p5692,e982
p1254,e595
p7522,e568
p1108,e246
p1191,e969
p1252,e642
p7692,e185
p3975,e126
p6672,e804
p5236,e970
p516,e936
p4220,e756
p7696,e417
p4474,e92
p704,e174
p5997,e97
p9480,e272
p6428,e465
p654,e585
p4214,e583
p6047,e322
p1956,e16
p6298,e45
p5324,e320
p6806,e182
p6520,e990
p234,e214
p5931,e564
p9223,e265
p607,e655
p2365,e528
p6739,e999
p8435,e495
p6249,e502
p5363,e377
p3791,e790
p3897,e691
p1930,e518
p1439,e188
p8275,e556
p2233,e499
p6853,e676
p6105,e660
p9177,e697
p5394,e454
p8932,e685
p7170,e624
p2208,e368
p262,e304
p8234,e262
p232,e244
p8191,e630
p7790,e748
p86,e389
p3199,e724
p4735,e103
p3434,e281
p8321,e583
p88,e653
p9650,e725
p3735,e535
p5148,e846
p4567,e447
p4076,e438
p5932,e624
p630,e859
p4527,e325
p5184,e134
p782,e303
p3460,e220
p1466,e34
p3145,e273
p9636,e417
p3652,e633
p1026,e702
p7786,e219
p2345,e533
p5048,e698
p3512,e161
p9392,e880
p4292,e662
p5802,e588
p1428,e967
p8694,e503
p9030,e760
p8668,e589
p9475,e331
p6964,e425
p7760,e380
p7636,e987
p8422,e398
p4112,e329
p2161,e132
p3212,e825
p3902,e911
p2654,e718
p2664,e490
p7699,e828
p2240,e623
p4574,e625
p8783,e422
p822,e683
p9453,e948
p2234,e19
p2699,e243
p1127,e509
p4799,e543
p5436,e632
p6499,e636
p3284,e445
p7500,e953
p2814,e127
p3087,e165
p5754,e689
p8427,e749
p8332,e31
p5141,e761
p7439,e838
p2165,e259
p2607,e917
p6955,e682
p9264,e579
p3219,e782
p4049,e252
p7123,e369
p6853,e19
p2457,e767
p3187,e349
p7085,e888
p276,e63
p1113,e284
p2392,e453
p3553,e128
p2651,e320
p6232,e461
p5668,e82
p2326,e306
p7763,e244
p3446,e820
p1774,e278
p2808,e688
p6729,e855
p7628,e952
p3821,e232
p7072,e705
p9902,e600
p1543,e541
p4274,e994
p3510,e930
p322,e526
p3990,e545
p5173,e834
p4235,e89
p9586,e490
p9256,e466
p378,e946
p5403,e385
p226,e188
p4905,e213
p6302,e959
p6196,e979
p2045,e871
p885,e940
p130,e765
p6034,e631
p1585,e521
p869,e694
p5178,e731
p1535,e22
p9017,e640
p738,e125
p8136,e680
p687,e715
p4532,e280
p1872,e360
p1971,e5
p6921,e135
p7375,e539
p9848,e567
p9691,e475
p9701,e633
p8223,e505
p4718,e73
p7484,e110
p1075,e661
p4414,e84
p8124,e871
p9612,e56
p6305,e966
p195,e273
p6336,e247
p6557,e835
p4348,e616
p7152,e545
p5497,e882
p4453,e378
p5264,e601
p854,e165
p6433,e724
p1468,e262
p8267,e638
p913,e509
p5452,e740
p5873,e903
p6550,e336
p8121,e466
p8573,e659
p7087,e465
p7322,e70
p9746,e855
p6897,e157
p8069,e728
p1655,e714
p2901,e458
p3031,e422
p8319,e447
p5000,e868
p4502,e143
p9940,e230
p2645,e572
p3896,e706
p6250,e120
p3533,e831
p8212,e738
p6051,e263
p9890,e714
p3649,e746
p9377,e921
p5212,e786
p6799,e983
p6284,e286
p9185,e469
p3480,e349
p7803,e812
p2415,e198
p2796,e704
p6987,e856
p1865,e410
p152,e892
p911,e841
p6222,e965
p9783,e81
p6534,e31
p3771,e124
p4987,e407
p5896,e530
p901,e275
p7736,e308
p6992,e62
p513,e819
p3301,e862
p744,e661
p8611,e568
p6004,e444
p4851,e400
p7502,e184
p2389,e66
p9160,e16
p2952,e755
p7577,e383
p227,e184
p6321,e598
p6069,e701
p1098,e244
p6225,e348
p5477,e40
p5836,e992
p3961,e860
p9926,e196
p738,e336
p9855,e736
p7949,e738
p5152,e418
p9701,e787
p8889,e646
p8412,e795
p5004,e813
p9357,e757
p8504,e945
p7519,e3
p5974,e174
p1449,e977
p8927,e878
p673,e390
p1334,e349
p2231,e358
p1977,e82
p8527,e154
p4447,e134
p7325,e517
p409,e957
p2424,e791
p8057,e585
p7515,e667
p5791,e270
p1273,e153
p3574,e766
p9764,e608
p8181,e728
p4658,e325
p1299,e855
p1985,e104
p4202,e559
p971,e117
p983,e966
p6500,e358
p2565,e450
p2410,e968
p2446,e144
p2607,e998
p6434,e370
p3868,e790
p3763,e21
p5200,e180
p8306,e969
p9848,e105
p5249,e977
p5311,e839
p4667,e569
p3367,e749
p336,e48
p1149,e860
p3892,e479
p8011,e601
p9648,e24
p146,e267
p1845,e869
p8241,e314
p5828,e115
p3022,e801
p2938,e245
p709,e40
p2630,e189
p3,e605
p3381,e232
p1024,e286
p7425,e885
p3978,e443
p6464,e673
p3772,e101
p9111,e513
p4317,e300
p9435,e570
p3200,e465
p6966,e919
p1185,e673
p386,e525
p4594,e410
p8834,e346
p4893,e540
p6092,e1
p4097,e237
p4192,e177
p8844,e710
p9340,e397
p6523,e543
p754,e262
p7540,e327
p8027,e321
p2912,e974
p5494,e675
p5562,e304
p2335,e209
p6730,e905
p8073,e962
p6468,e317
p1591,e920
p396,e214
p6813,e138
p9577,e904
p1776,e742
p8872,e737
p4483,e889
p8313,e112
p9920,e691
p491,e738
p2531,e838
p8533,e384
p4269,e815
p4487,e452
p7778,e677
p2640,e522
p8866,e325
p379,e761
p318,e365
p2523,e581
p2952,e432
p8518,e397
p6837,e377
p6355,e271
p6157,e506
p5289,e701
p3281,e913
p4324,e799
p6345,e763
p5389,e211
p9700,e344
p8004,e20
p7133,e95
p5709,e745
p2650,e96
p2421,e336
p4072,e844
p5865,e878
p9451,e115
p4463,e816
p8372,e216
p7907,e752
p9272,e264
p664,e315
p5992,e485
p8882,e567
p881,e733
p3368,e539
p6234,e49
p8664,e742
p7310,e39
p6202,e746
p6115,e314
p5833,e59
p4724,e655
p9161,e989
p7520,e214
p1913,e499
p7891,e90
p6624,e615
p4095,e868
p1081,e155
p9433,e89
p2102,e742
p4899,e902
p5,e497
p9485,e302
p6717,e799
p7206,e710
p3673,e837
p1933,e204
p7119,e302
p9609,e418
p114,e145
p9232,e633
p7394,e407
p992,e121
p134,e984
p3752,e780
p5498,e954
p174,e788
p2176,e276
p962,e484
p749,e513
p9781,e880
p3877,e350
p7666,e417
p9467,e460
p5356,e356
p8259,e168
p8719,e511
p8644,e986
p2227,e131
p612,e111
p441,e261
p9938,e68
p5705,e96
p4188,e627
p5160,e62
p4558,e927
p3306,e631
p9174,e552
p3460,e138
p4040,e618
p3816,e554
p9316,e511
p93,e799
p5024,e738
p1149,e895
p2240,e888
p9360,e436
p6369,e644
p2256,e673
p5670,e449
p6902,e515
p1418,e595
p4287,e893
p6022,e76
p4537,e756
p8664,e686
p3308,e187
p172,e454
p5250,e957
p7154,e644
p8869,e715
p5139,e407
p5841,e458
p5352,e184
p2106,e990
p5871,e102
p7478,e495
p628,e563
p8394,e67
p4298,e785
p4256,e690
p7064,e513
p5558,e352
p2736,e802
p485,e724
p3329,e738
p2806,e338
p4410,e152
p1174,e161
p3516,e67
p7086,e425
p6019,e544
p606,e174
p9194,e623
p1640,e857
p6732,e448
p3250,e259
p782,e343
p5398,e298
p2363,e922
p1600,e791
p9689,e924
p2066,e582
p9850,e561
p2786,e872
p1560,e428
p8663,e598
p679,e589
p5705,e314
p9984,e941
p5411,e719
p9482,e471
p4477,e997
p7061,e567
p5870,e139
p3142,e404
p3276,e942
p3543,e464
p2625,e17
p2733,e864
p708,e552
p9175,e914
p6027,e423
p4953,e694
p1767,e907
p5563,e999
p7070,e280
p3745,e4
p1619,e825
p224,e929
p3289,e83
p8490,e134
p3353,e878
p6070,e167
p2019,e466
p8033,e486
p7483,e734
p8223,e45
p7690,e277
p1982,e805
p2375,e818
p3203,e145
p7752,e700
p4708,e772
p1066,e113
p1318,e150
p6076,e715
p8819,e887
p8493,e636
p6293,e895
p5007,e988
p7868,e934
p328,e343
p6702,e509
p5482,e893
p9648,e238
p784,e270
p894,e301
p6609,e221
p7311,e982
p2318,e554
p2166,e442
p1351,e35
p259,e423
p5980,e654
p3788,e58
p4270,e987
p4676,e277
p1544,e771
p1413,e51
p2216,e957
p3724,e202
p6393,e926
p7979,e44
p6640,e781
p7352,e106
p1317,e245
p7337,e402
p5795,e907
p3536,e18
p462,e547
p8255,e152
p8233,e489
p9093,e415
p2540,e826
p2911,e429
p1210,e576
p7219,e571
p9349,e970
p1140,e704
p4124,e791
p9779,e443
p4130,e329
p6721,e974
p7990,e795
p7491,e867
p3084,e447
p2406,e97
p1559,e871
p1235,e499
p9630,e854
p7600,e107
p8824,e486
p9312,e870
p5009,e772
p6108,e110
p4265,e939
p6782,e608
p2567,e836
p6500,e405
p740,e575
p9525,e706
p3491,e820
p6499,e536
p2481,e620
p4074,e647
p8150,e701
p1986,e202
p9566,e843
p3162,e686
p1333,e560
p8721,e128
p4868,e86
p6462,e172
p6908,e963
p984,e966
p4761,e619
p1760,e102
p9985,e929
p4533,e402
p3421,e664
p3506,e801
p6524,e404
p4323,e468
p887,e825
p3215,e182
p605,e269
p8860,e524
p5391,e689
p841,e221
p7955,e960
p9240,e632
p5626,e241
p9721,e308
p6,e196
p2885,e705
p4492,e441
p9752,e193
p906,e840
p6209,e758
p1861,e584
p6154,e65
p680,e664
p8861,e139
p8500,e246
p4730,e735
p6327,e89
p6175,e899
p7655,e280
p2050,e668
p7811,e256
p9888,e884
p2181,e190
p3259,e980
p8062,e735
p9157,e811
p1610,e426
p1335,e590
p3912,e256
p9709,e698
p871,e347
p9926,e982
p3757,e539
p4985,e529
p8023,e741
p4399,e396
p89,e856
p1169,e181
p2343,e929
p8887,e924
p1025,e543
p6060,e226
p7210,e388
p1233,e403
p7370,e90
p3802,e64
p4969,e723
p3499,e259
p3705,e639
p8116,e798
p7671,e270
p8493,e296
p8092,e900
p5823,e94
p2303,e326
p6342,e115
p1890,e524
p4857,e567
p1501,e517
p136,e607
p6371,e731
p7688,e868
p9794,e369
p7908,e493
p8812,e196
p3952,e678
p2447,e338
p8811,e375
p8267,e328
p4661,e640
p3370,e772
p465,e91
p5503,e202
p8155,e490
p5527,e678
p6994,e252
p1210,e63
p7922,e237
p953,e390
p7525,e834
p1554,e694
p1886,e876
p1464,e479
p4752,e977
p2145,e467
p2460,e664
p5176,e449
p5974,e533
p2602,e155
p481,e672
p2605,e43
p1093,e638
p4383,e166
p2733,e945
p3346,e179
p9567,e551
p9534,e694
p8888,e561
p5771,e525
p1288,e368
p951,e995
p3356,e59
p8028,e8
p4395,e218
p2511,e323
p2671,e165
p1137,e856
p9746,e152
p6265,e866
p8286,e157
p2380,e749
p8002,e331
p8653,e693
p5115,e181
p4394,e698
p9460,e748
p1881,e154
p5056,e435
p9072,e615
p9375,e343
p5184,e913
p8254,e228
p8461,e626
p1892,e883
p5398,e290
p9275,e572
p8851,e896
p7342,e579
p5782,e998
p3832,e253
p2490,e945
p2874,e151
p703,e107
p3695,e192
p8352,e251
p4607,e277
p1392,e958
p3859,e690
p3479,e567
p256,e482
p6889,e107
p4652,e825
p6387,e377
p4509,e346
p4006,e84
p7946,e296
p6479,e851
p3004,e473
p2559,e496
p7705,e42
p962,e555
p9609,e891
p7302,e635
p442,e82
p9676,e694
p2176,e29
p6606,e513
p1275,e565
p1246,e485
p8153,e774
p7789,e844
p1530,e915
p3100,e624
p773,e661
p2698,e205
p3985,e117
p1663,e761
p4745,e201
p7086,e57
p5728,e749
p6211,e402
p9086,e958
p8693,e819
p9026,e837
p3405,e23
p3771,e850
p3232,e161
p4894,e712
p8506,e355
p8426,e4
p2235,e859
p8856,e982
p3084,e32
p8842,e792
p2070,e257
p4302,e285
p5189,e32
p6608,e627
p6836,e241
p4459,e566
p138,e656
p4102,e922
p5766,e214
p8732,e315
p930,e588
p8479,e538
p9405,e789
p1680,e982
p3181,e120
p6341,e954
p6737,e476
p9443,e250
p7322,e830
p1525,e770
p1375,e358
p8873,e375
p4601,e762
p6300,e605
p9155,e887
p8845,e653
p7503,e557
p6061,e75
p9442,e660
p1591,e196
p9136,e155
p6769,e831
p6161,e225
p2358,e397
p1788,e369
p7925,e580
p8663,e771
p7846,e654
p338,e312
p3219,e176
p3807,e22
p6161,e682
p1210,e536
p3034,e626
p767,e388
p2182,e682
p6019,e239
p6426,e214
p3052,e185
p1038,e869
p8578,e221
p6118,e293
p1996,e259
p5856,e502
p649,e257
p1917,e827
p6667,e187
p8760,e342
p6851,e223
p6673,e161
p5652,e315
p9161,e964
p654,e491
p8056,e620
p3534,e60
p6257,e984
p198,e827
p3067,e603
p4683,e562
p398,e988
p8267,e47
p7789,e965
p2063,e116
p3965,e415
p1930,e971
p5081,e538
p905,e552
p980,e57
p1120,e310
p3484,e321
p4981,e518
p7395,e76
p6660,e855
p7218,e167
p3648,e213
p2766,e756
p4159,e607
p406,e75
p8872,e674
p8185,e753
p8232,e573
p9571,e260
p2860,e6
p1867,e105
p5236,e610
p3138,e685
p5789,e940
p3895,e90
p1983,e969
p7481,e662
p6861,e25
p581,e939
p1841,e416
p7165,e540
p1698,e655
p1457,e347
p4152,e348
p9163,e498
p9517,e945
p2041,e495
p9848,e306
p6928,e89
p8304,e421
p7551,e108
p3400,e834
p8010,e170
p4066,e562
p5933,e837
p6130,e275
p9899,e100
p4311,e783
p4477,e545
p2929,e63
p8061,e573
p8993,e173
p1374,e148
p3428,e150
p9450,e110
p8667,e890
p4550,e438
p848,e137
p4261,e811
p9026,e466
p3961,e812
p7623,e298
p5691,e285
p4593,e746
p9720,e130
p2991,e761
p273,e630
p5500,e12
p9091,e291
p5630,e657
p8740,e350
p6655,e668
p308,e687
p7577,e274
p2940,e242
p9948,e254
p410,e384
p7662,e419
p1748,e378
p4392,e548
p5093,e821
p178,e999
p8008,e718
p4057,e358
p8242,e347
p3312,e34
p3639,e728
p3008,e164
p1994,e908
p2908,e554
p5577,e18
p2804,e315
p6843,e242
p6375,e624
p3185,e994
p5050,e364
p6425,e817
p8431,e879
p21,e921
p6321,e857
p4957,e801
p7901,e173
p4930,e503
p2178,e74
p5405,e522
p8141,e316
p2673,e596
p6336,e450
p2822,e185
p509,e680
p4761,e89
p9695,e781
p2583,e632
p9451,e156
p3096,e829
p3828,e868
p3887,e604
p6054,e868
p5695,e123
p5820,e717
p7147,e4
p305,e925
p1425,e663
p7937,e576
p722,e848
p4584,e838
p7432,e838
p8210,e352
p1320,e301
p8751,e260
p4170,e984
p7833,e32
p2281,e801
p7353,e159
p272,e335
p1114,e48
p8471,e186
p4249,e102
p4824,e94
p1774,e568
p2180,e309
p8520,e417
p8702,e728
p7465,e876
p9692,e486
p7302,e434
p381,e291
p4383,e667
p4014,e344
p9963,e976
p1959,e339
p3401,e833
p1163,e726
p2092,e525
p4265,e845
p7439,e691
p2208,e856
p4071,e328
p3712,e515
p569,e898
p7061,e258
p8829,e596
p7748,e359
p2037,e981
p6069,e451
p8526,e424
p8815,e864
p9184,e54
p9630,e363
p1480,e383
p7480,e633
p4750,e57
p9947,e973
p7785,e174
p1487,e686
p5253,e662
p9429,e704
p3354,e717
p4097,e661
p3077,e881
p6348,e845
p5335,e452
p3724,e242
p8854,e322
p5365,e821
p7951,e638
p8277,e749
p9584,e932
p6249,e767
p4846,e496
p590,e453
p1428,e588
p1543,e658
p7440,e657
p9044,e435
p8588,e907
p8613,e953
p3004,e771
p5860,e309
p188,e578
p6330,e306
p7127,e41
p1307,e192
p632,e688
p8952,e993
p5495,e528
p6878,e110
p2309,e285
p6207,e344
p6875,e966
p2677,e249
p7420,e84
p8494,e912
p8284,e826
p1472,e402
p854,e979
p6069,e606
p2528,e466
p8844,e956
p6356,e202
p4096,e690
p9644,e837
p6937,e122
p5875,e995
p1095,e260
p9783,e485
p3327,e76
p7555,e956
p1361,e599
p9329,e271
p5846,e940
p983,e191
p8431,e11
p7218,e160
p7220,e766
p955,e110
p2046,e98
p3621,e828
p2305,e557
p9569,e552
p5745,e49
p4045,e701
p9814,e378
p7081,e183
p4898,e81
p6232,e353
p5147,e396
p7281,e689
p8034,e85
p2522,e511
p7905,e617
p3345,e198
p4848,e341
p5363,e717
p2345,e704
p1206,e654
p9414,e220
p5469,e613
p1762,e962
p5941,e973
p4540,e170
p2105,e356
p3414,e312
p7032,e94
p8011,e333
p39,e964
p3900,e79
p4687,e336
p234,e979
p4709,e445
p1632,e523
p958,e496
p8798,e374
p8544,e611
p4310,e700
p9810,e579
p7124,e952
p9577,e631
p3432,e525
p2097,e998
p8694,e827
p5793,e698
p6523,e145
p3357,e534
p8399,e18
p8086,e667
p5316,e446
p5729,e785
p5867,e154
p1910,e494
p5235,e846
p7596,e660
p1297,e250
p2789,e36
p3786,e297
p8409,e720
p366,e936
p7853,e173
p1453,e468
p1044,e11
p9040,e456
p3236,e711
p1685,e528
p9875,e244
p2513,e240
p7987,e540
p2834,e492
p3864,e562
p2315,e6
p3442,e832
p1596,e975
p8389,e608
p8075,e6
p3146,e875
p2995,e289
p3016,e285
p5520,e518
p433,e165
p7622,e915
p466,e723
p8398,e842
p5256,e280
p7953,e402
p1797,e412
p6922,e246
p9552,e784
p3739,e452
p1180,e246
p5151,e719
p3136,e317
p577,e352
p9878,e944
p7506,e921
p9686,e167
p8629,e141
p7452,e491
p1842,e460
p610,e915
p2095,e13
p7042,e220
p6588,e479
p5921,e605
p3491,e732
p3758,e68
p7425,e65
p3873,e2
p7534,e404
p1257,e61
p3496,e182
p4864,e912
p2907,e392
p6031,e53
p399,e128
p1111,e568
p5566,e944
p3867,e200
p122,e928
p3350,e77
p360,e834
p8025,e861
p9153,e394
p6719,e134
p9388,e776
p6447,e845
p3270,e989
p5834,e168
p5017,e51
p1322,e458
p5079,e703
p4265,e640
p5121,e810
p5905,e786
p5822,e858
p9029,e913
p4639,e482
p7111,e480
p1878,e902
p6708,e269
p394,e256
p1994,e383
p3794,e119
p9599,e485
p1275,e984
p2144,e5
p8404,e336
p9337,e342
p7900,e509
p9378,e144
p9260,e267
p3729,e430
p7550,e998
p6747,e958
p5474,e299
p6428,e635
p4455,e230
p4615,e8
p660,e761
p7806,e497
p8448,e5
p1085,e788
p6829,e750
p7467,e448
p6891,e546
p6485,e943
p1174,e861
p9929,e355
p9451,e432
p4104,e257
p6384,e19
p631,e336
p1969,e217
p6170,e190
p9628,e27
p9014,e442
p4075,e641
p2308,e55
p9459,e631
p3349,e359
p42,e417
p6344,e895
p9942,e158
p2175,e342
p8855,e677
p5155,e91
p8723,e691
p7270,e143
p4178,e946
p8760,e607
p3589,e719
p9574,e684
p2337,e898
p9498,e358
p264,e287
p9647,e993
p9510,e488
p1645,e423
p3092,e651
p2765,e380
p5492,e789
p4540,e962
p2294,e394
p3464,e261
p9734,e743
p8824,e790
p9835,e227
p4300,e170
p3460,e194
p9155,e664
p2820,e446
p4512,e268
p2363,e959
p2518,e46
p9981,e56
p7472,e638
p1485,e160
p8064,e640
p9529,e546
p6558,e63
p7479,e159
p1173,e814
p4398,e265
p7566,e580
p7393,e200
p477,e909
p3541,e220
p2215,e918
p5139,e508
p8566,e256
p1206,e332
p1737,e162
p4192,e525
p2150,e298
p1194,e940
p9926,e184
p2781,e701
p2300,e958
p5641,e820
p7157,e499
p1185,e799
p1649,e771
p8319,e43
p1603,e87
p1067,e297
p7812,e17
p3764,e677
p6663,e941
p9610,e999
p5147,e836
p9801,e748
p7011,e319
p6075,e853
p2560,e460
p6188,e665
p893,e115
p1777,e35
p9736,e717
p2856,e687
p4495,e626
p2960,e113
p6805,e685
p376,e215
p7115,e480
p7066,e27
p5977,e751
p8440,e567
p6517,e705
p2238,e224
p3779,e187
p3755,e429
p9484,e116
p3717,e171
p756,e586
p2903,e635
p2184,e185
p8262,e451
p3525,e575
p7845,e13
p6440,e153
p2138,e328
p6083,e850
p1504,e164
p6802,e40
p9364,e301
p6129,e397
p9629,e300
p2450,e424
p4389,e942
p7356,e444
p3692,e623
p3488,e92
p6820,e491
p4829,e353
p3,e962
p4165,e52
p1862,e91
p7988,e708
p1181,e998
p5887,e87
p783,e208
p4221,e312
p9047,e514
p4341,e311
p7712,e615
p431,e329
p949,e265
p5327,e829
p3182,e146
p2983,e251
p581,e224
p1683,e403
p3540,e228
p8737,e686
p383,e283
p6243,e700
p4052,e268
p3647,e989
p4451,e638
p8635,e412
p5991,e0
p5775,e136
p633,e755
p584,e484
p4244,e794
p5723,e767
p2473,e889
p8095,e99
p6282,e41
p765,e105
p5753,e116
p6383,e439
p9669,e797
p2147,e994
p8078,e737
p215,e996
p6590,e522
p2865,e548
p7821,e657
p9992,e521
p2096,e374
p8344,e325
p1659,e896
p9807,e786
p5161,e105
p9967,e59
p2102,e69
p2049,e89
p7988,e998
p4561,e224
p9045,e772
p7331,e765
p10,e982
p4825,e221
p5714,e451
p1410,e501
p7770,e187
p9993,e263
p7873,e246
p9820,e901
p6314,e78
p6190,e783
p1722,e93
p5783,e995
p8760,e188
p7295,e296
p3382,e871
p1041,e514
p8550,e976
p9119,e697
p7048,e391
p8221,e464
p5138,e942
p8908,e52
p1222,e840
p3723,e663
p1562,e639
p8379,e429
p2192,e873
p7410,e216
p8945,e488
p6836,e16
p4276,e732
p5198,e342
p8558,e856
p357,e875
p8074,e369
p2871,e309
p4115,e626
p8073,e317
p6521,e454
p8080,e261
p6488,e242
p8899,e413
p5478,e253
p4797,e188
p3306,e30
p6780,e576
p2401,e100
p2150,e638
p9995,e109
p1234,e459
p5861,e726
p216,e149
p6722,e606
p3842,e151
p1072,e208
p5801,e579
p5812,e556
p1274,e940
p1444,e950
p2037,e290
p419,e816
p4184,e317
p746,e323
p3482,e770
p4581,e122
p769,e357
p96,e588
p8235,e973
p4920,e813
p7105,e834
p2283,e378
p5019,e702
p9775,e616
p640,e234
p2749,e712
p8614,e537
p3973,e666
p3089,e659
p7240,e727
p4061,e861
p3107,e337
p3878,e379
p2651,e131
p9557,e355
p8349,e526
p9562,e235
p1077,e103
p807,e60
p4355,e227
p5428,e246
p4586,e562
p8790,e788
p1373,e784
p810,e335
p2469,e38
p1492,e249
p3344,e953
p6175,e848
p1611,e848
p1521,e963
p8977,e283
p5644,e522
p8799,e827
p1566,e852
p1782,e623
p218,e532
p5440,e598
p7433,e339
p6139,e595
p2896,e553
p9740,e911
p4988,e910
p6809,e48
p2474,e520
p3671,e437
p6352,e877
p1613,e502
p8169,e138
p4867,e582
p3289,e662
p4054,e399
p7779,e447
p4334,e23
p9971,e546
p2266,e663
p5367,e61
p169,e606
p9282,e358
p6862,e538
p327,e938
p2934,e962
p7216,e921
p3452,e305
p4161,e589
p3815,e640
p5850,e315
p7439,e345
p9069,e69
p6126,e443
p2594,e33
p6504,e986
p3758,e117
p4067,e59
p4924,e155
p7750,e224
p1523,e434
p4742,e659
p2078,e381
p7357,e804
p2502,e8
p7199,e414
p5548,e119
p7584,e650
p155,e260
p43,e488
p6015,e823
p6186,e54
p8129,e524
p1,e987
p9087,e774
p6283,e233
p2051,e224
p3673,e57
p4095,e908
p1538,e603
p2548,e858
p8073,e4
p9445,e499
p6328,e841
p3341,e649
p6925,e372
p5815,e605
p5248,e924
p3903,e579
p9491,e281
p919,e363
p352,e3
p4583,e552
p8025,e264
p3667,e146
p7268,e780
p4192,e791
p2936,e742
p851,e363
p9172,e805
p9077,e918
p2478,e316
p5386,e559
p2789,e779
p3772,e284
p1965,e193
p4392,e120
p5708,e940
p837,e36
p3270,e747
p9622,e882
p7226,e223
p8971,e942
p7619,e852
p3256,e705
p8925,e546
p8329,e859
p2805,e506
p6861,e244
p5358,e247
p7472,e819
p6208,e908
p5965,e845
p7247,e749
p4815,e67
p1799,e849
p1615,e67
p838,e978
p3558,e957
p6137,e923
p5096,e785
p2454,e44
p9152,e385
p3525,e802
p9762,e986
p2949,e250
p1783,e372
p7527,e290
p6197,e358
p3191,e929
p1208,e282
p7626,e400
p5257,e234
p7256,e786
p6914,e823
p9680,e209
p7334,e652
p2966,e505
p1444,e292
p9924,e898
p9594,e966
p2686,e610
p2932,e584
p5312,e399
p4709,e281
p9225,e996
p3990,e684
p3473,e629
p2040,e190
p2,e939
p8321,e51
p8532,e925
p8060,e233
p288,e371
p6491,e635
p3731,e967
p3627,e914
p3412,e785
p8349,e833
p5704,e456
p8573,e15
p5723,e75
p7048,e430
p8869,e413
p9373,e837
p3967,e7
p6011,e724
p2932,e898
p2098,e492
p5351,e119
p3993,e108
p4532,e597
p967,e768
p3954,e576
p691,e643
p8306,e661
p7436,e397
p9137,e47
p1063,e524
p6311,e103
p4621,e91
p1483,e582
p8833,e477
p437,e109
p7874,e907
p5250,e498
p7214,e501
p31,e149
p4457,e287
p5656,e386
p6535,e448
p6855,e349
p6509,e537
p9966,e932
p7001,e577
p9853,e312
p158,e108
p5197,e140
p2801,e424
p7573,e777
p2561,e652
p575,e965
p4137,e103
p7757,e869
p6727,e230
p2185,e485
p6727,e415
p9615,e797
p8686,e750
p3503,e508
p4743,e842
p1253,e119
p5452,e321
p2121,e456
p4725,e991
p9148,e254
p5277,e202
p6478,e498
p8802,e229
p8947,e521
p5352,e333
p8290,e444
p7855,e219
p360,e340
p7399,e628
p1200,e382
p6022,e748
p8517,e985
p6499,e983
p5653,e141
p200,e960
p6173,e345
p8356,e748
p3761,e389
p2883,e446
p5302,e91
p6779,e990
p3883,e455
p1243,e6
p4918,e14
p4942,e987
p3004,e36
p6264,e843
p1462,e527
p3661,e743
p5341,e307
p9260,e565
p4426,e539
p1146,e214
p5415,e553
p580,e495
p5753,e717
p6491,e342
p4088,e704
p8434,e325
p1007,e307
p4947,e764
p7793,e168
p3810,e945
p818,e420
p9024,e502
p4935,e189
p7748,e412
p8359,e130
p8386,e380
p5611,e250
p3243,e933
p7001,e672
p9005,e834
p1141,e728
p4554,e478
p614,e556
p2094,e123
p3349,e442
p6239,e574
p3951,e300
p1769,e773
p4567,e137
p2898,e568
p1527,e263
p5357,e526
p2707,e253
p5993,e289
p439,e841
p625,e364
p1472,e27
p8962,e185
p1539,e840
p1505,e8
p4952,e261
p808,e380
p2226,e451
p7409,e156
p4403,e596
p7293,e575
p9124,e36
p8507,e540
p8570,e565
p2518,e889
p4443,e474
p425,e779
p7059,e184
p7867,e88
p8053,e432
p8330,e398
p410,e961
p5344,e363
p7106,e165
p9954,e440
p1416,e376
p3913,e276
p5492,e239
p1888,e514
p1723,e173
p7252,e366
p8406,e649
p955,e413
p1388,e508
p6130,e101
p6509,e423
p9336,e791
p8257,e882
p8096,e870
p7273,e434
p8379,e178
p925,e414
p1439,e990
p6175,e747
p6755,e403
p7154,e633
p8390,e313
p619,e699
p9445,e396
p7969,e12
p6986,e269
p6569,e395
p7045,e384
p4330,e437
p3412,e898
p4101,e570
p71,e859
p7237,e713
p1682,e867
p698,e192
p3479,e368
p8535,e22
p2978,e29
p5571,e453
p1308,e271
p6678,e275
p5494,e748
p2734,e380
p5598,e475
p1721,e797
p4922,e840
p6633,e571
p5619,e872
p1340,e757
p1736,e699
p2466,e631
p7335,e194
p5011,e171
p8391,e687
p4738,e299
p1095,e95
p7259,e610
p7842,e158
p4776,e598
p8971,e599
p2844,e383
p3636,e54
p2668,e100
p7677,e73
p38,e738
p1730,e804
p2253,e756
p4885,e471
p950,e313
p9581,e470
p7684,e619
p2011,e431
p4085,e885
p1415,e864
p9170,e27
p6705,e809
p5045,e880
p1453,e160
p9688,e103
p3363,e306
p6357,e927
p5010,e480
p4366,e328
p9301,e500
p9866,e536
p2691,e815
p3803,e848
p2257,e282
p8517,e199
p3040,e618
p2699,e628
p468,e736
p252,e503
p6489,e454
p5328,e99
p5788,e234
p7996,e540
p6144,e568
p6147,e423
p6263,e156
p1900,e681
p5616,e144
p5306,e70
p1306,e92
p1597,e73
p6818,e217
p5433,e193
p881,e946
p6051,e10
p9377,e138
p4871,e543
p6252,e194
p8142,e457
p6246,e183
p7863,e402
p3609,e901
p2211,e522
p7854,e921
p3860,e390
p1464,e413
p9365,e112
p5483,e590
p4946,e97
p2114,e50
p4538,e22
p9260,e875
p9289,e544
p2074,e653
p8018,e540
p4304,e50
p930,e47
p4197,e243
p3072,e263
p6400,e845
p823,e540
p5689,e201
p8523,e370
p397,e264
p9607,e510
p3415,e437
p7079,e730
p3385,e227
p997,e143
p6227,e232
p6811,e258
p9202,e421
p5319,e11
p8248,e415
p2402,e677
p6226,e301
p4382,e781
p9291,e272
p6865,e584
p9736,e111
p7486,e709
p9108,e242
p3856,e328
p464,e886
p2288,e117
p1305,e826
p2506,e847
p3129,e799
p9931,e580
p8794,e692
p8353,e748
p8451,e790
p8020,e748
p1200,e944
p7862,e837
p6777,e800
p4675,e532
p5591,e287
p9598,e482
p5592,e182
p1429,e699
p5726,e278
p1804,e587
p6638,e543
p1881,e210
p7176,e230
p6973,e457
p6605,e292
p8890,e678
p688,e778
p9051,e349
p4295,e737
p5787,e638
p1795,e322
p6076,e603
p6397,e967
p2561,e640
p6116,e768
p4532,e875
p3858,e559
p753,e271
p2230,e143
p8318,e778
p8996,e882
p7556,e280
p5578,e72
p7702,e468
p2635,e54
p2745,e902
p7555,e934
p5090,e361
p1663,e465
p3964,e797
p7197,e79
p1549,e755
p2305,e707
p2468,e698
p9351,e472
p5290,e896
p1879,e274
p8765,e815
p6531,e427
p7120,e828
p7452,e699
p6765,e81
p3255,e615
p201,e129
p187,e694
p3921,e739
p6124,e216
p7950,e894
p5942,e279
p8912,e660
p8410,e312
p1975,e290
p4017,e129
p2483,e312
p1241,e762
p8954,e208
p589,e193
p3381,e369
p3797,e783
p1113,e271
p9263,e987
p7410,e810
p5598,e528
p7012,e980
p5751,e943
p2676,e436
p3097,e118
p6676,e504
p2238,e466
p1988,e740
p2504,e830
p5054,e854
p5212,e470
p427,e419
p5237,e177
p3608,e221
p8927,e637
p6780,e192
p7987,e128
p8533,e549
p1081,e180
p2968,e530
p9139,e574
p7698,e99
p145,e143
p8996,e576
p7610,e135
p5634,e902
p1340,e605
p3231,e617
p1158,e116
p65,e983
p1588,e979
p656,e54
p3971,e925
p1680,e646
p108,e197
p8291,e662
p589,e211
p5369,e398
p5665,e109
p15,e353
p1646,e197
p6085,e378
p1467,e590
p9249,e797
p6177,e212
p3918,e16
p7546,e53
p7336,e835
p1851,e668
p2680,e418
p5452,e60
p5487,e916
p2028,e338
p170,e573
p7474,e677
p6119,e127
p3806,e980
p7067,e312
p7495,e558
p1257,e74
p712,e80
p3234,e509
p3530,e971
p9678,e131
p3430,e831
p3877,e799
p2439,e953
p5845,e657
p8543,e188
p9934,e693
p2556,e617
p4620,e254
p2518,e476
p1177,e954
p2459,e181
p5068,e642
p2302,e507
p2147,e880
p7304,e511
p2590,e77
p8156,e50
p4915,e529
p7190,e503
p7122,e544
p9773,e12
p2606,e533
p7002,e154
p4112,e657
p3666,e831
p3691,e928
p8333,e892
p9734,e635
p2335,e119
p6242,e283
p5258,e987
p3946,e86
p2034,e82
p1519,e372
p6634,e390
p2716,e714
p1390,e402
p4639,e780
p7681,e371
p8205,e121
p7560,e840
p1538,e151
p2031,e353
p6855,e106
p9955,e647
p4722,e201
p4675,e384
p587,e621
p8591,e30
p5523,e415
p7558,e941
p2416,e604
p7431,e187
p7159,e391
p4633,e714
p4001,e982
p3986,e533
p5127,e73
p5921,e245
p1576,e848
p5249,e743
p5506,e952
p934,e888
p4184,e589
p2736,e906
p9064,e359
p4939,e949
p6664,e93
p5015,e357
p3030,e115
p9136,e403
p5360,e126
p2221,e414
p4005,e476
p2617,e716
p750,e403
p8835,e441
p744,e911
p152,e422
p2307,e527
p3227,e882
p5425,e204
p102,e440
p3301,e809
p2115,e425
p4870,e633
p7764,e445
p7893,e207
p9643,e894
p3408,e500
p3736,e296
p4118,e174
p3926,e68
p7304,e877
p1467,e416
p4261,e167
p8035,e396
p938,e204
p982,e278
p3172,e575
p1240,e283
p7513,e490
p5584,e141
p5965,e975
p3298,e15
p8154,e402
p4974,e88
p8157,e168
p6805,e864
p6868,e699
p5671,e768
p1611,e703
p5887,e930
p4087,e544
p4722,e456
p476,e284
p3639,e565
p1012,e943
p2520,e831
p7783,e729
p9795,e441
p1827,e50
p2493,e703
p1315,e832
p5837,e226
p1803,e314
p8818,e419
p8355,e36
p4087,e493
p2888,e367
p2582,e94
p9059,e484
p4953,e243
p9444,e256
p3023,e328
p926,e402
p6492,e308
p1553,e409
p4644,e777
p6689,e55
p3894,e188
p3348,e789
p535,e957
p6920,e460
p4809,e882
p4116,e633
p9616,e953
p8594,e281
p9679,e230
p2865,e965
p1515,e859
p9713,e574
p7409,e767
p2497,e729
p740,e794
p5027,e313
p1472,e113
p6580,e48
p8100,e67
p4233,e683
p6614,e818
p5265,e435
p9726,e37
p8095,e13
p6854,e154
p3202,e694
p1172,e987
p5425,e522
p2149,e549
p4326,e368
p7136,e254
p6345,e968
p8516,e710
p3123,e265
p1343,e901
p1215,e292
p3011,e105
p9268,e650
p3681,e19
p509,e634
p9635,e868
p5368,e989
p5407,e789
p157,e361
p1929,e436
p3727,e938
p4851,e560
p133,e153
p4020,e644
p3186,e176
p4174,e325
p8350,e915
p4964,e486
p9220,e243
p717,e366
p9228,e465
p9528,e755
p9589,e484
p1517,e318
p4318,e984
p8245,e78
p6663,e688
p3081,e261
p1220,e239
p45,e702
p2263,e693
p688,e531
p9833,e280
p260,e393
p1590,e408
p4141,e397
p4231,e340
p4160,e981
p981,e834
p7555,e912
p9399,e606
p4420,e217
p1356,e76
p456,e934
p6009,e991
p4583,e232
p4298,e646
p160,e448
p1330,e700
p9357,e116
p3264,e363
p3464,e822
p7006,e837
p8073,e658
p7848,e19
p2751,e294
p191,e772
p1520,e755
p8379,e596
p3232,e378
p2728,e371
p218,e347
p7386,e295
p274,e376
p4300,e787
p1378,e827
p5311,e318
p8669,e846
p7542,e41
p6484,e973
p9518,e62
p527,e268
p581,e739
p2746,e239
p4988,e742
p2005,e345
p8230,e824
p446,e362
p4773,e19
p3232,e711
p861,e248
p3535,e207
p8774,e336
p3186,e10
p8824,e921
p4202,e847
p8883,e678
p638,e10
p4682,e639
p4864,e822
p649,e818
p2452,e778
p5541,e171
p3161,e600
p4755,e550
p2559,e803
p4034,e386
p7413,e371
p5537,e953
p3263,e523
p7276,e839
p3942,e499
p6505,e57
p7946,e420
p9757,e389
p1650,e786
p3284,e850
p3475,e76
p1677,e567
p3319,e901
p135,e456
p4965,e182
p287,e697
p7897,e282
p7078,e433
p6146,e622
p6336,e920
p2456,e823
p3459,e221
p3759,e258
p9228,e914
p3009,e99
p3835,e901
p8625,e833
p5518,e888
p9543,e623
p2831,e577
p7191,e102
p8508,e405
p7664,e696
p228,e652
p9107,e469
p1374,e676
p4565,e564
p3628,e771
p3081,e930
p1376,e196
p9188,e503
p5850,e915
p8552,e793
p1122,e489
p4921,e312
p2029,e705
p4354,e939
p2483,e963
p3631,e2
p7784,e428
p4954,e301
p4729,e966
p7807,e370
p1877,e379
p4149,e20
p2030,e639
p9965,e120
p9273,e317
p4868,e223
p8840,e475
p1379,e605
p8306,e280
p9805,e53
p8709,e970
p7343,e925
p1799,e72
p9704,e610
p4927,e549
p3706,e275
p4938,e702
p3273,e886
p4477,e648
p5166,e633
p4269,e427
p386,e697
p6976,e984
p1041,e757
p3542,e940
p8962,e629
p4311,e841
p1752,e252
p1536,e987
p4300,e892
p7111,e773
p4139,e993
p4660,e383
p501,e561
p3507,e391
p415,e610
p2854,e696
p3762,e834
p7278,e221
p6600,e145
p5046,e815
p1801,e221
p2916,e319
p9677,e812
p4702,e415
p6135,e524
p5615,e401
p536,e866
p6210,e965
p3995,e54
p1950,e557
p4175,e956
p3781,e422
p2170,e560
p8025,e892
p4551,e51
p2337,e341
p6024,e123
p6338,e932
p7231,e802
p3097,e691
p5151,e148
p5249,e201
p9260,e641
p3329,e569
p8043,e363
p5491,e246
p1730,e5
p6726,e457
p2467,e213
p1638,e385
p6803,e242
p5157,e4
p7962,e30
p2921,e218
p7009,e97
p1073,e676
p81,e235
p569,e921
p6718,e654
p2999,e599
p2183,e373
p6267,e920
p308,e649
p2265,e897
p8739,e719
p7187,e641
p7983,e771
p8990,e111
p2494,e686
p6529,e192
p6199,e930
p2933,e853
p1424,e507
p748,e659
p389,e473
p5749,e354
p9417,e140
p2937,e462
p6984,e564
p6792,e162
p1668,e522
p5924,e770
p2405,e610
p8844,e173
p8546,e693
p6117,e437
p4744,e277
p6498,e214
p4830,e991
p9835,e974
p4022,e237
p9426,e16
p697,e474
p7338,e543
p6739,e141
p355,e748
p9671,e265
p347,e699
p2650,e386
p8372,e27
p8748,e222
p9325,e115
p7477,e189
p1960,e297
p3183,e379
p3154,e762
p7155,e194
p9696,e833
p861,e125
p9864,e91
p7862,e492
p5134,e119
p5871,e593
p7983,e437
p9238,e219
p5441,e580
p7606,e341
p852,e239
p5,e315
p3657,e343
p6847,e419
p8870,e889
p4492,e769
p2921,e425
p7099,e474
p821,e176
p9739,e635
p2285,e883
p7549,e568
p4580,e695
p3781,e981
p4111,e312
p3031,e852
p4483,e702
p3004,e415
p1757,e501
p1580,e205
p3140,e683
p8892,e599
p5117,e599
p7433,e56
p1651,e955
p1963,e9
p4986,e609
p1102,e860
p3429,e102
p4777,e17
p9038,e326
p0,e834
p7098,e636
p1620,e297
p3377,e230
p8375,e401
p4396,e798
p3937,e580
p3248,e337
p1762,e693
p364,e831
p1700,e51
p4885,e361
p8671,e979
p217,e19
p7986,e667
p389,e659
p393,e344
p7515,e214
p1220,e291
p8951,e279
p2049,e253
p1930,e521
p8410,e334
p3481,e999
p9683,e320
p4170,e625
p6622,e447
p1105,e371
p4572,e332
p7556,e614
p7008,e348
p6021,e17
p6970,e74
p9921,e190
p2780,e390
p9054,e816
p7693,e508
p610,e633
p8436,e792
p6236,e318
p7657,e485
p5586,e288
p891,e524
p9499,e123
p7306,e876
p536,e341
p629,e588
p8429,e258
p749,e915
p9257,e258
p6441,e997
p728,e360
p8466,e381
p5479,e176
p4360,e260
p2909,e134
p223,e860
p442,e20
p883,e280
p5151,e793
p5533,e392
p7100,e139
p1790,e697
p7759,e216
p138,e498
p3874,e789
p3360,e383
p165,e764
p5880,e722
p5266,e928
p2752,e392
p7995,e463
p6896,e271
p391,e891
p1786,e710
p1934,e315
p2087,e315
p1101,e0
p7278,e444
p7930,e471
p8179,e140
p403,e130
p7232,e537
p6055,e743
p1361,e233
p3875,e755
p5032,e761
p7999,e461
p2548,e797
p7075,e126
p6983,e797
p7708,e120
p5898,e879
p7962,e768
p3044,e856
p9860,e235
p5491,e565
p1680,e371
p4740,e63
p3521,e157
p9782,e943
p1092,e229
p9492,e658
p2931,e370
p1021,e627
p350,e873
p3647,e241
p9644,e108
p5425,e527
p4803,e761
p9286,e986
p706,e650
p7639,e531
p5370,e986
p4319,e440
p5519,e393
p7838,e409
p7746,e983
p4388,e966
p3824,e374
p3590,e813
p4448,e68
p2240,e691
p805,e643
p8606,e998
p2022,e163
p1915,e391
p116,e235
p6643,e636
p1796,e521
p8798,e732
p573,e34
p7065,e655
p7104,e68
p5920,e764
p1994,e666
p7373,e268
p6614,e897
p7976,e521
p3685,e296
p4434,e998
p2109,e833
p6448,e270
p2304,e703
p5283,e983
p1525,e435
p1463,e419
p5928,e848
p9019,e248
p7276,e921
p2392,e657
p7584,e687
p6326,e732
p7782,e554
p8909,e418
p9343,e471
p9827,e730
p3073,e987
p7998,e660
p2660,e793
p5054,e576
p3739,e440
p5436,e274
p4732,e952
p2713,e487
p1099,e251
p4902,e592
p2690,e184
p5129,e50
p35,e707
p9123,e582
p1106,e268
p3136,e473
p3376,e182
p5449,e197
p9980,e699
p567,e330
p3842,e544
p6116,e952
p9704,e443
p4891,e386
p9876,e589
p5835,e406
p2210,e201
p832,e314
p7341,e161
p2935,e170
p623,e126
p1557,e961
p8922,e154
p7232,e826
p5522,e994
p8242,e156
p8283,e102
p3922,e857
p2239,e401
p8956,e43
p6721,e621
p9353,e160
p94,e583
p5652,e508
p293,e857
p2735,e152
p7030,e693
p860,e377
p9346,e377
p2014,e361
p8268,e120
p4991,e854
p6934,e268
p3758,e922
p7000,e613
p9896,e151
p8428,e18
p8892,e85
p2229,e129
p5786,e416
p8795,e961
p3994,e778
p3977,e642
p131,e138
p7262,e146
p3685,e437
p7341,e541
p2339,e220
p3585,e23
p2032,e668
p1144,e591
p6304,e222
p6997,e303
p7642,e519
p1805,e952
p3183,e407
p2567,e230
p802,e110
p6526,e632
p2156,e541
p4108,e676
p7678,e770
p1864,e796
p6869,e774
p7136,e859
p6318,e816
p9082,e697
p8351,e992
p6046,e471
p9412,e255
p6044,e448
p5508,e415
p2999,e858
p999,e168
p4092,e422
p3728,e263
p9250,e797
p8612,e413
p6524,e693
p4501,e124
p4302,e986
p7074,e456
p2001,e705
p3911,e670
p9891,e59
p8959,e2
p778,e909
p2560,e392
p6909,e690
p433,e637
p6593,e693
p4956,e263
p7700,e883
p6635,e383
p5693,e236
p5311,e969
p9507,e848
p4498,e208
p2831,e545
p3187,e366
p4047,e944
p8696,e554
p6021,e284
p7536,e886
p6611,e75
p349,e41
p3708,e4
p7497,e43
p5164,e813
p1744,e607
p1582,e676
p7127,e418
p6302,e702
p8270,e337
p901,e219
p4597,e426
p6541,e146
p5035,e65
p8749,e256
p1158,e969
p9260,e840
p8971,e95
p3666,e383
p9085,e789
p1857,e396
p2465,e559
p8816,e402
p697,e186
p641,e411
p4096,e712
p7703,e259
p4704,e462
p1049,e524
p4310,e740
p1556,e610
p9449,e539
p6964,e6
p6872,e871
p8483,e1
p1117,e985
p624,e104
p328,e556
p8990,e771
p9707,e678
p5882,e989
p484,e667
p3501,e572
p1322,e557
p5827,e460
p5198,e196
p6121,e281
p8275,e853
p3739,e415
p6783,e45
p8534,e397
p5549,e938
p2732,e152
p3788,e445
p7547,e983
p1027,e224
p4891,e754
p9887,e857
p5001,e419
p1143,e272
p8398,e730
p3608,e741
p6972,e355
p5225,e311
p231,e499
p8919,e183
p4421,e531
p7815,e43
p9869,e263
p4568,e970
p9210,e421
p242,e315
p5277,e978
p8721,e248
p1291,e303
p9846,e866
p8698,e255
p2099,e75
p3558,e613
p9042,e500
p7520,e160
p6586,e478
p2039,e813
p6723,e193
p9238,e635
p2615,e258
p9653,e135
p7242,e724
p5535,e33
p7062,e753
p6042,e729
p5076,e25
p3845,e500
p8100,e236
p6678,e622
p78,e575
p3662,e693
p4960,e611
p5932,e51
p3743,e831
p6135,e378
p4261,e100
p8392,e597
p2934,e302
p1856,e308
p2573,e308
p6051,e863
p9413,e939
p2887,e450
p5376,e849
p2124,e46
p5593,e572
p5567,e907
p5130,e53
p9632,e584
p5841,e668
p2735,e13
p5250,e336
p2957,e881
p3698,e451
p794,e333
p9305,e942
p6819,e3
p2201,e483
p4490,e4
p7542,e769
p8287,e778
p4888,e24
p4098,e665
p5288,e89
p6423,e704
p708,e987
p6902,e881
p4810,e296
p578,e410
p6903,e603
p2966,e306
p482,e817
p8067,e250
p3908,e437
p9139,e589
p6441,e879
p4468,e79
p364,e589
p9607,e102
p6056,e968
p6640,e74
p3322,e737
p5806,e862
p4199,e940
p5586,e968
p460,e393
p3034,e158
p7311,e470
p6682,e14
p9775,e116
p8544,e414
p492,e571
p7275,e829
p7966,e232
p4219,e94
p35,e35
p4132,e478
p8652,e891
p8098,e418
p7839,e951
p6051,e12
p5473,e329
p9403,e783
p1070,e704
p5659,e88
p2973,e246
p7880,e297
p9195,e69
p2316,e168
p3310,e767
p5145,e179
p9279,e884
p2362,e674
p2095,e877
p104,e825
p2719,e999
p6715,e420
p7044,e81
p3732,e299
p5722,e406
p6556,e10
p4989,e284
p6947,e611
p9013,e766
p5800,e425
p8394,e693
p5600,e586
p1335,e340
p3706,e751
p7968,e925
p3175,e998
p9790,e744
p689,e674
p7420,e184
p7683,e688
p4641,e669
p888,e791
p1618,e680
p2016,e915
p6237,e116
p4320,e754
p158,e4
p835,e47
p3867,e733
p7685,e879
p2318,e530
p6801,e156
p6574,e805
p6761,e574
p7171,e54
p6909,e881
p2594,e451
p6829,e855
p7100,e358
p6470,e298
p9544,e858
p4750,e709
p8059,e28
p9179,e251
p8573,e939
p3393,e166
p9342,e462
p6311,e908
p334,e868
p3704,e695
p1704,e178
p9475,e917
p4340,e524
p3355,e447
p4662,e773
p8455,e90
p7316,e97
p23,e944
p400,e312
p5904,e462
p5852,e17
p4652,e523
p328,e481
p6354,e842
p1596,e901
p728,e273
p7681,e827
p8870,e962
p5860,e107
p3280,e219
p6949,e849
p3836,e20
p1002,e982
p7127,e129
p1,e793
p8570,e980
p2976,e499
p638,e283
p7245,e349
p418,e230
p1555,e21
p4716,e350
p7466,e617
p2498,e732
p9612,e699
p2472,e134
p7340,e102
p2295,e11
p6103,e488
p5155,e579
p9913,e759
p768,e809
p9579,e177
p6081,e181
p4392,e441
p1180,e980
p2335,e0
p6032,e987
p399,e217
p3853,e149
p977,e15
p4078,e583
p1205,e898
p8887,e713
p3114,e927
p4658,e6
p2113,e413
p9569,e624
p8752,e331
p5714,e390
p9742,e897
p405,e750
p4432,e930
p8358,e738
p3970,e925
p1965,e258
p1755,e684
p9781,e12
p6893,e379
p8288,e797
p9751,e571
p1607,e108
p799,e339
p2761,e777
p4662,e868
p4392,e624
p2713,e481
p6826,e474
p6813,e855
p6383,e236
p1934,e155
p2391,e945
p7743,e768
p5007,e478
p3914,e33
p2803,e821
p918,e82
p6578,e588
p3077,e933
p5097,e972
p2441,e968
p1926,e863
p9474,e150
p9053,e901
p7894,e623
p6648,e679
p757,e448
p9192,e910
p7935,e925
p5526,e548
p6605,e632
p6240,e955
p2929,e916
p4272,e243
p3714,e88
p9632,e667
p5170,e317
p8811,e137
p4475,e379
p2548,e914
p2189,e328
p1225,e929
p1466,e194
p3736,e184
p368,e336
p371,e943
p4403,e789
p6940,e808
p9893,e394
p3316,e824
p8769,e915
p1708,e418
p8705,e224
p621,e719
p4691,e371
p1628,e780
p9988,e163
p4119,e194
p6392,e716
p2063,e362
p7701,e195
p4547,e553
p7360,e369
p3683,e573
p4534,e85
p6504,e317
p2236,e154
p7033,e768
p1236,e929
p6362,e632
p9164,e758
p5600,e50
p9095,e923
p2652,e729
p7230,e501
p2076,e234
p2101,e814
p9645,e129
p9169,e83
p7409,e731
p7580,e223
p6334,e700
p3527,e419
p669,e595
p5994,e140
p607,e288
p1903,e163
p8523,e60
p4859,e251
p8003,e868
p2070,e347
p9228,e305
p978,e21
p8432,e66
p9641,e979
p455,e670
p6548,e407
p7535,e791
p9,e268
p1881,e262
p2884,e744
p6677,e912
p6379,e340
p96,e476
p9539,e523
p6229,e593
p7194,e846
p9788,e967
p6174,e634
p9551,e520
p1080,e828
p6009,e975
p7807,e925
p7186,e583
p3687,e869
p9623,e188
p4503,e643
p5105,e62
p8516,e61
p7193,e745
p8203,e442
p6021,e653
p5751,e553
p3429,e718
p2097,e827
p4299,e395
p6589,e284
p5471,e725
p4031,e618
p524,e392
p7612,e576
p929,e87
p2233,e428
p2743,e622
p2310,e554
p1402,e631
p2160,e507
p7358,e347
p7119,e500
p3209,e480
p9751,e838
p4334,e623
p1974,e28
p9569,e479
p6818,e437
p367,e194
p1768,e363
p6686,e382
p9210,e153
p7816,e997
p754,e530
p99,e438
p1220,e14
p5816,e173
p8059,e248
p2833,e973
p8982,e490
p8817,e992
p6264,e472
p4282,e70
p8778,e380
p8860,e729
p4980,e329
p5469,e565
p9874,e999
p3671,e857
p818,e993
p7940,e753
p8628,e390
p512,e809
p5703,e914
p5066,e853
p3231,e669
p9940,e539
p8483,e839
p2236,e883
p6292,e321
p2945,e964
p3145,e647
p8799,e90
p4082,e794
p858,e38
p8922,e706
p3736,e688
p1115,e978
p7477,e874
p3991,e929
p2966,e641
p6048,e337
p2059,e893
p2194,e146
p4778,e320
p1286,e221
p9695,e934
p9975,e12
p8401,e963
p5626,e868
p9621,e340
p9456,e356
p8691,e995
p6845,e235
p9882,e867
p6237,e220
p9729,e654
p2801,e56
p2498,e384
p2052,e900
p1418,e233
p5400,e497
p8345,e826
p9567,e683
p897,e481
p3923,e764
p7495,e709
p2684,e849
p7725,e931
p6422,e335
p1416,e326
p2426,e678
p973,e2
p3868,e994
p1471,e878
p2244,e498
p6868,e924
p345,e850
p4199,e856
p4873,e298
p5290,e915
p3733,e515
p3695,e888
p2300,e739
p7941,e861
p7327,e927
p136,e83
p9092,e640
p1051,e980
p8217,e698
p7144,e330
p572,e776
p5581,e295
p1239,e188
p5375,e874
p2685,e506
p9974,e247
p5941,e605
p3631,e627
p6604,e690
p5053,e160
p2865,e370
p2446,e321
p2524,e784
p9499,e873
p180,e173
p7384,e991
p4711,e878
p578,e543
p1648,e108
p6599,e644
p8320,e603
p6410,e247
p2576,e817
p6255,e910
p7646,e682
p7497,e426
p4513,e288
p4843,e70
p5842,e573
p7274,e391
p1755,e518
p5957,e238
p6906,e757
p6068,e422
p6693,e4
p7300,e825
p5061,e403
p7875,e619
p6015,e989
p7295,e597
p8806,e490
p2308,e907
p6926,e117
p8183,e621
p1140,e702
p5363,e254
p1613,e478
p1216,e270
p239,e965
p5562,e304
p8265,e847
p4422,e789
p7771,e792
p6260,e231
p2653,e422
p1455,e35
p8951,e527
p5280,e601
p581,e345
p3815,e633
p7671,e21
p309,e361
p4816,e660
p542,e845
p3061,e252
p4308,e617
p8625,e848
p5300,e329
p3823,e32
p6001,e596
p6820,e878
p7043,e239
p7574,e348
p6730,e661
p3989,e728
p6560,e666
p8284,e886
p2861,e957
p9511,e638
p3255,e32
p5621,e615
p1657,e752
p8602,e637
p9241,e180
p852,e635
p5347,e236
p917,e201
p1604,e218
p4640,e69
p1064,e341
p6515,e651
p3146,e721
p7110,e991
p8116,e407
p3597,e931
p594,e228
p9677,e490
p8355,e163
p5589,e57
p5361,e431
p7673,e934
p9873,e72
p5907,e470
p715,e450
p2298,e66
p1859,e164
p9106,e364
p3025,e477
p4613,e180
p9429,e607
p1075,e110
p5057,e141
p8116,e19
p2084,e410
p6355,e548
p2151,e874
p3696,e897
p6890,e539
p1118,e311
p833,e170
p8783,e190
p5160,e302
p8233,e249
p6113,e626
p9893,e66
p8208,e933
p2142,e831
p4298,e734
p9035,e328
p2135,e992
p9884,e529
p6520,e244
p9208,e318
p6436,e232
p9005,e506
p1564,e919
p6727,e784
p7161,e596
p6045,e804
p4927,e143
p9832,e271
p9230,e7
p6805,e248
p3150,e26
p2277,e736
p5189,e933
p1925,e824
p4717,e660
p2316,e219
p8052,e910
p3845,e542
p2250,e65
p8138,e917
p9126,e41
p5870,e199
p1066,e84
p1142,e240
p4074,e187
p7517,e882
p2312,e433
p5760,e412
p8102,e305
p237,e792
p665,e843
p3704,e233
p2421,e399
p3056,e293
p6280,e405
p8742,e511
p3328,e486
p8318,e955
p8256,e496
p5713,e590
p1698,e219
p4393,e833
p7742,e542
p33,e148
p5695,e541
p4971,e479
p7031,e45
p4062,e796
p7669,e300
p1615,e641
p8320,e163
p4672,e171
p3579,e177
p4110,e337
p8336,e979
p1150,e35
p1122,e973
p9045,e324
p477,e76
p1807,e924
p5122,e624
p4086,e567
p8092,e914
p8310,e194
p7532,e572
p2093,e507
p7135,e975
p6008,e777
p276,e792
p7741,e521
p2281,e979
p9773,e239
p8812,e646
p3667,e914
p6501,e523
p5130,e380
p891,e778
p7661,e336
p4428,e647
p6211,e10
p5578,e298
p895,e188
p6757,e402
p4928,e704
p6270,e125
p4408,e93
p4906,e306
p2978,e870
p5731,e607
p4896,e561
p6336,e695
p5756,e425
p6077,e1
p5582,e505
p5299,e795
p8999,e922
p1754,e465
p6630,e426
p3772,e826
p9552,e960
p1599,e272
p4796,e290
p6123,e832
p5430,e110
p735,e238
p8726,e142
p7012,e908
p1753,e253
p7983,e332
p3526,e592
p5549,e170
p6512,e299
p6162,e813
p4098,e191
p5749,e435
p1953,e571
p8751,e810
p7592,e598
p7762,e647
p733,e186
p6735,e160
p6269,e6
p8683,e180
p359,e491
p9447,e357
p2350,e79
p7397,e454
p6240,e862
p1861,e190
p7327,e483
p3774,e638
p2791,e499
p279,e982
p3822,e552
p4846,e301
p9970,e392
p1232,e737
p5887,e924
p6164,e145
p4504,e884
p9606,e973
p7588,e225
p1245,e914
p3687,e111
p4448,e456
p4201,e328
p2405,e870
p8340,e312
p6536,e348
p850,e100
p4293,e635
p7618,e31
p6466,e246
p8750,e197
p5135,e602
p8350,e360
p9222,e678
p2484,e833
p4859,e687
p9111,e647
p9719,e880
p4708,e200
p2749,e154
p15,e789
p7801,e968
p1191,e552
p9082,e332
p62,e385
p124,e811
p350,e575
p9833,e618
p7287,e39
p8867,e587
p4391,e474
p8572,e817
p4275,e995
p3669,e911
p795,e616
p4924,e953
p2208,e541
p3595,e56
p8627,e264
p9125,e530
p4658,e169
p4209,e542
p2243,e112
p5838,e36
p6722,e672
p4658,e215
p1560,e332
p1331,e708
p6669,e480
p3347,e822
p7576,e252
p4239,e387
p7882,e310
p9674,e336
p2169,e268
p2862,e734
p3388,e975
p7969,e313
p232,e109
p2456,e730
p9964,e973
p5396,e153
p9140,e142
p2055,e836
p3227,e129
p3372,e520
p8201,e532
p2847,e858
p8220,e516
p3008,e952
p7630,e794
p7827,e295
p3152,e557
p8172,e372
p9321,e85
p9321,e498
p4806,e959
p3372,e35
p5221,e804
p8966,e235
p2953,e887
p7248,e553
p1854,e810
p8433,e742
p768,e948
p2691,e515
p6596,e676
p3231,e340
p6011,e307
p2569,e544
p4703,e903
p2508,e703
p575,e812
p7342,e46
p7528,e97
p5329,e809
p8054,e316
p3304,e921
p30,e583
p5155,e905
p7198,e677
p5147,e763
p4669,e299
p7753,e375
p4944,e81
p3409,e289
p2220,e811
p5024,e235
p3814,e603
p3369,e742
p2085,e79
p5803,e377
p5582,e345
p2597,e403
p5141,e349
p1518,e879
p9181,e87
p5035,e444
p2367,e27
p4653,e374
p347,e528
p2645,e865
p5741,e891
p8071,e235
p6109,e356
p5938,e937
p124,e338
p1086,e627
p9222,e378
p9657,e410
p3163,e37
p7206,e122
p966,e207
p2644,e244
p8586,e588
p6975,e434
p1546,e405
p4667,e178
p126,e331
p9560,e513
p7817,e707
p1289,e835
p5659,e886
p8854,e588
p9936,e425
p2575,e290
p5685,e657
p9115,e402
p8098,e289
p5308,e612
p1381,e617
p5321,e555
p3597,e253
p3165,e54
p8615,e858
p4756,e829
p3764,e197
p5965,e891
p8215,e488
p8238,e737
p5545,e874
p27,e861
p4488,e334
p7524,e513
p3449,e999
p7343,e637
p9820,e217
p5316,e656
p9954,e934
p9388,e837
p8740,e157
p40,e323
p2166,e573
p9099,e36
p976,e887
p7583,e553
p7968,e612
p3544,e736
p5383,e723
p4234,e38
p8114,e334
p8535,e971
p6982,e243
p4190,e447
p1393,e282
p2950,e513
p747,e423
p4724,e505
p9507,e388
p9458,e401
p8332,e890
p7193,e589
p7263,e576
p1619,e178
p6812,e251
p237,e676
p4536,e522
p1881,e821
p9087,e825
p8516,e255
p8374,e186
p5262,e529
p9098,e25
p4748,e515
p5258,e707
p412,e283
p1150,e281
p4926,e554
p7882,e668
p5850,e284
p3703,e242
p7886,e786
p7831,e818
p3464,e189
p2565,e700
p6079,e470
p8742,e290
p6509,e997
p5802,e448
p4046,e669
p4204,e51
p9171,e304
p4798,e505
p1237,e553
p7318,e75
p1484,e138
p9635,e781
p6851,e201
p1277,e397
p4822,e728
p3016,e583
p8,e561
p5253,e902
p7403,e671
p9235,e475
p3965,e474
p7792,e776
p90,e135
p2658,e918
p565,e204
p183,e618
p2445,e656
p2111,e90
p5143,e171
p179,e145
p1075,e522
p4614,e871
p3725,e220
p6280,e161
p7812,e299
p9106,e426
p568,e465
p2887,e904
p1872,e694
p4541,e548
p9735,e768
p7854,e507
p8281,e311
p142,e403
p5094,e227
p7148,e295
p1182,e166
p5212,e226
p6809,e291
p192,e232
p1043,e59
p3209,e544
p931,e781
p5739,e104
p8499,e464
p2273,e17
p9385,e687
p4547,e224
p4687,e464
p3632,e488
p8779,e458
p4469,e759
p2123,e981
p117,e946
p2994,e830
p2269,e98
p5424,e755
p8155,e268
p8919,e237
p7300,e495
p8237,e830
p3134,e514
p3942,e965
p1377,e102
p2965,e719
p2450,e555
p8927,e570
p7453,e221
p2265,e770
p6677,e959
p7496,e459
p5944,e859
p8925,e834
p8463,e918
p5344,e559
p6872,e59
p9075,e555
p5324,e857
p6180,e605
p8867,e838
p1064,e204
p1939,e588
p9524,e11
p2630,e198
p1952,e528
p5560,e118
p8542,e500
p9369,e109
p5854,e154
p5977,e150
p4281,e680
p9582,e644
p6149,e690
p2936,e961
p9029,e667
p4803,e296
p341,e700
p4383,e531
p7257,e410
p9248,e693
p9538,e355
p5055,e593
p139,e626
p9708,e763
p6547,e861
p7841,e31
p1718,e438
p676,e116
p6402,e681
p8746,e921
p2730,e885
p5070,e737
p6633,e987
p6905,e917
p3029,e410
p1020,e579
p4750,e697
p6973,e712
p7157,e859
p2481,e385
p6480,e734
p8489,e130
p1466,e87
p9213,e769
p1076,e515
p8299,e555
p1872,e226
p6603,e31
p6898,e868
p1625,e77
p238,e837
p3685,e336
p3166,e609
p3200,e93
p8918,e819
p7827,e663
p9971,e201
p5797,e65
p8249,e390
p8136,e986
p2978,e804
p5574,e284
p9215,e165
p575,e384
p6443,e349
p77,e806
p771,e119
p2264,e937
p6062,e682
p4115,e215
p1775,e633
p68,e986
p5115,e938
p9254,e509
p1891,e824
p1792,e917
p9985,e43
p1902,e784
p6844,e641
p547,e27
p1901,e11
p5662,e626
p6991,e734
p4855,e680
p9389,e708
p9468,e6
p568,e355
p6769,e931
p1167,e585
p7566,e544
p6665,e530
p8515,e61
p5471,e10
p6684,e341
p1831,e364
p5512,e315
p542,e285
p7397,e768
p6574,e488
p2023,e581
p4449,e114
p5819,e636
p1597,e31
p7416,e829
p2962,e571
p1797,e907
p4027,e534
p7836,e594
p8157,e419
p2144,e438
p4178,e76
p7388,e508
p6185,e408
p2874,e811
p3799,e570
p9122,e760
p1990,e457
p9073,e122
p2262,e789
p1666,e229
p1867,e494
p4124,e881
p4053,e50
p9368,e270
p8018,e565
p7137,e177
p4402,e412
p5939,e861
p4901,e638
p5174,e145
p5628,e139
p8088,e623
p9069,e599
p2292,e258
p5261,e250
p9197,e621
p6313,e186
p8237,e4
p1711,e915
p5627,e813
p1771,e473
p5269,e724
p5313,e777
p9459,e250
p7270,e751
p8592,e341
p8797,e280
p4330,e7
p2207,e899
p7949,e769
p1268,e421
p903,e727
p5145,e599
p7842,e112
p7070,e541
p2550,e936
p2810,e251
p3568,e370
p3542,e860
p2223,e29
p3123,e491
p5687,e340
p969,e896
p4843,e277
p5039,e800
p4087,e382
p2278,e123
p32,e263
p3805,e963
p9198,e621
p7130,e147
p8413,e231
p7550,e529
p2152,e498
p1478,e182
p4119,e218
p8557,e512
p7207,e192
p4372,e145
p9073,e346
p5770,e240
p2962,e342
p6415,e932
p5635,e68
p1847,e825
p5617,e597
p285,e962
p4517,e20
p537,e689
p7405,e721
p7492,e397
p2530,e139
p4383,e407
p9519,e89
p5282,e592
p6767,e243
p254,e447
p2597,e769
p6563,e764
p8940,e414
p6673,e559
p5543,e417
p4709,e879
p9816,e147
p5994,e88
p7330,e283
p7725,e171
p2608,e118
p849,e992
p2213,e813
p1408,e830
p1172,e882
p9092,e790
p3298,e303
p3122,e29
p7042,e181
p1403,e645
p1822,e932
p9133,e839
p2199,e617
p7407,e802
p1873,e308
p380,e42
p732,e667
p4920,e751
p3558,e194
p9480,e707
p9658,e544
p6361,e176
p7762,e6
p9354,e414
p7527,e895
p6737,e345
p3310,e607
p3473,e695
p4605,e108
p930,e872
p2790,e923
p6268,e872
p8711,e337
p3534,e769
p5254,e608
p8035,e261
p1893,e886
p8462,e240
p5139,e408
p765,e514
p9822,e576
p2986,e285
p3423,e196
p1047,e154
p1159,e126
p4034,e631
p5402,e312
p7271,e511
p4624,e71
p8423,e632
p5375,e925
p2351,e441
p557,e225
p508,e376
p6997,e351
p5254,e587
p43,e796
p7900,e760
p4831,e316
p2345,e585
p7929,e482
p4862,e953
p5465,e493
p7440,e822
p5068,e477
p2356,e53
p9221,e440
p3053,e583
p8841,e681
p2048,e781
p3765,e737
p4212,e6
p5880,e928
p2539,e912
p3530,e307
p7744,e707
p7635,e927
p8448,e61
p7590,e198
p3408,e212
p8937,e616
p5987,e746
p6743,e209
p9805,e227
p9707,e694
p9032,e189
p7737,e84
p2933,e16
p8314,e683
p8394,e336
p1653,e481
p2923,e489
p1994,e927
p3282,e142
p9842,e215
p2596,e844
p322,e904
p3118,e167
p403,e605
p1710,e499
p8960,e569
p3210,e815
p9099,e676
p3673,e429
p7850,e774
p4974,e762
p2109,e522
p6302,e925
p6643,e79
p7188,e162
p4333,e870
p6827,e478
p5960,e834
p5290,e530
p1061,e764
p8108,e13
p2739,e662
p8095,e948
p1511,e507
p1739,e667
p8225,e272
p292,e485
p7041,e353
p3892,e609
p9675,e897
p2841,e410
p5655,e352
p1712,e995
p5948,e66
p5346,e914
p4583,e758
p1172,e745
p5679,e150
p7097,e810
p2301,e75
p5901,e662
p8509,e815
p8469,e113
p7044,e279
p8254,e704
p4305,e65
p5647,e21
p4582,e195
p533,e324
p1933,e710
p235,e579
p813,e307
p5114,e307
p1035,e714
p6648,e458
p6124,e654
p5083,e772
p4971,e516
p6270,e774
p5118,e351
p6069,e10
p8099,e268
p9372,e584
p8301,e123
p2010,e196
p6928,e839
p6226,e75
p7429,e964
p7667,e542
p4313,e483
p7566,e475
p5268,e566
p7980,e823
p6658,e226
p8206,e236
p3298,e407
p694,e355
p5082,e291
p7251,e664
p4127,e4
p8175,e469
p6933,e136
p7033,e852
p8365,e124
p3112,e614
p3398,e487
p9764,e250
p4872,e517
p7983,e614
p6409,e600
p3686,e215
p8383,e417
p3744,e935
p4925,e812
p7152,e808
p3967,e948
p9208,e22
p440,e154
p5088,e440
p6162,e360
p5483,e171
p4670,e109
p7021,e579
p8407,e849
p2376,e71
p4366,e614
p4029,e770
p3369,e137
p7143,e904
p9150,e172
p7307,e134
p9607,e13
p8434,e256
p8264,e537
p1576,e285
p7352,e300
p9365,e995
p2801,e417
p8841,e529
p2038,e53
p7140,e519
p9807,e690
p3933,e844
p115,e359
p900,e839
p7718,e799
p151,e599
p400,e794
p7312,e297
p8763,e119
p6699,e277
p2426,e652
p1400,e485
p7666,e488
p5785,e428
p7525,e115
p1176,e431
p9366,e457
p2174,e667
p4627,e120
p5649,e660
p3570,e817
p2699,e33
p788,e548
p8838,e905
p5657,e841
p994,e806
p8981,e363
p8093,e968
p4066,e455
p686,e167
p8891,e937
p5298,e879
p5862,e467
p3398,e324
p155,e311
p2855,e792
p9304,e264
p6298,e495
p2607,e742
p7446,e930
p9201,e224
p2128,e591
p4492,e523
p3802,e350
p9254,e931
p1503,e729
p2360,e333
p6978,e257
p1700,e545
p3981,e398
p3746,e940
p3682,e23
p63,e341
p6389,e872
p9468,e879
p5459,e589
p534,e294
p2746,e277
p7208,e606
p1142,e539
p5880,e609
p5939,e496
p8479,e545
p2151,e970
p8468,e743
p4717,e406
p6545,e712
p2015,e280
p12,e630
p4442,e343
p5001,e971
p3274,e643
p7067,e888
p8353,e399
p7660,e608
p7292,e490
p5682,e286
p7518,e476
p3260,e694
p7525,e733
p4052,e885
p1838,e907
p17,e145
p3603,e88
p5090,e169
p8043,e802
p5463,e116
p4876,e768
p1464,e299
p9262,e45
p3615,e297
p6977,e552
p8031,e532
p2785,e46
p1615,e801
p3424,e802
p3192,e754
p2025,e281
p5564,e929
p8993,e100
p4662,e695
p1622,e547
p758,e328
p136,e816
p2033,e738
p1215,e126
p1684,e496
p7160,e120
p9292,e487
p7056,e742
p3849,e841
p3386,e499
p493,e750
p3795,e954
p1212,e555
p5448,e849
p7282,e398
p8124,e769
p542,e287
p7131,e150
p7608,e900
p2437,e386
p5234,e215
p3576,e173
p2787,e965
p5038,e152
p1879,e496
p7756,e550
p6865,e427
p23,e224
p5524,e792
p3910,e278
p7662,e996
p8841,e571
p2497,e724
p3233,e34
p5780,e993
p8259,e979
p3944,e573
p3824,e142
p8998,e115
p148,e961
p3141,e12
p1141,e684
p9988,e212
p5256,e311
p5810,e821
p2640,e546
p3043,e539
p3466,e396
p5333,e139
p6017,e857
p2183,e587
p5543,e863
p5297,e45
p8669,e259
p8629,e37
p1933,e766
p9833,e636
p4046,e606
p8748,e968
p2680,e292
p1957,e685
p9510,e929
p1232,e173
p2636,e753
p1133,e143
p6432,e990
p2329,e118
p3082,e830
p5864,e968
p4235,e912
p4082,e486
p2680,e783
p2819,e413
p340,e491
p9055,e415
p9077,e604
p4002,e971
p7687,e966
p3635,e702
p1531,e523
p5919,e445
p3858,e266
p6712,e889
p3093,e517
p5558,e87
p6541,e897
p1568,e693
p2761,e819
p5574,e312
p5565,e630
p8665,e37
p7842,e433
p4487,e350
p1009,e304
p5533,e550
p6176,e71
p7645,e880
p1199,e131
p1181,e410
p3330,e268
p8944,e756
p1406,e436
p29,e918
p9267,e226
p4491,e326
p7182,e866
p4017,e709
p2713,e706
p2083,e330
p5508,e420
p5180,e14
p9184,e756
p7729,e213
p6878,e51
p6461,e894
p4458,e138
p7023,e758
p2738,e37
p9956,e724
p4753,e646
p1791,e299
p5319,e386
p96,e855
p5183,e295
p2166,e68
p2990,e447
p8436,e391
p166,e552
p7713,e901
p3442,e816
p3243,e13
p341,e960
p4758,e920
p7223,e132
p7398,e158
p7109,e278
p560,e424
p3566,e680
p7545,e277
p6438,e997
p9483,e239
p9729,e188
p3185,e840
p9680,e215
p237,e633
p2813,e947
p4839,e393
p9663,e815
p2460,e993
p790,e864
p7986,e697
p3843,e699
p9485,e492
p9300,e141
p5750,e332
p8507,e395
p2486,e328
p6930,e787
p6979,e736
p1390,e157
p5280,e946
p7061,e459
p3700,e476
p6022,e979
p3337,e281
p7550,e465
p9715,e623
p6833,e126
p7522,e900
p5770,e595
p9663,e863
p5511,e931
p892,e821
p9573,e34
p2525,e481
p6443,e914
p1719,e328
p1197,e802
p1302,e758
p2477,e217
p1791,e589
p1591,e712
p6180,e857
p4621,e396
p7641,e65
p67,e660
p4229,e117
p5,e995
p344,e486
p6490,e70
p4189,e581
p6225,e451
p1216,e942
p9481,e118
p1837,e13
p7240,e874
p2409,e883
p3549,e544
p3251,e390
p5624,e64
p6275,e145
p167,e139
p5921,e54
p2922,e32
p7012,e119
p8062,e389
p4912,e686
p1021,e975
p4275,e301
p3218,e999
p5907,e37
p5846,e168
p483,e455
p3157,e267
p3192,e716
p5167,e162
p8391,e579
p3929,e980
p4498,e146
p3240,e669
p903,e393
p7815,e522
p4157,e692
p7688,e30
p7797,e507
p7804,e445
p757,e343
p5126,e22
p7583,e859
p7501,e405
p1358,e340
p6392,e352
p9032,e614
p6375,e630
p777,e28
p3560,e142
p2083,e239
p6575,e300
p9801,e929
p5533,e291
p1009,e275
p7448,e841
p1876,e203
p5162,e137
p1024,e804
p7682,e507
p5203,e328
p6396,e752
p3402,e428
p8326,e898
p4127,e51
p1713,e973
p8802,e502
p9365,e951
p5791,e183
p1489,e871
p2183,e670
p3699,e760
p9602,e861
p6803,e172
p1978,e494
p4525,e435
p240,e631
p4844,e370
p7123,e431
p4616,e684
p4654,e422
p906,e768
p5192,e252
p3783,e894
p7037,e139
p3564,e634
p561,e644
p7778,e505
p3770,e20
p5113,e336
p7632,e112
p5888,e566
p9766,e924
p2939,e543
p5662,e612
p8644,e736
p6863,e638
p5149,e4
p5505,e38
p530,e466
p3886,e192
p5215,e319
p7430,e475
p3309,e678
p7765,e785
p7766,e778
p7502,e392
p4803,e58
p4418,e582
p1817,e394
p5906,e988
p2020,e848
p1794,e654
p1325,e367
p3214,e529
p1426,e39
p9242,e545
p3725,e225
p6282,e961
p9282,e707
p1696,e566
p2191,e875
p9012,e972
p3205,e450
p6262,e369
p8041,e514
p9471,e684
p6195,e684
p6371,e679
p6650,e429
p3616,e746
p2853,e297
p4501,e173
p3561,e840
p6177,e662
p5353,e272
p7953,e769
p1521,e360
p6476,e41
p9686,e860
p3906,e699
p1240,e792
p8329,e519
p5965,e493
p7770,e874
p1732,e292
p48,e452
p1978,e56
p4412,e759
p2188,e312
p4860,e996
p630,e84
p8307,e613
p1081,e295
p5888,e63
p8565,e282
p650,e296
p2112,e635
p3544,e640
p3829,e529
p8438,e776
p9657,e172
p1351,e12
p6634,e149
p2411,e848
p4980,e375
p4007,e998
p2470,e187
p2297,e246
p1100,e215
p8119,e461
p9720,e724
p5675,e207
p8553,e940
p7237,e313
p642,e955
p3346,e494
p8702,e336
p1061,e882
p1855,e781
p4471,e612
p9469,e877
p7961,e142
p1076,e409
p2864,e350
p7341,e41
p5637,e962
p4101,e203
p376,e301
p6990,e673
p826,e292
p7345,e417
p6265,e710
p783,e177
p9066,e349
p914,e473
p8521,e783
p9762,e740
p8957,e138
p3539,e61
p4663,e976
p7652,e177
p8016,e258
p1596,e342
p5403,e510
p3468,e197
p5547,e276
p9594,e487
p9219,e298
p5798,e893
p4289,e471
p2444,e11
p3031,e125
p1865,e799
p733,e664
p2602,e749
p6803,e763
p5430,e700
p414,e489
p4713,e191
p2220,e961
p2088,e585
p6217,e329
p3918,e249
p6002,e883
p7713,e167
p9742,e916
p5099,e48
p9964,e265
p2885,e632
p4113,e956
p9023,e416
p9042,e527
p2858,e933
p1362,e428
p2153,e754
p9896,e977
p6414,e813
p2014,e242
p743,e375
p6573,e387
p813,e870
p6504,e80
p119,e433
p2391,e278
p3193,e471
p5801,e14
p7154,e450
p6819,e155
p949,e707
p3427,e422
p9276,e711
p6946,e99
p9680,e438
p4116,e250
p4943,e629
p3018,e683
p2156,e561
p7859,e898
p3162,e997
p464,e156
p5866,e187
p9036,e522
p4169,e146
p2117,e952
p9545,e471
p5085,e118
p5420,e810
p3904,e9
p8387,e845
p2599,e761
p6370,e148
p4495,e331
p8599,e251
p1140,e784
p3964,e542
p6961,e501
p8369,e570
p1729,e664
p1884,e221
p6477,e804
p3579,e502
p2490,e269
p1595,e785
p8065,e630
p2484,e522
p4754,e934
p5819,e267
p1746,e768
p8397,e11
p6492,e14
p4962,e498
p8115,e133
p7389,e909
p303,e844
p1948,e197
p8100,e122
p2586,e551
p1205,e749
p8467,e220
p484,e778
p1948,e524
p1178,e749
p1913,e211
p5349,e693
p3594,e184
p1287,e13
p4755,e770
p4263,e767
p7769,e924
p4002,e38
p1649,e21
p286,e387
p9714,e10
p5993,e306
p1082,e250
p8969,e190
p3785,e634
p9682,e59
p7211,e222
p2488,e870
p8856,e625
p2666,e335
p1034,e202
p4136,e565
p9460,e434
p2801,e755
p7339,e255
p8373,e505
p2284,e900
p6628,e118
p7597,e890
p4116,e238
p3584,e638
p6872,e776
p6936,e893
p8151,e867
p9851,e669
p3193,e705
p6811,e789
p8056,e715
p4704,e817
p8352,e146
p8815,e12
p2063,e522
p124,e101
p8755,e146
p1293,e441
p6264,e204
p1491,e790
p853,e694
p1582,e352
p1831,e723
p5462,e215
p9023,e82
p2529,e559
p5454,e984
p6910,e830
p7719,e107
p9565,e264
p7726,e303
p9260,e28
p9617,e138
p2656,e591
p6257,e188
p8879,e251
p2427,e927
p3293,e190
p9017,e492
p2871,e341
p6967,e382
p574,e508
p8351,e657
p6607,e82
p8418,e103
p2128,e198
p5779,e470
p661,e497
p9951,e862
p4842,e914
p1355,e824
p522,e90
p8905,e90
p7924,e816
p1309,e14
p9413,e543
p8464,e312
p9819,e625
p8563,e410
p4018,e203
p4633,e634
p8365,e698
p1177,e269
p4787,e171
p3507,e360
p4605,e46
p4794,e25
p8321,e655
p387,e777
p6388,e838
p3932,e812
p4381,e356
p6004,e190
p2923,e386
p6520,e981
p8590,e828
p5580,e348
p3074,e168
p2668,e565
p6502,e460
p9306,e749
p8093,e473
p9133,e76
p9089,e792
p435,e466
p2016,e836
p9913,e577
p1209,e599
p2176,e708
p6372,e892
p7471,e814
p3931,e256
p48,e23
p6069,e558
p2082,e267
p70,e312
p8320,e989
p4822,e713
p6331,e523
p8983,e576
p1109,e915
p5021,e372
p8757,e824
p9764,e803
p7390,e992
p283,e282
p5549,e420
p2487,e802
p4314,e26
p6625,e966
p4414,e365
p3879,e926
p31,e702
p3303,e665
p2076,e141
p3120,e115
p1317,e411
p8610,e373
p7810,e151
p6671,e370
p9598,e552
p5000,e228
p169,e387
p6859,e536
p5978,e346
p1373,e48
p1287,e858
p8026,e738
p4482,e281
p1814,e986
p2501,e236
p1788,e371
p9274,e972
p531,e948
p5983,e743
p8255,e859
p8063,e369
p9998,e822
p8931,e711
p9126,e667
p521,e697
p5085,e671
p8020,e166
p7753,e507
p3210,e277
p656,e324
p5163,e770
p8870,e359
p338,e816
p7007,e118
p3490,e197
p1012,e368
p8425,e344
p8853,e58
p3061,e505
p8102,e582
p136,e296
p7039,e841
p3133,e676
p5760,e698
p6504,e224
p3611,e580
p4973,e214
p1165,e379
p7217,e505
p2552,e810
p9315,e708
p8117,e134
p9509,e56
p4763,e523
p4246,e108
p2117,e814
p6077,e1
p5814,e364
p7787,e675
p7650,e240
p9410,e273
p8972,e891
p6652,e74
p9143,e77
p4075,e182
p6256,e181
p7778,e864
p3021,e920
p3516,e788
p8803,e858
p3122,e518
p607,e542
p3546,e944
p5311,e438
p5861,e145
p7675,e388
p1530,e441
p2322,e660
p5022,e45
p6814,e838
p1144,e203
p2556,e863
p488,e817
p5450,e856
p4128,e686
p6711,e432
p2084,e244
p3292,e930
p7972,e795
p3538,e532
p5727,e511
p403,e18
p2892,e951
p2429,e997
p228,e726
p6766,e772
p6059,e158
p2984,e531
p7682,e359
p6980,e803
p5795,e281
p4482,e63
p3753,e746
p2075,e331
p6443,e226
p2851,e275
p2442,e628
p2244,e124
p9858,e669
p8994,e760
p7010,e426
p2922,e578
p370,e824
p7963,e350
p904,e95
p521,e139
p7015,e643
p8115,e981
p8171,e633
p7651,e468
p5335,e951
p5242,e701
p626,e306
p1826,e24
p4416,e279
p6330,e451
p7080,e425
p2591,e957
p871,e855
p7072,e15
p3750,e183
p4240,e420
p5884,e575
p200,e928
p3848,e274
p3164,e943
p168,e256
p4859,e909
p5083,e394
p9159,e478
p1633,e535
p5997,e26
p3695,e912
p4312,e724
p6277,e563
p5580,e826
p6134,e999
p8977,e544
p8675,e611
p1163,e686
p7373,e149
p6295,e742
p8823,e304
p8376,e115
p1196,e63
p1659,e534
p1688,e58
p2724,e73
p5530,e394
p2302,e23
p8254,e750
p5047,e626
p6203,e299
p8373,e943
p8764,e21
p1539,e769
p7440,e773
p174,e200
p5382,e706
p6460,e948
p468,e274
p3463,e438
p22,e837
p5243,e344
p2988,e123
p2914,e878
p6374,e699
p9067,e179
p1774,e139
p1914,e635
p4175,e601
p8953,e574
p5170,e57
p1703,e10
p7703,e604
p62,e233
p6604,e763
p531,e146
p8253,e584
p2778,e401
p9392,e973
p6741,e149
p6395,e853
p924,e419
p2394,e219
p4928,e991
p8367,e850
p3847,e883
p5532,e750
p7149,e243
p5713,e197
p1146,e960
p788,e74
p4694,e880
p2455,e550
p3452,e915
p1966,e108
p4805,e788
p3440,e375
p9991,e625
p813,e362
p6602,e803
p2061,e93
p5975,e956
p9547,e337
p5444,e777
p6791,e809
p4953,e59
p3308,e620
p7642,e731
p2737,e750
p5418,e920
p3495,e634
p8439,e19
p7201,e225
p6593,e109
p9248,e637
p3692,e31
p1512,e557
p4151,e803
p8641,e238
p3852,e515
p8663,e330
p3465,e110
p8336,e120
p9517,e223
p9546,e112
p7238,e839
p7658,e74
p8042,e760
p3269,e407
p1700,e766
p2822,e690
p2011,e571
p1194,e408
p3000,e578
p3868,e657
p1142,e544
p1621,e603
p298,e692
p6333,e484
p2234,e696
p6428,e225
p303,e19
p9465,e209
p7682,e646
p4932,e957
p3018,e662
p3350,e754
p8194,e184
p8237,e531
p3152,e214
p4688,e598
p5998,e905
p4377,e946
p6093,e783
p5315,e794
p5191,e603
p6969,e681
p5058,e594
p7110,e633
p192,e704
p9684,e227
p660,e995
p9327,e347
p8472,e283
p7569,e546
p6694,e978
p3058,e352
p6858,e471
p7998,e58
p1414,e123
p1900,e30
p8853,e625
p2797,e523
p3052,e686
p1793,e320
p9237,e151
p1301,e129
p2523,e142
p2289,e218
p3226,e311
p8231,e340
p4478,e775
p6349,e967
p4344,e104
p3312,e366
p8941,e259
p1288,e440
p3960,e672
p3922,e782
p2136,e234
p4832,e339
p3713,e855
p9017,e983
p6239,e723
p7568,e708
p1593,e367
p9316,e529
p8995,e726
p4763,e845
p85,e147
p6490,e595
p7023,e332
p6850,e846
p8053,e224
p7907,e84
p1888,e835
p8591,e95
p621,e164
p5363,e204
p1366,e907
p1047,e562
p3782,e991
p7964,e342
p7541,e569
p8007,e386
p2021,e509
p8707,e369
p9105,e527
p9915,e700
p8105,e245
p6053,e844
p2043,e818
p3987,e185
p2079,e275
p1654,e747
p7503,e624
p381,e168
p2895,e647
p4695,e167
p5148,e380
p4605,e300
p1224,e651
p9301,e136
p5414,e419
p5660,e588
p8808,e845
p549,e465
p4740,e169
p2289,e897
p5813,e132
p45,e732
p7446,e427
p9811,e162
p9380,e158
p4993,e123
p8571,e831
p7587,e284
p5850,e461
p3607,e735
p9864,e872
p373,e714
p5347,e460
p2360,e481
p7392,e653
p2261,e563
p5570,e777
p7140,e640
p7805,e31
p7069,e105
p385,e73
p6004,e301
p7865,e51
p5549,e556
p5570,e4
p5048,e548
p5478,e231
p8142,e574
p6419,e485
p7033,e758
p6350,e241
p2187,e695
p5865,e472
p8537,e265
p364,e974
p7503,e820
p4851,e715
p8486,e747
p1383,e409
p4818,e615
p3293,e654
p8115,e838
p1850,e899
p3470,e775
p4135,e90
p5961,e200
p4319,e671
p7971,e643
p8065,e933
p5776,e842
p8542,e109
p5866,e1
p8629,e112
p1215,e651
p6674,e312
p5138,e31
p7822,e404
p559,e93
p9844,e514
p6960,e971
p3966,e594
p2948,e901
p7879,e708
p5596,e802
p8139,e77
p5496,e51
p4706,e243
p1085,e186
p2543,e528
p4389,e502
p6739,e400
p8696,e853
p8435,e23
p786,e969
p456,e949
p6648,e670
p4672,e78
p3115,e613
p4978,e182
p3103,e178
p6328,e845
p8304,e385
p9651,e242
p9906,e794
p4261,e322
p1638,e384
p355,e950
p7553,e847
p1506,e422
p5889,e320
p4714,e135
p98,e884
p194,e419
p4082,e955
p3856,e677
p2200,e782
p4701,e447
p1119,e506
p9072,e905
p5229,e882
p1308,e672
p3536,e258
p5527,e564
p9046,e344
p2039,e315
p2181,e833
p5001,e881
p8514,e432
p9229,e831
p5317,e646
p7917,e961
p6043,e228
p5150,e478
p4976,e947
p7655,e187
p7634,e736
p9873,e183
p7073,e250
p7522,e266
p8042,e230
p8235,e214
p9402,e665
p1183,e279
p6525,e687
p6775,e763
p6542,e281
p5336,e795
p1246,e232
p3469,e546
p7786,e97
p3750,e96
p9063,e429
p8072,e170
p2922,e151
p7383,e890
p3599,e897
p9949,e348
p9804,e839
p1536,e274
p6284,e457
p8224,e557
p3493,e466
p7975,e607
p1470,e648
p3453,e77
p609,e188
p678,e37
p9321,e661
p1479,e195
p7681,e842
p9175,e425
p8501,e151
p3247,e142
p5595,e777
p888,e267
p7737,e685
p4879,e157
p6942,e684
p8090,e569
p7041,e356
p4318,e799
p1483,e542
p1447,e908
p3420,e922
p9280,e241
p8229,e965
p3220,e327
p8883,e835
p8440,e973
p3947,e267
p7993,e508
p8780,e699
p1216,e681
p2174,e703
p1815,e401
p2627,e758
p2632,e978
p2091,e883
p6775,e993
p5080,e43
p9196,e737
p5341,e767
p6115,e221
p4994,e910
p3413,e191
p7405,e638
p3142,e69
p324,e501
p1819,e721
p9824,e963
p7452,e299
p8478,e96
p7078,e197
p7944,e251
p9651,e146
p7863,e701
p7171,e216
p7308,e270
p5029,e949
p2300,e606
p3881,e316
p3413,e868
p3770,e926
p4820,e514
p6270,e720
p8812,e990
p6499,e244
p6551,e821
p6812,e406
p3086,e232
p3298,e91
p9586,e513
p9407,e109
p2997,e961
p3637,e911
p8441,e675
p5620,e628
p2193,e857
p8625,e616
p2734,e402
p1767,e406
p3993,e950
p4680,e661
p2957,e50
p4327,e230
p3504,e750
p2606,e353
p1351,e25
p570,e632
p2683,e552
p3817,e362
p1077,e308
p5715,e79
p8446,e209
p1424,e37
p649,e274
p2640,e557
p3038,e446
p1905,e553
p8091,e500
p5140,e410
p3383,e527
p6446,e461
p9668,e354
p935,e378
p6429,e923
p907,e771
p9086,e849
p8500,e840
p4286,e496
p1214,e989
p4398,e526
p495,e314
p593,e292
p8421,e336
p4428,e807
p8414,e163
p8459,e160
p2355,e718
p1910,e322
p4250,e89
p2175,e866
p3701,e804
p4121,e603
p6904,e250
p4572,e640
p4785,e555
p4932,e791
p7566,e491
p8691,e86
p5315,e149
p230,e944
p4830,e912
p992,e721
p3340,e383
p1540,e908
p73,e257
p4874,e527
p7542,e871
p32,e445
p4534,e487
p1578,e720
p6798,e125
p8253,e68
p5169,e840
p8582,e400
p5153,e497
p7238,e986
p497,e150
p7657,e711
p4385,e633
p2778,e20
p5091,e510
p7455,e432
p5960,e846
p1312,e930
p3663,e827
p266,e875
p4244,e855
p4693,e869
p3451,e187
p2220,e517
p5363,e582
p5893,e734
p5104,e461
p5438,e976
p1443,e974
p5924,e118
p3484,e437
p9301,e161
p592,e493
p534,e945
p6703,e619
p2863,e977
p3576,e271
p2472,e971
p9885,e29
p2469,e945
p2106,e759
p7941,e217
p2317,e86
p5460,e638
p9664,e364
p6528,e768
p4914,e194
p9242,e730
p3475,e641
p8744,e659
p9849,e839
p4244,e168
p8025,e881
p9108,e906
p9153,e251
p751,e490
p2352,e600
p6355,e193
p3797,e904
p2082,e22
p182,e516
p2876,e120
p8285,e11
p1511,e579
p1322,e734
p3226,e545
p9139,e362
p1350,e788
p5870,e545
p4417,e779
p3975,e866
p3321,e344
p7980,e379
p2387,e775
p378,e417
p6746,e710
p5380,e475
p7517,e882
p4024,e257
p3978,e894
p42,e411
p6261,e353
p7626,e790
p1744,e1
p3291,e622
p5875,e158
p5649,e458
p7425,e168
p8012,e354
p4053,e447
p5651,e833
p7987,e354
p2838,e864
p8755,e459
p7014,e664
p3622,e469
p6687,e653
p5403,e778
p3578,e109
p6881,e232
p7864,e988
p8484,e949
p1453,e651
p6883,e547
p5646,e812
p7438,e574
p2380,e968
p7022,e436
p7415,e770
p3757,e651
p4043,e529
p1608,e681
p150,e966
p9615,e529
p5012,e655
p6653,e193
p5324,e28
p7390,e83
p3847,e781
p1812,e90
p4393,e224
p9953,e60
p9580,e966
p9595,e607
p1269,e699
p2237,e556
p9473,e614
p8189,e352
p9861,e25
p5299,e13
p6982,e980
p9600,e14
p3494,e637
p2689,e847
p5800,e325
p174,e235
p3826,e466
p6734,e842
p8977,e35
p1376,e684
p9218,e459
p2308,e509
p8624,e945
p944,e254
p1075,e348
p4678,e342
p1276,e34
p5099,e276
p2119,e415
p9740,e262
p631,e575
p1833,e855
p9681,e443
p9283,e263
p588,e174
p5505,e742
p4137,e103
p912,e975
p7107,e724
p6345,e594
p1357,e161
p1198,e558
p7295,e727
p8929,e169
p8257,e983
p6904,e624
p6799,e336
p6666,e492
p1956,e422
p3777,e415
p888,e623
p6664,e280
p6623,e414
p5982,e722
p6286,e197
p3243,e255
p1171,e657
p7235,e774
p5057,e703
p9947,e141
p1431,e109
p4505,e674
p1990,e490
p5508,e139
p1516,e694
p3010,e401
p9213,e215
p1341,e710
p1455,e198
p2028,e693
p1664,e201
p3839,e351
p7424,e272
p466,e189
p8382,e544
p5163,e495
p966,e355
p9484,e87
p6218,e824
p5820,e986
p8776,e547
p7309,e559
p3330,e106
p96,e334
p9965,e554
p5137,e224
p7955,e444
p8566,e590
p1197,e423
p1815,e798
p3336,e62
p6013,e766
p5136,e682
p7025,e98
p3984,e8
p8049,e970
p3675,e628
p5086,e802
p507,e864
p347,e188
p9330,e333
p9255,e355
p8829,e200
p5059,e93
p8109,e496
p6696,e639
p6125,e970
p7711,e477
p8990,e272
p5680,e321
p5364,e4
p3026,e586
p7690,e548
p1767,e218
p4241,e457
p6554,e878
p8780,e537
p9620,e738
p6513,e430
p6500,e808
p3065,e226
p1896,e50
p5195,e575
p8587,e707
p7197,e919
p1150,e813
p3735,e584
p1583,e461
p9909,e602
p8139,e432
p5934,e941
p2636,e841
p6746,e584
p6673,e812
p2610,e931
p7120,e205
p6805,e622
p1584,e723
p4768,e63
p4187,e858
p4582,e792
p9780,e557
p3734,e705
p7647,e301
p3720,e231
p5471,e37
p7592,e233
p3114,e945
p6536,e477
p1919,e790
p6131,e780
p1546,e579
p304,e748
p9504,e54
p5870,e122
p9014,e941
p9757,e534
p7789,e368
p4699,e646
p8236,e598
p6673,e787
p1056,e613
p4708,e357
p7387,e599
p3752,e747
p9960,e236
p5605,e796
p8690,e336
p2275,e779
p2641,e751
p107,e402
p9192,e747
p1474,e108
p7624,e469
p6515,e10
p6438,e939
p6367,e47
p9656,e420
p3529,e235
p9348,e148
p8944,e232
p3903,e267
p6374,e484
p288,e822
p690,e896
p4914,e477
p3313,e212
p5209,e0
p3699,e309
p3800,e786
p1183,e659
p6434,e26
p6188,e773
p3456,e639
p7305,e468
p1354,e99
p7968,e684
p769,e606
p5196,e562
p7792,e299
p9976,e198
p8988,e290
p5484,e344
p1592,e221
p7882,e394
p8581,e174
p321,e796
p7075,e611
p173,e199
p2222,e639
p6976,e3
p6671,e861
p7169,e293
p2809,e515
p2243,e141
p9087,e94
p9941,e868
p4487,e498
p6711,e183
p6175,e628
p7315,e57
p9,e910
p5966,e440
p6572,e939
p3172,e352
p3925,e299
p9112,e401
p9916,e682
p961,e886
p8642,e663
p429,e773
p5292,e83
p3203,e407
p5692,e705
p4322,e916
p6614,e505
p2567,e96
p325,e138
p4312,e275
p5405,e573
p1109,e439
p5435,e205
p5794,e436
p7448,e501
p768,e131
p9430,e531
p9153,e633
p4753,e358
p9923,e463
p5365,e183
p6773,e559
p7475,e960
p2074,e373
p7849,e406
p2001,e649
p6889,e579
p5254,e94
p3722,e287
p7506,e940
p4866,e357
p9012,e304
p1213,e55
p7782,e894
p8197,e21
p5748,e481
p5835,e136
p1756,e566
p5557,e728
p1628,e587
p975,e395
p1693,e769
p5171,e611
p7256,e777
p7630,e767
p557,e621
p1431,e465
p4246,e557
p8819,e125
p3956,e706
p976,e99
p5142,e350
p6963,e735
p666,e199
p187,e345
p3809,e850
p1242,e752
p5908,e588
p227,e150
p1813,e519
p3041,e736
p2108,e206
p6804,e902
p6936,e2
p2351,e366
p9843,e111
p2975,e745
p1897,e453
p8366,e352
p3528,e432
p9918,e28
p6471,e831
p2698,e103
p5828,e909
p1313,e397
p4238,e177
p8238,e539
p6098,e849
p7192,e834
p9913,e414
p5551,e295
p7006,e503
p3262,e860
p833,e149
p4406,e432
p7758,e69
p160,e955
p1720,e271
p8542,e820
p695,e39
p9140,e932
p7618,e733
p9586,e447
p5388,e359
p4806,e409
p664,e796
p9344,e869
p1498,e538
p8763,e964
p3437,e187
p9676,e138
p2363,e410
p8651,e675
p2364,e783
p6257,e278
p1653,e146
p5787,e18
p9265,e88
p5656,e450
p1812,e260
p4385,e352
p3235,e616
p2642,e410
p8777,e472
p7437,e547
p150,e907
p9366,e773
p9051,e692
p671,e813
p1339,e587
p9868,e275
p7091,e371
p1195,e388
p7919,e804
p4308,e359
p6589,e495
p3387,e359
p7143,e514
p9995,e520
p4824,e247
p6641,e78
p3762,e708
p1485,e481
p7537,e713
p9914,e360
p6156,e373
p975,e523
p8907,e103
p5858,e172
p5506,e937
p8648,e897
p4854,e454
p1555,e712
p3358,e361
p9660,e446
p700,e28
p5492,e431
p4115,e35
p7803,e435
p6690,e457
p7880,e931
p4969,e129
p8785,e70
p863,e56
p5719,e711
p2907,e950
p5841,e982
p2532,e433
p1962,e672
p6067,e637
p9781,e224
p3005,e263
p3002,e281
p1982,e535
p2046,e159
p5188,e108
p2402,e398
p5512,e660
p7307,e1
p528,e90
p2992,e518
p8520,e30
p8387,e759
p8120,e508
p5350,e573
p3398,e189
p5248,e624
p9179,e649
p2164,e933
p1552,e932
p3788,e602
p7981,e674
p2017,e167
p8780,e284
p2242,e883
p7037,e363
p6786,e536
p2961,e434
p5473,e803
p7882,e99
p5133,e881
p8770,e96
p2011,e313
p7226,e681
p9156,e434
p1635,e53
p5576,e624
p9586,e259
p6772,e912
p1952,e948
p169,e702
p3518,e669
p3113,e925
p5179,e52
p8404,e728
p9638,e436
p6574,e347
p2170,e444
p2628,e824
p2830,e266
p3985,e974
p4445,e330
p7618,e648
p1079,e146
p5907,e423
p950,e500
p5587,e143
p1451,e952
p8612,e280
p2109,e380
p311,e675
p8029,e771
p8843,e273
p9901,e543
p382,e626
p1363,e728
p6816,e480
p1729,e48
p8290,e230
p4045,e962
p1950,e278
p8292,e722
p7380,e28
p3578,e131
p2017,e665
p9874,e662
p4490,e365
p9690,e731
p8757,e615
p8868,e503
p1715,e959
p4849,e161
p9471,e139
p9808,e731
p372,e493
p7024,e103
p4906,e974
p574,e745
p8918,e147
p2961,e172
p1856,e929
p9285,e413
p7115,e133
p699,e928
p955,e361
p7056,e846
p3326,e587
p8637,e181
p9385,e24
p7987,e147
p8787,e960
p6578,e919
p8841,e767
p1613,e528
p4706,e27
p1702,e881
p2571,e569
p7082,e519
p1776,e441
p4695,e897
p4358,e878
p1158,e26
p1709,e269
p3158,e260
p8481,e625
p220,e489
p9913,e548
p1461,e574
p6087,e339
p8453,e776
p3373,e352
p7488,e190
p519,e333
p2753,e203
p6959,e622
p4721,e403
p667,e438
p4633,e43
p7491,e501
p7151,e542
p4414,e501
p7163,e994
p5710,e106
p3840,e491
p3856,e967
p3159,e531
p8123,e166
p6054,e630
p5873,e56
p3449,e843
p8035,e610
p8860,e752
p121,e162
p7517,e359
p238,e998
p5427,e444
p987,e886
p3757,e557
p9440,e965
p7340,e711
p6001,e153
p4803,e55
p5017,e769
p9931,e64
p2978,e351
p4815,e679
p1582,e164
p2957,e137
p3727,e349
p3864,e859
p7358,e274
p2121,e489
p5048,e704
p3028,e660
p6552,e697
p231,e764
p5464,e780
p4782,e376
p3752,e780
p542,e314
p895,e65
p4200,e641
p6985,e822
p6098,e17
p4842,e232
p3858,e596
p5121,e66
p2544,e646
p9422,e482
p114,e523
p5588,e867
p1987,e748
p4826,e21
p5767,e188
p544,e20
p7478,e922
p1478,e40
p5325,e150
p4749,e180
p442,e780
p4902,e816
p2347,e391
p358,e319
p3691,e276
p8564,e516
p1495,e987
p3980,e995
p6900,e814
p7831,e36
p3517,e276
p4033,e936
p5195,e362
p9163,e519
p8997,e220
p5664,e816
p4806,e262
p3011,e180
p6419,e320
p5782,e189
p1626,e808
p7741,e907
p7520,e284
p8124,e491
p627,e228
p770,e193
p3095,e158
p6155,e403
p7794,e745
p2882,e585
p7193,e834
p3604,e550
p1,e590
p5715,e823
p2488,e113
p3785,e677
p5720,e781
p9024,e271
p9033,e751
p3361,e645
p4391,e976
p8920,e694
p4167,e561
p7158,e641
p5728,e201
p6074,e958
p9175,e627
p2476,e960
p5963,e687
p1417,e405
p6371,e408
p8716,e933
p7414,e349
p7221,e763
p386,e164
p577,e13
p5312,e880
p1771,e782
p8634,e947
p553,e928
p811,e409
p5190,e235
p3561,e62
p1747,e633
p6696,e495
p8689,e670
p6274,e944
p7050,e645
p7059,e842
p7526,e712
p809,e283
p3511,e204
p2594,e754
p6021,e203
p684,e984
p8740,e390
p7387,e964
p1628,e582
p7528,e846
p8479,e558
p8576,e848
p3711,e909
p9031,e481
p5172,e43
p8975,e757
p9258,e416
p1637,e955
p7773,e364
p3451,e198
p5967,e938
p5880,e602
p7767,e907
p5005,e752
p9177,e542
p1804,e711
p8490,e449
p8235,e617
p105,e807
p1491,e764
p8456,e318
p4255,e617
p7519,e424
p6451,e301
p5933,e689
p1401,e84
p8681,e352
p6818,e573
p9961,e972
p7952,e90
p8184,e312
p2133,e239
p5851,e897
p2682,e515
p8479,e314
p2561,e767
p962,e947
p5634,e751
p4721,e178
p6384,e963
p9141,e690
p9876,e854
p5282,e54
p1015,e424
p7003,e526
p3640,e934
p6011,e83
p18,e576
p5063,e578
p1953,e980
p7204,e44
p6014,e665
p9862,e677
p2566,e311
p9467,e456
p2194,e727
p411,e557
p9643,e528
p708,e54
p8460,e681
p8616,e235
p3213,e3
p4392,e392
p3995,e462
p8521,e245
p155,e505
p5717,e12
p6649,e136
p4976,e595
p1588,e173
p4947,e521
p9737,e380
p7381,e394
p2766,e51
p9893,e303
p5479,e254
p4604,e340
p3519,e798
p8628,e367
p8902,e116
p3380,e887
p444,e476
p7213,e580
p6316,e519
p8683,e261
p4271,e784
p4986,e870
p810,e506
p6119,e326
p8707,e934
p8854,e25
p2449,e977
p9251,e925
p8632,e461
p2682,e944
p6538,e318
p4837,e727
p4397,e110
p6698,e269
p4077,e500
p821,e408
p7060,e851
p9979,e42
p5408,e837
p7983,e368
p8888,e967
p4070,e328
p4111,e361
p4514,e347
p942,e28
p791,e117
p1523,e330
p3749,e760
p5607,e387
p8039,e899
p8106,e657
p7697,e315
p9865,e855
p3796,e91
p6132,e208
p721,e490
p4441,e257
p166,e24
p960,e171
p2925,e521
p1430,e489
p1139,e675
p1772,e438
p2600,e110
p5792,e724
p2335,e914
p1207,e468
p4281,e481
p2778,e415
p838,e656
p5898,e980
p1958,e254
p6874,e381
p1110,e567
p9787,e494
p2721,e614
p364,e214
p7073,e175
p1559,e133
p5495,e119
p7721,e298
p2297,e244
p2236,e792
p1910,e113
p520,e761
p9180,e561
p4404,e464
p2705,e106
p8349,e198
p5961,e786
p5511,e197
p5085,e433
p6655,e806
p5605,e285
p5931,e991
p4660,e598
p5420,e809
p5948,e985
p1582,e668
p3862,e299
p4821,e533
p6016,e712
p6830,e309
p2143,e275
p4922,e74
p1328,e235
p3055,e940
p4775,e180
p4720,e772
p4147,e125
p1112,e429
p7285,e766
p6443,e273
p4897,e502
p6141,e875
p6286,e841
p6932,e344
p152,e319
p1277,e516
p8337,e557
p3129,e21
p544,e809
p6785,e991
p4751,e182
p8666,e196
p811,e514
p4719,e162
p5961,e919
p7177,e312
p5449,e907
p8615,e226
p4138,e630
p6608,e865
p6076,e639
p5511,e950
p9059,e922
p6634,e187
p3918,e209
p5119,e780
p7764,e832
p6407,e456
p3156,e640
p2726,e370
p1453,e144
p1712,e385
p1097,e752
p5226,e334
p8352,e165
p8921,e980
p2704,e411
p4098,e779
p4374,e549
p9743,e85
p685,e203
p1399,e828
p7970,e465
p2248,e527
p9766,e240
p6447,e141
p7780,e29
p9670,e225
p2555,e936
p8597,e938
p3164,e945
p5292,e808
p9610,e751
p6269,e618
p6130,e10
p7216,e4
p7207,e379
p7427,e966
p2507,e858
p424,e60
p4466,e819
p1234,e871
p3973,e363
p9311,e60
p1011,e773
p9619,e167
p9019,e870
p5187,e70
p7404,e308
p3621,e732
p5620,e851
p3679,e664
p6336,e763
p3632,e329
p996,e718
p454,e578
p2064,e205
p4550,e481
p7947,e818
p1601,e675
p5981,e699
p4847,e933
p9200,e14
p6760,e368
p3384,e516
p2493,e178
p8796,e428
p7532,e795
p2823,e503
p8466,e437
p7624,e15
p7028,e698
p9298,e135
p1614,e933
p1298,e280
p7827,e498
p1156,e354
p5233,e436
p216,e110
p6502,e171
p8289,e158
p2596,e775
p3288,e681
p5100,e652
p6234,e500
p9970,e732
p6575,e312
p1720,e287
p125,e428
p8272,e686
p2225,e562
p1620,e455
p8681,e926
p354,e734
p7906,e892
p782,e286
p4679,e592
p2468,e325
p691,e974
p6188,e166
p6264,e961
p6715,e341
p8376,e230
p9048,e153
p2294,e715
p9976,e178
p3316,e612
p5807,e368
p7271,e974
p2404,e642
p9499,e253
p7769,e422
p6759,e4
p3881,e765
p6620,e14
p5857,e721
p570,e982
p2651,e406
p5783,e326
p3943,e212
p753,e388
p9205,e184
p8541,e636
p7066,e312
p4826,e138
p3528,e57
p1535,e745
p1069,e630
p4918,e600
p6110,e345
p9809,e63
p9239,e499
p6526,e753
p2668,e270
p6561,e37
p2161,e753
p9448,e508
p4190,e852
p2066,e481
p7730,e318
p7841,e129
p5550,e698
p9910,e903
p7678,e987
p8618,e327
p3910,e960
p3951,e500
p3360,e287
p5705,e236
p4290,e577
p225,e83
p2989,e149
p2217,e498
p5437,e484
p9817,e130
p8827,e904
p3001,e934
p4097,e929
p3177,e392
p2631,e128
p9220,e537
p6268,e371
p8546,e648
p6860,e449
p4718,e213
p6727,e496
p7767,e760
p7153,e784
p244,e638
p722,e286
p4049,e542
p9643,e877
p7419,e111
p4584,e449
p3665,e771
p5087,e952
p3703,e239
p1446,e211
p4281,e297
p3189,e845
p5783,e802
p6254,e514
p4156,e328
p501,e770
p6768,e103
p730,e260
p5532,e489
p2427,e248
p2438,e749
p8443,e982
p5957,e562
p3038,e41
p2639,e442
p2150,e148
p4342,e978
p5880,e266
p4056,e224
p7000,e709
p555,e518
p2983,e595
p9127,e284
p765,e275
p4349,e429
p1601,e369
p9139,e90
p394,e949
p7056,e860
p7395,e265
p9348,e780
p2595,e379
p5871,e299
p6878,e794
p3603,e777
p715,e943
p1078,e900
p8232,e783
p7928,e674
p2826,e168
p9439,e40
p513,e504
p1957,e431
p9898,e459
p2816,e650
p5956,e668
p1753,e112
p3603,e382
p2917,e529
p8995,e383
p9144,e973
p3159,e372
p1035,e729
p7588,e998
p3981,e957
p9963,e805
p4602,e326
p635,e700
p3337,e31
p7643,e478
p5517,e716
p8501,e607
p2650,e953
p1333,e807
p5262,e359
p2433,e520
p175,e729
p6472,e942
p5291,e385
p3388,e767
p6957,e832
p1180,e375
p4013,e630
p5336,e806
p8176,e436
p8679,e452
p9670,e478
p7796,e26
p5694,e263
p9921,e333
p8294,e606
p33,e265
p8737,e23
p2005,e735
p1508,e70
p5025,e932
p7276,e413
p7826,e399
p518,e238
p8803,e540
p2042,e172
p1894,e638
p9987,e803
p5304,e38
p7454,e245
p7187,e67
p7499,e108
p240,e765
p9265,e900
p2463,e730
p9745,e477
p3400,e704
p8451,e126
p4570,e113
p6379,e465
p775,e979
p2530,e107
p752,e472
p5235,e162
p2196,e970
p7300,e979
p7384,e913
p7161,e549
p6180,e373
p8852,e300
p5692,e491
p4022,e995
p6499,e921
p2816,e830
p2631,e270
p332,e124
p3800,e297
p4404,e428
p8537,e965
p6579,e587
p9877,e669
p4180,e43
p4956,e836
p1089,e423
p1869,e928
p9526,e35
p1486,e182
p5612,e729
p9572,e736
p6306,e223
p3032,e580
p493,e904
p6407,e327
p8683,e508
p1751,e878
p7123,e168
p2645,e178
p1738,e572
p1152,e212
p5125,e712
p1899,e686
p4670,e7
p6200,e73
p5954,e523
p2732,e328
p7318,e271
p2879,e316
p9791,e885
p6024,e867
p3072,e413
p4738,e606
p7028,e308
p8440,e29
p2175,e743
p4594,e878
p2988,e166
p2476,e170
p4848,e32
p1943,e510
p5041,e63
p7182,e759
p130,e473
p9525,e443
p4135,e535
p8337,e973
p5529,e281
p2014,e934
p553,e179
p5658,e374
p4025,e78
p6641,e390
p6196,e853
p2640,e28
p5944,e988
p3139,e576
p5730,e265
p9784,e682
p2856,e252
p7050,e227
p1491,e349
p2245,e468
p5140,e303
p431,e554
p8695,e11
p8209,e495
p9206,e183
p1641,e773
p8801,e418
p1376,e708
p9138,e348
p2086,e414
p1298,e963
p5802,e817
p3323,e58
p6821,e512
p216,e326
p7552,e433
p7737,e177
p2185,e704
p1356,e195
p875,e967
p1582,e859
p4041,e24
p6912,e136
p8461,e151
p1260,e663
p9564,e828
p7800,e622
p8023,e234
p9671,e505
p2070,e728
p5708,e95
p5561,e770
p5941,e530
p5706,e321
p6519,e763
p8793,e578
p6246,e965
p810,e356
p2467,e485
p3536,e73
p2055,e763
p9887,e266
p4439,e832
p9055,e948
p4567,e904
p2376,e699
p8974,e755
p997,e398
p6989,e204
p2026,e440
p5740,e255
p5864,e785
p7858,e705
p5588,e121
p2389,e627
p8684,e667
p8755,e236
p5842,e220
p691,e589
p9914,e793
p5476,e476
p5176,e889
p8353,e63
p2286,e235
p5025,e510
p5671,e3
p213,e702
p1449,e185
p2527,e224
p6858,e673
p3550,e818
p8780,e255
p7850,e533
p1853,e788
p9420,e440
p4902,e822
p9878,e445
p8418,e305
p3386,e346
p9997,e914
p6505,e976
p4660,e819
p342,e117
p110,e273
p9127,e448
p9582,e520
p9863,e3
p4212,e967
p1371,e335
p2470,e100
p3549,e130
p9654,e122
p2152,e703
p2152,e515
p7948,e525
p1336,e775
p3284,e201
p4538,e828
p8840,e99
p2974,e366
p9452,e611
p5612,e588
p7435,e926
p9281,e526
p8573,e964
p8073,e975
p2574,e353
p4227,e278
p4210,e481
p3289,e258
p7693,e245
p7269,e418
p4796,e705
p733,e396
p5477,e945
p5052,e310
p4233,e732
p1405,e717
p3692,e629
p42,e238
p7841,e580
p8277,e804
p274,e667
p9448,e521
p4744,e691
p8771,e822
p3413,e990
p4326,e260
p2400,e560
p7525,e721
p5402,e489
p5559,e217
p493,e925
p2293,e74
p3128,e378
p8395,e73
p9851,e44
p8078,e994
p1456,e98
p532,e980
p3078,e938
p1356,e749
p6914,e517
p8764,e349
p1630,e69
p9955,e437
p8035,e538
p4619,e363
p7655,e796
p1736,e868
p7582,e979
p9725,e963
p5594,e480
p8495,e767
p2091,e814
p8546,e359
p9680,e393
p9374,e605
p3238,e47
p8286,e245
p1800,e76
p8146,e943
p1070,e649
p9787,e4
p8956,e609
p9321,e107
p2165,e950
p874,e713
p4272,e617
p9216,e705
p9029,e327
p595,e274
p9692,e24
p9558,e39
p5643,e316
p8322,e496
p731,e784
p6373,e98
p7860,e729
p4649,e538
p6771,e663
p7945,e476
p7077,e282
p4338,e544
p1949,e144
p3598,e470
p4563,e803
p6431,e888
p5762,e197
p971,e755
p2892,e445
p7543,e346
p5559,e16
p6324,e498
p3814,e525
p7943,e951
p5896,e444
p108,e491
p2589,e322
p1109,e664
p1514,e456
p5590,e916
p5453,e642
p5119,e255
p1520,e791
p8527,e555
p1652,e914
p6934,e47
p2111,e773
p5907,e785
p6479,e794
p3434,e579
p7997,e352
p1101,e812
p6826,e591
p4406,e189
p8764,e822
p3522,e987
p9679,e42
p2344,e982
p5148,e62
p3661,e451
p2232,e596
p6692,e477
p4120,e758
p1497,e109
p4670,e394
p5364,e895
p7585,e940
p6179,e113
p3540,e101
p1155,e864
p6341,e804
p2055,e11
p4369,e473
p4642,e743
p6374,e467
p2513,e37
p6691,e24
p7413,e180
p1579,e218
p6827,e841
p4641,e200
p5442,e682
p1517,e581
p1398,e915
p2678,e136
p4466,e632
p3151,e534
p4122,e629
p4737,e679
p3396,e522
p9028,e986
p3896,e748
p6559,e606
p9003,e169
p3886,e364
p5417,e219
p22,e943
p7078,e533
p4895,e361
p2608,e19
p9005,e881
p5530,e791
p1598,e216
p2284,e59
p9430,e883
p1390,e277
p7885,e375
p5805,e969
p8561,e66
p1657,e941
p687,e292
p2263,e945
p9390,e816
p2986,e296
p4096,e320
p3662,e885
p9601,e720
p6673,e137
p9707,e120
p1505,e442
p8222,e808
p5603,e637
p7290,e740
p3582,e338
p3478,e177
p7726,e849
p7087,e652
p4076,e664
p5020,e749
p8223,e595
p5226,e660
p8626,e757
p8314,e69
p7225,e601
p1432,e368
p5997,e909
p6210,e871
p4633,e965
p6713,e788
p2681,e242
p753,e975
p7544,e758
p4128,e835
p2527,e582
p4674,e15
p3045,e431
p5059,e533
p7561,e620
p3287,e917
p8944,e386
p9456,e22
p2454,e447
p7880,e87
p2400,e656
p5307,e907
p1837,e146
p2587,e548
p6621,e578
p1173,e696
p6706,e250
p3139,e807
p9397,e276
p6795,e561
p7301,e588
p7813,e684
p4930,e912
p8061,e868
p1829,e124
p1877,e815
p473,e19
p4051,e999
p8660,e365
p3116,e875
p2520,e448
p356,e681
p4619,e288
p8026,e178
p713,e75
p2472,e260
p4902,e996
p9748,e19
p3466,e286
p979,e430
p182,e378
p3275,e509
p1381,e756
p1043,e299
p9516,e975
p2406,e584
p4200,e451
p1681,e327
p5865,e978
p9271,e289
p1121,e320
p7366,e593
p2399,e89
p893,e536
p2453,e119
p8765,e333
p8183,e551
p9099,e32
p9823,e911
p2944,e594
p2111,e889
p2705,e321
p2523,e762
p7689,e510
p3731,e814
p5849,e902
p1796,e956
p9322,e412
p8382,e375
p8435,e663
p2730,e492
p5921,e444
p6423,e915
p8001,e291
p6671,e624
p6273,e270
p4031,e381
p3861,e381
p3670,e753
p8885,e642
p4910,e272
p5947,e296
p9917,e352
p8357,e567
p3596,e64
p5807,e993
p8989,e811
p5719,e969
p3951,e890
p9413,e556
p3123,e648
p4647,e325
p8874,e49
p316,e832
p8235,e16
p2672,e916
p2437,e469
p3593,e234
p4927,e833
p4,e794
p4138,e656
p7236,e80
p9162,e34
p8392,e340
p8749,e444
p1538,e35
p1439,e643
p7583,e864
p7179,e30
p5958,e633
p9015,e830
p2220,e361
p8135,e436
p654,e922
p6017,e299
p5861,e868
p1960,e656
p6502,e224
p8281,e793
p3072,e723
p4323,e558
p4422,e524
p7673,e172
p3774,e495
p9790,e57
p4978,e855
p1314,e591
p8852,e978
p6824,e892
p3201,e533
p1430,e473
p4894,e651
p177,e387
p2357,e617
p4794,e471
p590,e803
p5759,e511
p2461,e619
p4610,e284
p299,e677
p2616,e767
p2663,e322
p451,e177
p5514,e564
p8677,e442
p3731,e157
p7741,e311
p3627,e760
p789,e440
p428,e879
p8886,e544
p5983,e693
p3340,e598
p9407,e840
p6369,e35
p6121,e585
p782,e693
p7839,e108
p4362,e215
p7074,e150
p4043,e809
p6780,e147
p8611,e4
p2655,e434
p5337,e281
p9978,e308
p6421,e324
p1441,e520
p6143,e970
p957,e459
p7046,e301
p9986,e688
p1958,e248
p2584,e504
p3508,e426
p3188,e58
p9629,e32
p2718,e291
p8505,e372
p4351,e2
p3258,e52
p1188,e873
p1968,e417
p4019,e306
p2432,e863
p1798,e625
p6287,e923
p2071,e566
p8992,e465
p1351,e973
p260,e281
p6254,e60
p1306,e289
p7993,e401
p8309,e349
p7271,e594
p974,e955
p9077,e464
p5724,e229
p5704,e136
p6725,e361
p6717,e315
p7743,e269
p5414,e747
p9714,e442
p6191,e790
p280,e375
p7075,e2
p8174,e92
p1560,e442
p4603,e322
p3445,e623
p2804,e280
p3163,e644
p3086,e208
p3151,e789
p5016,e111
p5550,e945
p351,e537
p5224,e620
p6769,e885
p2168,e323
p2646,e634
p7312,e813
p2519,e595
p2622,e74
p484,e715
p303,e869
p3836,e35
p7940,e273
p7566,e522
p9850,e104
p930,e241
p5105,e942
p9117,e857
p3241,e917
p1207,e742
p6685,e766
p7881,e536
p6533,e148
p358,e681
p8499,e849
p784,e942
p8213,e452
p4452,e224
p6443,e9
p5894,e940
p3606,e648
p5380,e364
p4887,e811
p1185,e77
p3032,e661
p1114,e131
p1156,e534
p8077,e803
p7809,e312
p2279,e661
p6933,e430
p74,e873
p1588,e128
p6569,e987
p3294,e188
p6946,e533
p4432,e58
p5477,e71
p2468,e250
p9872,e431
p3592,e840
p1254,e695
p4623,e595
p235,e997
p4771,e435
p3984,e200
p5215,e735
p5853,e231
p1638,e214
p4436,e977
p1521,e898
p927,e453
p3392,e110
p9821,e344
p8465,e172
p301,e499
p3296,e577
p6420,e688
p5495,e319
p9425,e141
p3041,e940
p7426,e329
p7653,e354
p7304,e182
p6181,e80
p4707,e750
p3942,e882
p4836,e899
p5447,e633
p6262,e846
p2507,e953
p5182,e798
p7503,e627
p7798,e692
p1474,e19
p2644,e539
p4137,e510
p8252,e669
p5404,e6
p6754,e891
p6592,e466
p6545,e449
p4671,e772
p4014,e560
p9535,e438
p1460,e129
p552,e453
p4311,e603
p3949,e76
p839,e875
p9493,e815
p2824,e929
p9186,e47
p617,e494
p8839,e581
p3012,e841
p531,e228
p6329,e493
p7056,e656
p8393,e940
p691,e31
p7234,e261
p8548,e987
p7696,e415
p5812,e132
p7006,e125
p5400,e540
p9936,e857
p2914,e546
p2093,e583
p5832,e542
p2017,e136
p7299,e406
p2726,e138
p128,e913
p8712,e942
p6284,e837
p8518,e941
p2548,e997
p6843,e143
p2110,e143
p6234,e832
p2716,e841
p9791,e464
p6423,e724
p3244,e999
p6590,e985
p3477,e541
p5258,e289
p5050,e721
p5476,e196
p6883,e487
p8132,e457
p7052,e709
p283,e945
p5636,e712
p8276,e153
p4753,e962
p257,e815
p54,e560
p4292,e5
p2572,e882
p2280,e516
p7826,e742
p2075,e709
p518,e352
p7672,e388
p4747,e599
p423,e107
p2874,e937
p8268,e779
p1681,e127
p2280,e797
p6555,e142
p233,e66
p1471,e988
p8028,e910
p404,e217
p3886,e977
p2834,e690
p1048,e642
p7045,e366
p898,e971
p9218,e836
p9754,e12
p9874,e718
p9627,e296
p9029,e379
p5732,e631
p4503,e796
p7562,e608
p4675,e910
p9599,e724
p7612,e783
p6965,e164
p1084,e536
p7264,e751
p310,e706
p6761,e577
p5728,e640
p2035,e985
p2042,e543
p1028,e221
p5683,e88
p6306,e612
p100,e564
p7309,e795
p3245,e254
p7698,e138
p6411,e358
p880,e945
p5287,e847
p5408,e496
p2244,e801
p2836,e641
p621,e228
p1823,e920
p4184,e59
p2941,e261
p4098,e175
p2201,e45
p7334,e290
p4430,e610
p8891,e231
p7403,e9
p6503,e635
p7766,e726
p4726,e334
p9671,e418
p7980,e974
p8381,e539
p5348,e257
p394,e421
p3100,e842
p8614,e150
p3064,e501
p1198,e998
p1069,e116
p9030,e642
p3292,e363
p4637,e767
p2268,e715
p480,e594
p9855,e858
p2883,e864
p8139,e112
p5390,e122
p3258,e86
p423,e939
p4547,e122
p2222,e18
p8403,e106
p2894,e956
p6308,e714
p8123,e471
p3967,e278
p8899,e201
p8797,e953
p6480,e339
p4015,e6
p2328,e305
p2862,e408
p3680,e778
p8019,e89
p4239,e47
p3811,e519
p3924,e205
p8329,e806
p8185,e488
p4916,e590
p6073,e264
p8714,e752
p4669,e320
p2732,e75
p2365,e87
p9214,e86
p2600,e317
p9730,e974
p5200,e791
p4315,e50
p3003,e716
p190,e436
p5027,e877
p7982,e780
p6571,e237
p6334,e35
p8787,e945
p3369,e77
p2950,e627
p2253,e292
p1430,e835
p7690,e244
p1764,e417
p2230,e632
p7089,e284
p97,e550
p8719,e376
p2084,e199
p6257,e813
p5767,e917
p9053,e66
p3941,e958
p7940,e131
p4548,e547
p4553,e169
p8764,e883
p1612,e932
p9029,e362
p3011,e895
p4984,e694
p6568,e211
p5866,e586
p1067,e300
p9214,e561
p4248,e953
p6637,e706
p9430,e990
p1956,e108
p4398,e728
p5805,e570
p7750,e964
p4158,e262
p4101,e988
p1668,e758
p1852,e692
p9365,e349
p7479,e53
p9516,e657
p90,e477
p5489,e584
p4291,e691
p4275,e950
p712,e636
p9923,e18
p3994,e370
p4611,e576
p2641,e121
p6222,e786
p9750,e406
p5092,e765
p1388,e192
p7017,e617
p2449,e991
p8558,e943
p243,e604
p3434,e910
p8122,e914
p2711,e694
p3816,e81
p5362,e96
p8570,e382
p6757,e570
p7087,e439
p7132,e904
p5189,e759
p8870,e324
p4136,e213
p7731,e717
p9768,e51
p8298,e27
p7388,e966
p7142,e292
p3856,e725
p9877,e604
p5579,e584
p9381,e598
p4198,e751
p3954,e823
p2628,e903
p805,e440
p7928,e61
p3981,e885
p2667,e437
p9489,e494
p9567,e967
p6552,e846
p9777,e986
p2660,e386
p4985,e16
p9097,e805
p6889,e149
p1925,e927
p4813,e484
p3729,e812
p1523,e638
p5904,e924
p960,e201
p5217,e916
p581,e438
p1783,e554
p9087,e863
p9830,e618
p7239,e70
p9448,e340
p8455,e107
p1169,e658
p7887,e373
p1253,e272
p912,e277
p7253,e832
p5082,e491
p8168,e400
p34,e127
p6796,e825
p8996,e684
p5503,e851
p7274,e416
p9748,e9
p5092,e616
p1031,e186
p5725,e244
p9110,e342
p3587,e665
p2213,e821
p2175,e611
p3365,e202
p1213,e910
p3427,e955
p670,e859
p7098,e61
p7760,e297
p4250,e482
p8852,e568
p5484,e132
p9947,e333
p2266,e502
p6695,e117
p8950,e573
p636,e610
p4869,e620
p1985,e473
p7572,e356
p6837,e732
p7989,e539
p4656,e383
p7971,e253
p1342,e896
p2083,e703
p8856,e880
p5355,e500
p9882,e717
p3319,e714
p2268,e528
p392,e821
p5238,e972
p1796,e428
p1337,e400
p9403,e836
p8916,e628
p7838,e221
p3043,e739
p892,e500
p5374,e589
p7426,e361
p533,e991
p1460,e361
p3924,e227
p7003,e496
p2453,e759
p6690,e784
p6226,e462
p9971,e490
p6172,e328
p61,e59
p8288,e301
p3430,e759
p9843,e708
p6806,e694
p2595,e851
p4030,e446
p2201,e248
p7897,e977
p7280,e575
p8184,e674
p1483,e164
p6760,e486
p718,e529
p3221,e523
p1924,e689
p2268,e267
p3331,e228
p3636,e196
p7214,e499
p6967,e156
p1000,e396
p2425,e469
p2572,e817
p7668,e348
p9785,e721
p7185,e190
p132,e270
p6009,e744
p111,e123
p6401,e134
p6297,e347
p3417,e882
p7868,e62
p5925,e482
p1430,e772
p6125,e14
p5983,e756
p6769,e384
p6332,e828
p7016,e61
p5520,e530
p5209,e519
p5949,e473
p9456,e133
p1170,e846
p8713,e602
p61,e933
p1993,e663
p7928,e240
p32,e812
p9889,e66
p1827,e852
p4618,e54
p1171,e668
p9858,e786
p8113,e805
p590,e116
p3414,e602
p9489,e471
p7263,e531
p2100,e779
p5997,e505
p7957,e842
p5431,e624
p943,e220
p2584,e83
p9956,e546
p2676,e143
p2837,e406
p4989,e151
p7327,e743
p197,e590
p5214,e287
p7223,e998
p1522,e792
p4333,e876
p1370,e590
p2387,e3
p7920,e26
p9236,e197
p5085,e444
p7391,e945
p76,e993
p9832,e237
p4012,e759
p8797,e929
p1960,e877
p8205,e648
p9237,e295
p9478,e946
p824,e993
p3557,e22
p1110,e899
p2823,e32
p2851,e84
p701,e96
p9210,e604
p6382,e24
p6992,e455
p990,e460
p5386,e997
p1872,e201
p8747,e934
p2496,e895
p4565,e397
p7551,e737
p1163,e240
p8779,e495
p1438,e90
p888,e809
p5894,e994
p7115,e765
p9447,e974
p4220,e78
p7216,e575
p2475,e991
p5873,e378
p1966,e275
p3151,e22
p9645,e332
p2409,e803
p5259,e898
p924,e330
p5753,e833
p8334,e953
p7034,e849
p134,e531
p1037,e31
p8077,e177
p8555,e951
p2606,e368
p679,e2
p3892,e735
p8470,e799
p2367,e410
p4220,e815
p681,e144
p6524,e893
p3268,e134
p9066,e800
p7498,e225
p879,e267
p6544,e982
p9761,e204
p584,e71
p2378,e944
p1860,e964
p8620,e612
p9116,e985
p6093,e785
p5802,e229
p3224,e583
p3753,e760
p3011,e268
p730,e58
p7395,e113
p8098,e820
p4364,e201
p9411,e100
p9746,e971
p3759,e234
p2339,e89
p9687,e767
p3245,e959
p4267,e909
p6686,e869
p7690,e397
p6737,e668
p5390,e935
p5841,e872
p6774,e626
p9349,e36
p944,e75
p9470,e965
p8843,e209
p7493,e955
p5389,e134
p4362,e70
p3928,e919
p403,e426
p3071,e26
p293,e563
p8996,e908
p9058,e919
p3813,e603
p9592,e557
p946,e136
p2711,e811
p462,e448
p3171,e119
p6421,e219
p9150,e2
p1122,e548
p2101,e275
p7548,e475
p1829,e218
p7704,e394
p8322,e114
p1670,e193
p4008,e970
p1472,e309
p538,e663
p7374,e821
p6251,e405
p8947,e239
p8050,e753
p7138,e484
p9968,e247
p6490,e758
p3662,e440
p1028,e289
p8872,e590
p8636,e854
p6875,e465
p3565,e561
p8715,e993
p3922,e333
p1188,e365
p2026,e30
p7195,e860
p5889,e728
p4396,e953
p1202,e436
p8916,e372
p2357,e2
p7246,e897
p9847,e164
p4589,e94
p2615,e923
p4637,e976
p9976,e80
p7415,e814
p3807,e55
p1804,e361
p8324,e504
p1001,e806
p41,e233
p62,e343
p2846,e295
p3036,e878
p1287,e52
p3772,e126
p7186,e743
p4370,e737
p6587,e681
p3586,e352
p364,e511
p9424,e258
p1953,e906
p9042,e411
p8897,e759
p2860,e968
p3905,e819
p6057,e694
p8474,e193
p1892,e459
p2145,e831
p7882,e179
p3520,e503
p4555,e51
p9849,e194
p3498,e687
p3156,e541
p8296,e45
p7947,e704
p840,e256
p6963,e336
p1730,e76
p2160,e408
p6117,e155
p2930,e607
p1168,e714
p3327,e899
p2185,e334
p5756,e340
p9155,e556
p6367,e173
p3956,e615
p785,e652
p1787,e39
p4977,e187
p1870,e743
p3152,e605
p3973,e865
p5421,e992
p1133,e332
p4239,e723
p2636,e128
p5292,e512
p8607,e233
p8186,e472
p6818,e564
p5883,e639
p5668,e400
p4495,e89
p8001,e762
p73,e651
p5235,e58
p4079,e443
p5511,e285
p518,e799
p3583,e98
p906,e302
p6791,e435
p127,e612
p1998,e489
p492,e721
p3346,e714
p4948,e43
p8572,e248
p6160,e854
p2389,e955
p2872,e500
p9940,e501
p2840,e206
p7414,e179
p6050,e343
p9791,e948
p4985,e458
p6706,e806
p5790,e354
p1161,e337
p4242,e387
p9677,e177
p77,e594
p8577,e682
p3557,e360
p8861,e771
p2707,e498
p2374,e76
p3925,e399
p6878,e910
p7110,e365
p2430,e554
p9021,e680
p9507,e395
p2533,e582
p4976,e617
p7098,e474
p4297,e495
p4753,e570
p6748,e719
p5716,e761
p6508,e179
p4219,e884
p516,e313
p5710,e318
p480,e103
p2283,e650
p7084,e555
p6544,e129
p1838,e884
p6848,e111
p9020,e47
p4284,e863
p3058,e537
p2676,e457
p3192,e868
p2056,e348
p6279,e944
p613,e346
p3399,e778
p8243,e537
p4560,e424
p8218,e141
p8031,e831
p9572,e6
p9677,e755
p2802,e404
p6287,e27
p1115,e175
p2922,e963
p4513,e70
p8880,e552
p424,e25
p2464,e178
p6289,e789
p7730,e489
p3249,e454
p8179,e779
p3440,e766
p8297,e892
p8490,e697
p2947,e816
p3899,e311
p6015,e797
p1708,e427
p1726,e561
p5009,e304
p8117,e598
p9925,e365
p6664,e276
p3060,e168
p1528,e722
p2962,e181
p2611,e306
p2638,e150
p4225,e52
p1262,e499
p7657,e131
p205,e693
p306,e664
p617,e853
p2237,e861
p817,e751
p7777,e17
p2769,e475
p2423,e109
p8800,e917
p3075,e371
p3652,e584
p4299,e377
p8727,e112
p7324,e95
p3423,e270
p6749,e407
p7534,e624
p9406,e673
p610,e17
p7955,e45
p4581,e125
p8817,e568
p3544,e823
p7750,e347
p3208,e557
p2878,e556
p4570,e372
p1475,e370
p3063,e456
p4169,e824
p9250,e498
p2299,e700
p4801,e452
p6314,e661
p8469,e321
p1108,e758
p5655,e849
p7552,e182
p9668,e453
p8814,e408
p2531,e868
p6542,e999
p6493,e874
p1615,e273
p781,e700
p9094,e137
p7304,e764
p2322,e500
p3325,e104
p5917,e817
p6863,e13
p7194,e375
p7856,e617
p5067,e682
p164,e520
p2037,e745
p1480,e87
p4305,e686
p2600,e920
p4886,e239
p1963,e569
p2984,e232
p9744,e101
p1807,e834
p9683,e854
p5245,e570
p678,e93
p4782,e73
p6909,e327
p5014,e6
p9644,e478
p9058,e818
p1313,e589
p3993,e96
p455,e537
p4738,e896
p1370,e362
p2821,e116
p3373,e972
p4490,e385
p5714,e809
p9522,e119
p2086,e600
p1139,e202
p5679,e106
p2850,e145
p833,e522
p917,e658
p9241,e326
p7540,e405
p9635,e620
p8100,e532
p7884,e322
p1988,e520
p2873,e10
p8487,e807
p8301,e328
p4017,e437
p8470,e356
p4318,e680
p3942,e604
p7529,e805
p4133,e697
p8059,e415
p4056,e943
p7286,e865
p7919,e479
p1252,e261
p8386,e905
p5634,e719
p1972,e77
p760,e627
p5519,e38
p3696,e786
p2775,e623
p9993,e323
p2975,e252
p801,e254
p8556,e170
p3860,e108
p8270,e543
p9395,e926
p9970,e527
p6628,e577
p2821,e171
p5340,e415
p1260,e774
p2250,e346
p9760,e660
p5208,e502
p1188,e539
p7801,e534
p7539,e392
p3310,e309
p6206,e288
p7681,e126
p7445,e93
p6690,e60
p6114,e910
p9062,e468
p6371,e456
p129,e553
p3626,e348
p982,e866
p4110,e555
p1227,e897
p3124,e524
p8941,e38
p7676,e385
p5085,e394
p590,e97
p3386,e121
p456,e990
p6499,e39
p3806,e203
p2565,e223
p1354,e805
p5288,e352
p4749,e75
p698,e194
p9004,e117
p7532,e121
p7607,e217
p3221,e470
p7221,e690
p2463,e73
p1447,e391
p6714,e987
p2854,e897
p5107,e109
p2253,e428
p8799,e21
p6516,e638
p3129,e879
p9227,e404
p6137,e414
p8134,e495
p4324,e158
p8098,e828
p9461,e501
p8060,e429
p310,e6
p287,e650
p4752,e29
p4062,e996
p4735,e727
p8529,e959
p801,e28
p1017,e265
p7252,e838
p7194,e511
p6892,e189
p39,e223
p2743,e109
p4705,e860
p5298,e530
p5617,e139
p3611,e506
p1552,e182
p1685,e33
p1590,e41
p2580,e334
p1743,e885
p7158,e844
p8028,e744
p7596,e390
p9835,e98
p4244,e389
p1337,e921
p5885,e822
p3546,e66
p2392,e545
p6943,e813
p4959,e204
p7353,e491
p1169,e804
p8255,e665
p9266,e561
p1169,e446
p5710,e285
p6079,e201
p2971,e474
p4951,e410
p5068,e887
p5008,e451
p8760,e888
p2547,e983
p8315,e699
p5863,e550
p2871,e551
p6585,e925
p5548,e948
p9595,e715
p2438,e319
p4409,e980
p533,e779
p2214,e888
p4155,e116
p8277,e175
p2469,e10
p9832,e112
p6180,e811
p270,e130
p9543,e634
p2477,e967
p8790,e418
p8868,e709
p3399,e255
p6718,e409
p9391,e887
p1050,e875
p7388,e28
p4847,e386
p1305,e887
p3867,e607
p4576,e235
p5729,e493
p9988,e552
p8996,e773
p1209,e337
p9062,e523
p2521,e476
p9510,e39
p3149,e606
p9739,e571
p9721,e268
p2711,e578
p8943,e381
p2979,e176
p8859,e826
p6763,e662
p1336,e93
p7303,e632
p9918,e394
p9264,e804
p419,e975
p9186,e354
p843,e424
p5363,e529
p6163,e648
p2668,e683
p8808,e481
p5517,e168
p4036,e258
p2216,e394
p2292,e846
p593,e770
p888,e317
p830,e418
p6892,e131
p8004,e198
p3422,e932
p9125,e706
p3625,e673
p3430,e247
p5808,e396
p7906,e330
p3357,e271
p5199,e767
p2028,e31
p1653,e926
p8748,e841
p8842,e673
p4113,e313
p7299,e300
p8580,e184
p4047,e890
p9996,e226
p5555,e193
p6663,e774
p5387,e197
p7327,e759
p5198,e897
p697,e47
p7625,e298
p486,e776
p2869,e167
p1482,e437
p1557,e518
p7662,e840
p8503,e19
p4355,e688
p9503,e80
p9004,e993
p3245,e278
p2131,e884
p6653,e478
p7868,e766
p3655,e897
p1012,e997
p820,e924
p4816,e462
p4239,e402
p5551,e70
p3435,e991
p1633,e478
p543,e638
p4194,e958
p1042,e532
p954,e67
p2209,e886
p4051,e222
p6903,e409
p949,e750
p6570,e606
p1046,e800
p4275,e410
p6682,e316
p3202,e844
p3791,e226
p7534,e223
p7159,e260
p890,e422
p7683,e11
p9133,e751
p9559,e415
p1840,e724
p9213,e567
p9872,e352
p7951,e544
p2064,e464
p7776,e27
p1797,e358
p4933,e926
p2960,e328
p7841,e339
p9640,e405
p9316,e487
p235,e448
p5846,e885
p7756,e80
p4565,e85
p8330,e543
p5666,e891
p9386,e725
p5809,e4
p7951,e58
p8592,e82
p4763,e409
p5233,e386
p2914,e563
p2935,e729
p4874,e993
p3497,e93
p348,e265
p3968,e766
p5438,e177
p1162,e816
p1785,e205
p289,e400
p4885,e348
p4862,e577
p2530,e905
p7793,e576
p1237,e18
p7507,e348
p8215,e579
p9470,e870
p1338,e453
p8295,e156
p772,e408
p9649,e482
p8341,e338
p1644,e591
p5744,e328
p9042,e378
p3501,e482
p2174,e550
p2852,e475
p7060,e769
p7224,e886
p4683,e520
p2362,e778
p7340,e794
p8863,e820
p8079,e335
p2511,e388
p9517,e20
p1841,e333
p1223,e210
p9641,e904
p489,e201
p957,e455
p6214,e575
p3039,e165
p5097,e296
p9897,e680
p6770,e600
p301,e615
p7962,e889
p8753,e485
p5375,e598
p6650,e335
p2266,e340
p2993,e309
p8707,e879
p9454,e155
p3995,e201
p821,e763
p5116,e99
p4102,e6
p2873,e863
p1326,e749
p1442,e36
p8920,e735
p385,e698
p282,e865
p996,e559
p6459,e697
p5437,e66
p9791,e749
p2907,e526
p8002,e563
p8880,e946
p5456,e234
p6169,e846
p2159,e495
p3088,e852
p1336,e730
p807,e898
p7938,e294
p2076,e907
p8375,e534
p4844,e862
p468,e647
p6468,e908
p4893,e839
p3476,e960
p9044,e48
p103,e595
p9183,e10
p9643,e800
p8516,e563
p1658,e706
p9218,e860
p1321,e89
p2401,e226
p9122,e172
p4930,e213
p2825,e343
p5786,e860
p3118,e431
p4433,e206
p4258,e774
p3197,e576
p5321,e992
p2745,e91
p9259,e9
p1051,e624
p825,e434
p677,e304
p8110,e658
p2015,e80
p9148,e239
p3355,e734
p19,e89
p2567,e898
p2574,e572
p9046,e697
p2275,e126
p7395,e13
p431,e522
p5735,e383
p4552,e186
p3211,e989
p7183,e347
p9203,e226
p5358,e296
p706,e855
p6803,e103
p2960,e954
p4181,e613
p4366,e549
p896,e935
p6724,e950
p153,e967
p7471,e102
p1300,e595
p2869,e984
p7369,e505
p1555,e166
p2055,e834
p4180,e504
p5424,e579
p1954,e990
p6975,e465
p4627,e474
p265,e956
p3879,e335
p8338,e526
p9068,e332
p2340,e127
p1767,e859
p8439,e241
p1262,e387
p1668,e996
p3135,e149
p9560,e509
p3146,e220
p2452,e964
p7382,e942
p8284,e262
p5105,e795
p917,e859
p8260,e325
p7864,e880
p3050,e943
p7821,e127
p2901,e283
p1077,e665
p7670,e449
p7185,e770
p3492,e131
p2955,e705
p5180,e283
p7712,e901
p6263,e893
p3424,e972
p7662,e915
p5160,e954
p2876,e663
p5623,e624
p9920,e832
p9389,e219
p6708,e137
p8647,e854
p4406,e228
p1361,e392
p8787,e895
p7488,e580
p5986,e624
p3911,e146
p533,e767
p3293,e443
p3077,e792
p3911,e169
p8719,e476
p3406,e387
p1720,e559
p7862,e822
p6549,e248
p533,e797
p5348,e596
p8964,e759
p8724,e918
p9188,e425
p4651,e244
p1886,e788
p7801,e17
p1018,e142
p6734,e590
p5039,e12
p8232,e101
p260,e217
p1057,e961
p5672,e119
p2395,e177
p8245,e548
p5012,e175
p9113,e586
p129,e103
p8733,e768
p1912,e641
p3586,e855
p2857,e17
p5777,e40
p19,e339
p4170,e418
p9299,e123
p9617,e650
p8109,e964
p2043,e554
p5405,e485
p9809,e666
p4988,e107
p646,e926
p3547,e18
p8321,e118
p4462,e253
p9980,e517
p5801,e856
p9014,e593
p3273,e96
p5109,e90
p598,e556
p3626,e167
p773,e77
p1396,e411
p2006,e762
p1061,e359
p211,e343
p5618,e222
p8409,e103
p6334,e989
p4617,e807
p4898,e362
p9040,e791
p5231,e135
p9788,e946
p5471,e88
p776,e265
p7154,e628
p7238,e605
p1889,e687
p5264,e397
p9470,e644
p582,e26
p8975,e514
p8962,e476
p8627,e534
p2429,e885
p2986,e76
p8658,e338
p1533,e474
p6235,e515
p1800,e396
p2706,e121
p7490,e205
p3468,e150
p4938,e958
p8123,e26
p5711,e441
p9980,e438
p7463,e371
p2497,e924
p2058,e374
p3650,e611
p4739,e220
p9591,e395
p833,e542
p6670,e738
p7546,e971
p9521,e604
p2759,e84
p964,e680
p1036,e189
p7894,e191
p6384,e573
p4282,e580
p143,e955
p5132,e554
p5436,e366
p6513,e166
p2439,e960
p7429,e249
p6988,e50
p2112,e214
p6779,e783
p2202,e97
p1768,e36
p7083,e485
p7337,e624
p1105,e504
p355,e150
p6186,e735
p2741,e168
p6277,e711
p3696,e918
p5243,e317
p882,e996
p4495,e26
p124,e683
p5971,e530
p1092,e265
p8843,e409
p3542,e262
p7797,e650
p432,e896
p9557,e971
p9437,e766
p2730,e119
p9534,e302
p5357,e589
p709,e267
p2292,e431
p5251,e447
p8252,e318
p4884,e271
p4254,e399
p7465,e103
p1139,e838
p8143,e6
p7323,e459
p416,e21
p7325,e425
p677,e209
p1620,e792
p846,e955
p9173,e260
p5296,e93
p6047,e587
p8267,e41
p434,e192
p4362,e349
p3963,e496
p7599,e411
p8137,e623
p709,e422
p100,e340
p6203,e105
p3774,e15
p9166,e935
p9796,e407
p907,e534
p1292,e185
p9067,e327
p3530,e943
p1805,e589
p2988,e543
p94,e392
p6495,e707
p3776,e314
p3062,e955
p7091,e808
p8488,e76
p7548,e824
p2088,e821
p8314,e811
p6354,e730
p4363,e87
p1083,e387
p8001,e587
p7574,e755
p7469,e583
p480,e122
p1311,e657
p2985,e58
p8089,e717
p4740,e594
p3977,e118
p597,e731
p1653,e96
p4652,e217
p1048,e583
p3314,e457
p8120,e840
p4961,e904
p9954,e642
p3099,e942
p4514,e135
p2415,e875
p1515,e256
p2492,e655
p7809,e576
p7726,e856
p8740,e151
p4234,e879
p7910,e230
p1800,e51
p2686,e315
p2857,e89
p8216,e755
p1514,e723
p7910,e19
p1314,e592
p7493,e806
p1823,e564
p1503,e641
p1294,e164
p1968,e352
p170,e149
p8434,e958
p8953,e532
p4454,e337
p3163,e952
p5647,e885
p9008,e550
p3650,e863
p5822,e332
p724,e221
p8654,e862
p8331,e317
p1951,e236
p4393,e927
p5894,e299
p9099,e687
p9798,e55
p9804,e74
p7271,e780
p2410,e137
p7302,e49
p2541,e788
p9934,e696
p8009,e631
p9975,e16
p5686,e769
p6706,e855
p3454,e779
p6394,e555
p7167,e340
p3898,e449
p2224,e59
p1343,e906
p282,e138
p8262,e635
p9538,e697
p6130,e376
p9600,e266
p5536,e596
p8245,e549
p2388,e935
p7386,e37
p2408,e487
p4931,e209
p4061,e836
p7464,e730
p3026,e913
p3295,e539
p8302,e852
p4926,e330
p8934,e612
p392,e907
p8002,e642
p9908,e330
p3599,e823
p8242,e635
p2358,e735
p4202,e884
p6742,e737
p5300,e429
p4583,e744
p2222,e300
p1696,e137
p4677,e196
p7570,e194
p2532,e301
p4410,e130
p1806,e770
p8786,e293
p4341,e503
p6711,e575
p9508,e387
p2085,e245
p4488,e793
p5321,e508
p8035,e906
p2094,e511
p1103,e582
p7755,e652
p8305,e557
p9577,e916
p6981,e97
p1787,e663
p6899,e373
p7400,e344
p8608,e111
p4802,e48
p4882,e141
p1897,e673
p3373,e548
p866,e628
p5306,e431
p3065,e141
p7902,e218
p6332,e991
p7159,e53
p9526,e790
p527,e874
p3282,e246
p2979,e949
p4914,e986
p3967,e979
p3132,e311
p2549,e159
p2417,e750
p2126,e760
p5683,e362
p6662,e196
p1213,e560
p2343,e470
p7132,e974
p7224,e713
p6990,e547
p7726,e172
p1677,e535
p6712,e603
p7560,e179
p3965,e900
p9995,e718
p4651,e879
p7655,e230
p2951,e676
p1955,e817
p4696,e200
p8668,e241
p4771,e472
p2671,e691
p2542,e804
p9352,e74
p9058,e932
p7052,e160
p5871,e821
p6877,e95
p9392,e376
p2245,e623
p7722,e822
p8797,e753
p9218,e311
p351,e455
p2684,e547
p4889,e372
p4688,e156
p6984,e778
p7769,e35
p3592,e914
p6175,e616
p8115,e108
p8861,e821
p1594,e665
p3054,e202
p4317,e333
p5930,e83
p8893,e116
p5239,e717
p7863,e549
p2074,e365
p8628,e86
p6288,e636
p7305,e307
p1313,e558
p3996,e122
p5752,e885
p2090,e73
p2423,e530
p7702,e603
p9606,e972
p7815,e564
p6892,e592
p9651,e926
p1147,e766
p7855,e966
p3989,e314
p9614,e791
p396,e165
p1120,e523
p4700,e204
p5879,e384
p9364,e15
p627,e149
p9607,e856
p9875,e373
p3079,e222
p277,e20
p8341,e141
p1522,e302
p8698,e630
p7794,e237
p7092,e620
p4837,e851
p6259,e681
p5087,e199
p7642,e648
p9731,e319
p3789,e161
p2303,e270
p6958,e463
p7474,e396
p6561,e476
p4592,e23
p8477,e962
p4884,e840
p7840,e956
p369,e371
p3410,e579
p4543,e914
p5670,e944
p7741,e391
p1922,e473
p4547,e905
p1938,e488
p9264,e132
p7272,e794
p4318,e242
p2566,e712
p5047,e10
p1391,e363
p3372,e621
p8367,e933
p2885,e428
p9786,e215
p8784,e84
p8977,e896
p6824,e959
p7215,e414
p3691,e67
p9306,e224
p6029,e940
p9897,e387
p7232,e414
p2054,e799
p2147,e983
p7495,e640
p8230,e192
p5945,e686
p4640,e249
p260,e568
p4187,e414
p8221,e741
p7352,e407
p9918,e917
p2733,e30
p3386,e215
p5564,e458
p2807,e624
p1658,e923
p8085,e605
p8168,e436
p5997,e481
p6632,e936
p2422,e625
p3504,e710
p9402,e498
p4756,e423
p53,e743
p4577,e918
p8257,e168
p3563,e446
p9452,e586
p9507,e332
p1620,e400
p8416,e713
p8186,e339
p7336,e350
p3843,e363
p5340,e330
p1612,e310
p5282,e74
p8676,e643
p552,e756
p3702,e171
p9571,e146
p560,e357
p322,e144
p7322,e477
p425,e480
p2243,e51
p9234,e491
p2818,e661
p5656,e191
p1546,e323
p1891,e516
p3128,e361
p6465,e119
p9091,e120
p3370,e704
p4097,e572
p7222,e576
p1408,e188
p4491,e481
p810,e378
p6962,e876
p5601,e625
p6325,e932
p4447,e987
p411,e125
p5936,e26
p6611,e227
p3727,e749
p8455,e892
p3765,e470
p7013,e18
p1112,e287
p960,e540
p998,e214
p6012,e718
p445,e569
p5712,e975
p327,e79
p2621,e26
p7002,e776
p754,e681
p6549,e364
p1877,e448
p9921,e259
p3054,e676
p3652,e456
p6554,e131
p2740,e384
p6178,e982
p3689,e651
p1836,e484
p7947,e145
p2492,e265
p4098,e78
p7635,e655
p1330,e828
p5829,e741
p4757,e159
p7049,e771
p449,e229
p8039,e786
p9708,e133
p6142,e504
p7909,e79
p3872,e66
p8121,e200
p7287,e815
p6438,e240
p9262,e210
p1816,e680
p3243,e783
p2542,e434
p4019,e616
p7884,e62
p8065,e761
p2613,e641
p8871,e717
p2678,e133
p5669,e650
p1014,e842
p5373,e736
p5608,e467
p1885,e424
p2821,e158
p4079,e739
p4344,e375
p4238,e61
p726,e490
p9055,e419
p4579,e374
p7342,e683
p6680,e725
p9956,e897
p412,e113
p8434,e728
p555,e135
p9003,e506
p3111,e749
p6092,e130
p4686,e244
p1210,e638
p10,e529
p2301,e9
p7135,e95
p5129,e260
p7885,e825
p1593,e367
p4027,e561
p6781,e592
p3144,e181
p2683,e580
p5397,e804
p2354,e657
p7130,e314
p7851,e944
p5884,e429
p2796,e613
p795,e953
p5335,e962
p633,e224
p1950,e106
p4963,e92
p1079,e953
p4899,e843
p9952,e945
p328,e346
p5242,e989
p6116,e574
p4550,e770
p264,e578
p751,e473
p6533,e23
p1678,e849
p3436,e776
p11,e501
p9010,e46
p4359,e151
p4123,e276
p2609,e585
p1293,e628
p6498,e890
p6353,e431
p1342,e347
p9865,e896
p6538,e215
p8904,e269
p437,e701
p9928,e491
p6910,e506
p6387,e997
p6407,e925
p6687,e694
p4242,e644
p2994,e523
p2232,e283
p8508,e542
p6480,e786
p4435,e561
p5047,e456
p5492,e630
p9706,e76
p7673,e959
p6694,e720
p8248,e828
p2652,e276
p7534,e679
p9630,e159
p2139,e509
p4083,e709
p943,e293
p8602,e532
p5194,e799
p5583,e864
p4378,e976
p3756,e842
p6937,e215
p4512,e864
p6691,e259
p7871,e253
p521,e546
p2796,e751
p4476,e53
p5445,e721
p8533,e173
p5320,e503
p4536,e281
p232,e188
p596,e643
p3552,e435
p3384,e585
p9112,e425
p3271,e849
p779,e836
p182,e321
p7449,e165
p2754,e53
p3162,e555
p4507,e193
p4983,e604
p753,e114
p6750,e40
p7071,e533
p8207,e883
p3399,e710
p3733,e340
p5789,e102
p412,e663
p5699,e76
p5126,e328
p5842,e712
p7652,e269
p3860,e859
p5428,e234
p8133,e465
p1031,e533
p7350,e211
p5316,e713
p1839,e548
p2528,e441
p7193,e524
p9661,e185
p4690,e924
p5453,e881
p131,e167
p275,e722
p4511,e869
p6157,e435
p3379,e22
p3685,e595
p5207,e548
p1003,e378
p7838,e147
p375,e746
p1438,e246
p4412,e45
p6262,e600
p651,e406
p6019,e285
p442,e764
p6770,e230
p8490,e849
p9921,e906
p875,e596
p8039,e897
p5801,e865
p8371,e303
p2449,e797
p9634,e552
p4206,e558
p7286,e437
p3455,e127
p2225,e681
p3757,e22
p7958,e554
p7911,e124
p4321,e786
p3064,e491
p8757,e90
p5220,e477
p5185,e371
p3714,e961
p2641,e801
p7997,e376
p287,e210
p2313,e616
p9302,e375
p35,e775
p2468,e348
p4263,e380
p7774,e38
p5993,e85
p7401,e582
p5094,e695
p4111,e243
p1256,e515
p1698,e920
p9371,e957
p7161,e530
p5647,e21
p4916,e958
p1403,e340
p6163,e799
p8864,e96
p3858,e350
p41,e469
p4275,e950
p5409,e983
p3898,e906
p669,e162
p1701,e865
p8603,e628
p2827,e495
p6846,e634
p5194,e116
p7197,e333
p4280,e444
p1904,e521
p1578,e647
p254,e557
p8539,e449
p9439,e822
p3180,e334
p2752,e579
p3496,e80
p413,e734
p7546,e354
p5719,e724
p3657,e766
p7562,e76
p7020,e546
p9887,e70
p9250,e672
p4072,e573
p4866,e203
p508,e837
p9466,e795
p7283,e546
p7699,e672
p1453,e830
p7267,e776
p6067,e468
p8263,e524
p4804,e965
p1136,e454
p2831,e87
p491,e660
p1104,e289
p8706,e905
p9598,e783
p4308,e243
p5066,e27
p7410,e578
p7132,e580
p5725,e121
p1802,e749
p3751,e122
p9577,e741
p4176,e667
p6334,e604
p2162,e678
p3675,e622
p3047,e336
p659,e690
p7093,e92
p5948,e38
p7875,e257
p7244,e277
p7466,e230
p8286,e715
p1500,e91
p2829,e365
p6351,e119
p9297,e987
p9057,e452
p7432,e639
p916,e765
p7216,e453
p703,e964
p1950,e715
p8947,e202
p8710,e56
p3367,e955
p5205,e425
p2493,e522
p6787,e737
p3346,e709
p261,e759
p9930,e552
p9966,e599
p8635,e142
p4019,e905
p3339,e454
p3574,e643
p7900,e296
p8475,e714
p2954,e420
p8902,e398
p6247,e831
p40,e931
p3478,e774
p8736,e838
p2295,e330
p3269,e637
p2861,e208
p4948,e48
p2810,e528
p1170,e513
p8763,e751
p6579,e789
p9961,e136
p1958,e162
p332,e796
p888,e824
p1541,e159
p2625,e312
p8104,e464
p1367,e741
p8371,e626
p8140,e56
p1722,e562
p6615,e161
p7509,e453
p5206,e60
p5251,e35
p1192,e949
p4989,e958
p8309,e553
p8580,e480
p4520,e807
p9196,e468
p1939,e645
p2493,e319
p3728,e119
p5175,e181
p5298,e836
p1304,e244
p62,e385
p3291,e813
p4310,e746
p9822,e323
p4801,e819
p1659,e962
p4043,e383
p2439,e100
p9983,e154
p829,e957
p8889,e342
p3213,e189
p3777,e30
p1965,e651
p7254,e963
p4893,e243
p5327,e349
p6616,e197
p8603,e24
p6973,e159
p2018,e183
p6607,e694
p7182,e791
p1829,e224
p7018,e180
p8950,e441
p3841,e926
p5388,e123
p5509,e982
p7360,e183
p1339,e240
p3978,e531
p2910,e681
p8211,e920
p4598,e790
p3833,e217
p369,e485
p3457,e519
p8127,e66
p7925,e985
p3970,e633
p1426,e254
p7991,e232
p6825,e967
p3974,e700
p8816,e416
p5430,e785
p2475,e9
p7446,e873
p785,e388
p1078,e962
p2990,e46
p1659,e117
p552,e191
p3141,e995
p4069,e447
p2373,e16
p1344,e362
p8642,e740
p8759,e554
p8019,e447
p9862,e124
p400,e746
p2797,e507
p5202,e556
p2934,e180
p3227,e252
p585,e270
p4243,e33
p7194,e192
p5215,e267
p2198,e917
p1615,e195
p7562,e143
p9185,e428
p2205,e365
p1639,e300
p2342,e238
p6811,e145
p3846,e229
p4985,e577
p4580,e374
p6685,e807
p4316,e228
p2360,e507
p8462,e482
p3365,e601
p6052,e805
p6251,e543
p3384,e348
p5523,e332
p2366,e833
p3054,e233
p9779,e31
p3654,e152
p9477,e246
p4459,e573
p4240,e410
p6564,e296
p5949,e330
p9557,e782
p7710,e848
p1778,e736
p2965,e825
p9304,e982
p2818,e306
p3173,e433
p2977,e717
p7143,e976
p9967,e230
p9157,e7
p2858,e855
p1405,e339
p6700,e227
p8524,e628
p1886,e916
p1418,e462
p559,e213
p1038,e292
p3256,e578
p3058,e706
p6107,e105
p3824,e8
p5700,e754
p3064,e367
p6163,e525
p3081,e721
p6290,e481
p9654,e615
p3290,e784
p5588,e126
p7217,e474
p1480,e616
p1956,e91
p1361,e25
p251,e75
p2046,e420
p6990,e158
p4791,e229
p2458,e568
p5734,e740
p2423,e798
p4012,e926
p212,e10
p3180,e464
p4760,e513
p1220,e829
p1035,e998
p7112,e869
p8196,e402
p7333,e583
p3894,e91
p2345,e584
p5916,e845
p6122,e520
p1762,e466
p7894,e46
p2242,e325
p1388,e914
p1656,e240
p7746,e265
p6695,e567
p6612,e355
p9484,e585
p1535,e469
p2586,e403
p1019,e556
p4035,e994
p1732,e620
p2675,e155
p4081,e532
p9559,e433
p8866,e531
p8625,e353
p5088,e694
p6237,e534
p3992,e965
p4832,e131
p9801,e236
p7591,e788
p5692,e250
p2341,e658
p6208,e165
p5229,e636
p2188,e10
p6712,e352
p1138,e636
p1455,e681
p8082,e182
p8151,e975
p1137,e517
p2391,e228
p447,e440
p814,e509
p6367,e985
p4860,e826
p6880,e476
p1578,e705
p9976,e705
p2036,e415
p7255,e897
p4398,e772
p2427,e596
p4188,e275
p973,e235
p804,e613
p9240,e84
p7471,e963
p1464,e305
p843,e245
p5258,e365
p9511,e183
p651,e642
p842,e603
p2883,e531
p7179,e951
p4868,e939
p9802,e211
p3484,e370
p1732,e407
p8587,e350
p5246,e189
p4773,e929
p8576,e440
p4992,e814
p4031,e685
p1303,e603
p7661,e87
p164,e649
p9549,e948
p2498,e356
p6294,e192
p2598,e294
p6214,e322
p740,e569
p8979,e478
p6643,e309
p9339,e545
p7134,e745
p8536,e958
p4261,e215
p5601,e176
p4096,e91
p2200,e961
p833,e515
p1639,e161
p2651,e700
p2831,e469
p1852,e788
p3112,e401
p7223,e22
p6070,e605
p2116,e429
p3588,e244
p3877,e924
p8004,e205
p2621,e880
p7498,e840
p8219,e52
p4740,e776
p2325,e104
p612,e665
p2236,e55
p7352,e316
p3402,e565
p330,e440
p2245,e441
p472,e803
p1420,e9
p8017,e282
p8439,e235
p7939,e526
p6563,e992
p9086,e225
p8367,e392
p8482,e457
p5283,e256
p2420,e621
p4289,e687
p116,e27
p303,e477
p9190,e552
p6864,e663
p4365,e906
p9054,e208
p2472,e158
p7959,e653
p2285,e425
p1164,e886
p2955,e906
p7511,e841
p6489,e606
p2220,e464
p6715,e474
p997,e42
p8704,e816
p9747,e665
p8716,e176
p8431,e25
p2784,e956
p1566,e232
p8228,e596
p8536,e970
p6506,e548
p5071,e99
p873,e795
p4120,e344
p2346,e435
p5457,e88
p1885,e193
p5572,e608
p4850,e575
p1986,e750
p4953,e535
p229,e963
p3460,e127
p4717,e894
p2611,e555
p3237,e317
p8041,e739
p8032,e234
p603,e803
p78,e472
p7734,e81
p3973,e737
p405,e2
p1626,e987
p1578,e218
p1322,e329
p5152,e155
p910,e916
p4753,e31
p4966,e616
p7847,e616
p3272,e504
p527,e703
p2475,e300
p8887,e343
p8730,e795
p5867,e157
p4857,e106
p8358,e140
p9894,e961
p1389,e571
p3875,e858
p3632,e623
p7566,e309
p5767,e985
p2179,e34
p7154,e903
p2887,e178
p2085,e490
p3694,e237
p7940,e994
p4424,e262
p2884,e379
p1871,e275
p9469,e70
p6360,e854
p639,e582
p5658,e518
p8461,e181
p9270,e305
p1593,e596
p6460,e140
p400,e925
p2141,e722
p9982,e114
p273,e680
p51,e962
p3532,e777
p7264,e419
p5096,e888
p3659,e873
p1641,e407
p3857,e167
p7023,e642
p6403,e436
p8192,e175
p9897,e939
p7498,e545
p3615,e811
p7051,e614
p7872,e767
p3399,e458
p5492,e325
p7551,e844
p6747,e963
p2389,e737
p6389,e574
p5227,e7
p1374,e52
p385,e164
p2238,e312
p5898,e38
p6699,e326
p7883,e801
p398,e45
p2224,e639
p9694,e742
p3660,e651
p4144,e81
p1251,e868
p9195,e145
p8608,e78
p5882,e788
p2731,e215
p7929,e344
p4405,e112
p1109,e62
p1705,e644
p6053,e155
p4785,e811
p2800,e776
p2620,e429
p4558,e991
p7845,e514
p2789,e321
p7511,e14
p3613,e575
p853,e37
p2179,e529
p677,e387
p8634,e128
p2826,e358
p7938,e628
p7679,e667
p1949,e315
p4676,e511
p5302,e342
p5649,e433
p4854,e163
p6915,e904
p5208,e86
p1578,e761
p2843,e761
p114,e147
p6972,e569
p7462,e358
p3139,e303
p3884,e228
p2124,e277
p6001,e427
p1888,e158
p5958,e23
p1959,e488
p7052,e678
p8734,e957
p3735,e146
p7826,e115
p532,e796
p1575,e675
p7464,e823
p4907,e480
p126,e143
p3124,e780
p6870,e813
p6278,e56
p9168,e101
p7150,e730
p2913,e172
p4063,e664
p9594,e322
p3844,e976
p1337,e884
p9792,e5
p3997,e626
p2193,e188
p8355,e608
p8714,e915
p4366,e8
p8606,e859
p7789,e480
p8366,e906
p9252,e67
p7231,e244
p4803,e623
p6831,e514
p4023,e910
p5046,e833
p5560,e454
p878,e96
p6848,e708
p1149,e283
p9715,e462
p5526,e904
p3962,e30
p6911,e145
p905,e826
p5723,e657
p1700,e923
p7762,e730
p1882,e144
p8022,e119
p381,e838
p9401,e504
p456,e336
p6938,e908
p4283,e531
p5286,e51
p9361,e524
p8767,e994
p330,e55
p9156,e134
p903,e297
p8700,e770
p9453,e909
p2900,e644
p7336,e954
p460,e996
p511,e380
p4717,e28
p8160,e803
p1108,e459
p1197,e775
p995,e360
p7673,e9
p7610,e962
p9412,e503
p1026,e867
p5357,e543
p1495,e763
p8786,e652
p4020,e347
p8771,e239
p7268,e645
p4833,e239
p6773,e921
p8549,e494
p1757,e25
p3153,e778
p6805,e120
p9924,e414
p8740,e461
p9093,e640
p7493,e717
p8878,e680
p2996,e789
p3716,e491
p9898,e227
p9052,e783
p8458,e420
p5173,e820
p1618,e168
p7932,e885
p6199,e62
p7447,e120
p4993,e211
p1054,e938
p5888,e922
p3885,e205
p8892,e778
p9787,e200
p6860,e796
p931,e283
p7401,e243
p2827,e749
p9415,e579
p3154,e817
p4210,e684
p1071,e261
p308,e582
p8414,e302
p6742,e695
p1394,e478
p8134,e558
p8888,e716
p3684,e822
p8064,e785
p3376,e402
p1857,e0
p6495,e363
p2314,e77
p3241,e718
p6053,e257
p8124,e110
p8722,e60
p2692,e122
p2882,e434
p7417,e768
p3601,e505
p3197,e991
p158,e209
p1839,e620
p9980,e527
p8914,e649
p4552,e666
p9970,e176
p3585,e654
p2833,e133
p1090,e138
p6043,e234
p2355,e929
p2396,e760
p3565,e122
p766,e639
p7104,e789
p1821,e518
p3005,e594
p3278,e881
p9659,e245
p2311,e908
p7910,e352
p6416,e586
p7783,e466
p9288,e536
p4175,e34
p904,e111
p3199,e859
p9372,e961
p8576,e675
p4024,e385
p8600,e98
p4485,e659
p3660,e987
p3863,e123
p4066,e580
p117,e964
p1632,e266
p7281,e143
p7279,e2
p7030,e493
p4617,e392
p8631,e281
p1642,e866
p1396,e533
p2190,e626
p6400,e302
p8153,e320
p6370,e307
p5634,e542
p407,e423
p8231,e190
p2533,e449
p7649,e368
p9542,e3
p3369,e193
p4571,e678
p4620,e429
p9344,e117
p2084,e741
p1195,e705
p8879,e861
p5695,e417
p2844,e678
p6401,e784
p794,e514
p2556,e713
p9094,e936
p7856,e559
p8202,e898
p1724,e436
p7036,e521
p3857,e975
p7882,e715
p4713,e206
p3753,e401
p6878,e62
p3590,e198
p354,e502
p3474,e673
p8940,e970
p9304,e692
p634,e18
p7759,e196
p9298,e12
p4735,e293
p5922,e388
p9802,e143
p9668,e590
p9616,e848
p2944,e348
p1410,e836
p4171,e935
p8770,e735
p7512,e258
p376,e64
p5506,e492
p9370,e701
p3425,e346
p2655,e743
p6496,e715
p8317,e931
p565,e49
p5857,e994
p6397,e143
p7875,e738
p1131,e7
p468,e401
p3237,e948
p1431,e461
p9579,e526
p4041,e444
p7597,e295
p9925,e979
p7601,e751
p8982,e252
p3240,e363
p2289,e838
p7161,e903
p6582,e896
p3780,e163
p5236,e577
p1195,e447
p1106,e21
p9907,e181
p3216,e188
p8043,e969
p6185,e942
p4476,e40
p5868,e452
p2886,e573
p7717,e576
p4289,e121
p3473,e116
p6359,e850
p7825,e136
p7044,e531
p1492,e719
p5887,e993
p3227,e650
p525,e907
p2981,e481
p5774,e829
p6908,e95
p5415,e702
p9395,e116
p8992,e193
p8827,e297
p7939,e398
p8562,e88
p5171,e601
p528,e528
p686,e12
p1429,e547
p7586,e978
p9866,e230
p5790,e499
p5406,e792
p1390,e273
p3319,e469
p2916,e542
p9328,e602
p2019,e596
p5179,e970
p4178,e185
p7412,e97
p4947,e574
p173,e691
p1739,e13
p2460,e580
p9339,e977
p3928,e657
p9159,e958
p4217,e683
p1386,e424
p380,e681
p2298,e414
p5798,e850
p2535,e326
p9911,e939
p1258,e196
p1709,e964
p8090,e915
p830,e771
p4720,e495
p9292,e817
p3132,e996
p2251,e203
p2161,e14
p2326,e393
p9608,e995
p9259,e866
p3123,e24
p4371,e247
p8294,e0
p3768,e315
p7290,e915
p7822,e692
p2845,e989
p3935,e224
p3855,e337
p4242,e547
p3697,e963
p8586,e556
p6176,e597
p7258,e407
p1999,e461
p3243,e797
p2947,e516
p2732,e925
p6990,e830
p7120,e837
p4327,e194
p688,e684
p2077,e331
p5749,e191
p7439,e674
p8873,e612
p6734,e318
p1704,e765
p1555,e261
p7037,e490
p5865,e408
p5352,e691
p3992,e530
p4691,e846
p7982,e185
p6128,e66
p8189,e23
p2986,e92
p8231,e424
p3149,e272
p9720,e417
p4252,e680
p9214,e293
p2100,e256
p634,e1
p1931,e389
p9500,e954
p1585,e195
p3934,e511
p2861,e41
p3786,e275
p3359,e103
p5558,e951
p6921,e756
p9908,e279
p7839,e98
p8282,e806
p8500,e824
p5447,e123
p4380,e30
p6881,e305
p9777,e284
p221,e380
p2843,e787
p4403,e507
p4051,e623
p8877,e835
p8767,e222
p2584,e898
p4556,e227
p5928,e757
p957,e547
p3622,e570
p7080,e529
p2641,e514
p4066,e930
p1674,e786
p4329,e998
p6896,e442
p3467,e440
p5398,e750
p308,e697
p4782,e894
p6284,e325
p9774,e485
p6927,e728
p7353,e568
p7949,e861
p7383,e734
p1682,e811
p3238,e341
p2910,e17
p7347,e776
p5559,e868
p6203,e471
p7455,e134
p7507,e821
p6151,e322
p664,e823
p4889,e750
p6826,e653
p8605,e566
p4057,e354
p8668,e827
p9026,e84
p9458,e744
p3420,e329
p5197,e809
p1350,e389
p5920,e88
p8879,e971
p4703,e135
p813,e337
p4035,e732
p286,e637
p6168,e213
p8445,e773
p5671,e412
p6578,e122
p2474,e265
p9807,e859
p4250,e92
p677,e106
p8782,e202
p4933,e84
p780,e803
p9553,e686
p9618,e551
p2728,e94
p5387,e663
p881,e836
p5069,e807
p914,e365
p5136,e274
p5576,e415
p900,e669
p4115,e274
p9619,e599
p8476,e309
p5893,e890
p3259,e654
p4528,e70
p7052,e43
p2992,e922
p770,e187
p7381,e628
p4649,e766
p6891,e889
p8283,e332
p8961,e741
p7831,e986
p1530,e91
p4349,e262
p2410,e39
p9036,e885
p9939,e932
p3210,e302
p8576,e602
p5642,e164
p6772,e338
p2958,e744
p7670,e852
p6858,e576
p9432,e879
p7385,e717
p2262,e501
p7549,e567
p9044,e348
p9483,e617
p4061,e88
p3939,e749
p102,e736
p1455,e877
p7844,e335
p8942,e382
p8835,e767
p5277,e768
p3331,e600
p7661,e616
p3000,e547
p3507,e333
p1868,e488
p7711,e793
p6222,e569
p2203,e410
p3331,e547
p1937,e229
p2353,e614
p6229,e757
p541,e815
p9480,e611
p1696,e501
p6270,e7
p9377,e227
p9995,e899
p4520,e974
p9703,e408
p4842,e216
p9451,e556
p8148,e351
p2548,e134
p5407,e380
p3610,e429
p326,e318
p8799,e343
p6185,e208
p5867,e727
p3702,e820
p3158,e77
p3646,e211
p2926,e370
p2554,e502
p7620,e219
p2610,e686
p1520,e552
p4384,e458
p5450,e420
p1398,e731
p5899,e766
p9432,e355
p1022,e514
p6861,e559
p8473,e910
p5670,e148
p4247,e978
p9942,e117
p2076,e717
p4769,e443
p5877,e216
p4615,e406
p9868,e513
p9661,e553
p9120,e234
p9733,e50
p5896,e499
p7801,e131
p8674,e658
p4638,e131
p4565,e290
p4086,e214
p195,e47
p4387,e357
p718,e640
p2097,e799
p2770,e308
p5091,e214
p7915,e480
p5032,e864
p7330,e866
p5099,e517
p138,e290
p7505,e242
p8440,e59
p9178,e437
p5051,e727
p5178,e489
p6039,e167
p6453,e683
p3947,e994
p4588,e204
p9548,e886
p3184,e678
p730,e387
p6607,e954
p3690,e289
p8512,e509
p9549,e912
p2636,e680
p9100,e444
p8352,e278
p269,e380
p7273,e897
p3285,e110
p6053,e363
p3013,e642
p8422,e892
p4493,e942
p7560,e745
p2489,e349
p3174,e802
p1890,e686
p2169,e953
p3566,e940
p7499,e711
p8192,e832
p850,e940
p6454,e645
p3689,e519
p2035,e867
p3213,e68
p4083,e178
p3244,e149
p7410,e981
p882,e246
p994,e168
p2470,e574
p9056,e480
p4172,e954
p8865,e434
p5569,e648
p1859,e412
p3202,e493
p2853,e241
p3586,e998
p791,e378
p2087,e121
p6931,e9
p4677,e560
p3087,e843
p2911,e149
p6923,e863
p3643,e142
p2307,e666
p7563,e613
p6442,e665
p5215,e627
p7653,e222
p354,e244
p2911,e838
p5975,e432
p7295,e556
p504,e479
p1307,e810
p6706,e242
p1441,e295
p5545,e902
p156,e208
p3810,e97
p5181,e323
p3055,e785
p1913,e883
p3049,e671
p9456,e804
p5408,e512
p3721,e883
p1677,e938
p1190,e122
p5683,e697
p845,e708
p4266,e770
p9491,e72
p5796,e619
p9033,e259
p4836,e121
p1203,e757
p4043,e956
p4192,e529
p5106,e55
p4754,e138
p4767,e628
p269,e209
p6749,e507
p6861,e757
p8680,e417
p6359,e809
p3236,e960
p7060,e898
p3426,e125
p6691,e214
p6024,e505
p2273,e584
p8611,e921
p7058,e635
p1987,e142
p8084,e13
p9592,e684
p6499,e533
p4375,e77
p2597,e210
p6809,e101
p24,e916
p9252,e490
p4921,e964
p5236,e52
p7353,e72
p3021,e466
p4401,e357
p1457,e496
p3101,e97
p5721,e670
p475,e783
p1297,e512
p4670,e765
p4426,e996
p4102,e771
p1324,e241
p7821,e143
p8641,e548
p4265,e403
p7165,e355
p5233,e324
p1517,e625
p9015,e530
p4808,e735
p488,e263
p3180,e516
p9250,e257
p2630,e319
p8424,e935
p9868,e43
p4417,e862
p6180,e346
p1937,e435
p7966,e985
p8434,e852
p1343,e458
p3224,e141
p82,e398
p7161,e360
p3869,e490
p3759,e961
p3250,e296
p6588,e506
p8903,e597
p2050,e303
p1388,e130
p2820,e524
p3583,e157
p8216,e212
p2998,e742
p277,e177
p3730,e770
p43,e984
p3558,e264
p54,e318
p7263,e52
p4125,e979
p1376,e948
p4542,e542
p6169,e119
p8221,e703
p8014,e227
p2574,e490
p4473,e906
p2722,e31
p8030,e458
p3289,e282
p2002,e848
p5494,e651
p249,e173
p186,e107
p8697,e382
p9867,e439
p9151,e3
p9631,e342
p339,e774
p4587,e976
p9875,e255
p231,e16
p1457,e88
p3303,e516
p906,e732
p2841,e515
p3505,e323
p2606,e163
p592,e766
p4817,e919
p5042,e259
p8180,e412
p8497,e521
p7954,e656
p2130,e974
p2085,e640
p3312,e640
p3254,e57
p9664,e167
p4155,e722
p8212,e607
p2965,e100
p6451,e689
p6641,e708
p741,e516
p8578,e133
p5786,e398
p8610,e8
p5709,e800
p182,e508
p7750,e336
p3891,e111
p7958,e533
p4092,e740
p1340,e91
p5328,e154
p9553,e319
p8076,e71
p5347,e402
p8122,e76
p7574,e193
p4449,e47
p8868,e699
p2802,e802
p9523,e156
p1096,e86
p1002,e357
p5493,e131
p6782,e486
p1393,e441
p1869,e786
p2168,e358
p8616,e688
p2465,e729
p5802,e919
p4151,e699
p6882,e37
p6673,e385
p729,e103
p725,e729
p2753,e724
p773,e341
p1005,e367
p9858,e334
p9507,e354
p3835,e119
p1860,e250
p2021,e180
p3612,e348
p1674,e28
p4998,e172
p7773,e127
p170,e7
p5023,e231
p5721,e190
p7402,e861
p5026,e47
p2456,e821
p4722,e328
p8177,e937
p6539,e218
p5205,e546
p3741,e545
p5511,e656
p4404,e791
p6595,e343
p985,e794
p1303,e814
p1646,e860
p8772,e359
p8989,e112
p8867,e212
p8095,e234
p7382,e272
p3720,e65
p5512,e763
p2946,e343
p5126,e499
p7010,e937
p8571,e812
p693,e172
p7244,e583
p8167,e572
p5201,e882
p7170,e432
p2321,e530
p8696,e842
p1166,e469
p9499,e668
p4382,e184
p9485,e889
p9467,e941
p2411,e216
p2186,e826
p8537,e49
p7079,e706
p7592,e961
p9627,e373
p3576,e329
p6915,e569
p4296,e239
p8451,e868
p1067,e730
p3559,e638
p3581,e213
p1265,e716
p1888,e827
p9686,e257
p3301,e508
p3810,e119
p1199,e597
p6193,e252
p1826,e438
p2780,e714
p7948,e176
p6876,e517
p7716,e418
p4814,e946
p2376,e991
p2995,e87
p6968,e600
p8320,e89
p6134,e966
p4064,e473
p7625,e343
p2092,e143
p3845,e2
p1008,e976
p5400,e257
p3660,e341
p8147,e913
p5295,e706
p4709,e872
p4870,e163
p5900,e423
p9360,e278
p481,e55
p3909,e800
p9085,e211
p538,e318
p4070,e113
p7115,e275
p6191,e154
p2979,e874
p5207,e838
p2459,e140
p8905,e534
p8502,e716
p1605,e467
p3442,e571
p6672,e502
p527,e934
p554,e9
p2785,e38
p1759,e318
p8337,e715
p7651,e430
p2542,e729
p8501,e495
p8521,e841
p6297,e477
p5209,e232
p6943,e187
p7979,e378
p8282,e457
p818,e29
p8485,e999
p969,e408
p3797,e724
p4266,e321
p1185,e361
p8654,e750
p336,e345
p986,e505
p111,e611
p7285,e61
p6689,e593
p5978,e850
p1663,e829
p1287,e232
p1565,e739
p1048,e59
p6124,e126
p2295,e337
p2300,e91
p1018,e610
p1206,e724
p6706,e551
p5487,e457
p5507,e824
p4712,e232
p5283,e453
p4308,e449
p421,e569
p6423,e138
p7850,e429
p5878,e852
p3991,e33
p7366,e592
p6197,e263
p8725,e569
p3819,e658
p1773,e838
p9289,e121
p2161,e671
p7539,e20
p2938,e695
p9182,e17
p6988,e99
p1148,e524
p3773,e460
p2825,e357
p8172,e661
p7008,e185
p6364,e538
p8037,e509
p5812,e878
p146,e882
p4789,e461
p2615,e750
p8893,e12
p6845,e584
p6219,e803
p3554,e787
p1934,e831
p6159,e660
p8820,e892
p8967,e305
p7687,e436
p498,e67
p6605,e91
p9935,e299
p5164,e791
p1261,e23
p3591,e661
p94,e609
p6902,e918
p9433,e288
p1289,e848
p8102,e3
p8942,e220
p6759,e453
p8685,e601
p5044,e715
p7043,e858
p8423,e996
p7958,e710
p1732,e643
p6136,e756
p8206,e532
p5999,e113
p1625,e285
p1899,e521
p3929,e557
p368,e525
p2792,e806
p7977,e727
p9322,e295
p6205,e41
p7470,e26
p103,e9
p6969,e170
p4790,e864
p8279,e716
p7155,e117
p9341,e776
p9543,e124
p2739,e612
p570,e458
p5160,e608
p6334,e675
p7330,e408
p9574,e871
p6237,e522
p1490,e998
p5827,e163
p9175,e599
p771,e889
p1536,e18
p2102,e232
p7670,e907
p1565,e328
p4942,e75
p1213,e715
p7276,e986
p9703,e182
p4368,e179
p5790,e793
p2953,e362
p5274,e696
p8971,e0
p9541,e342
p7145,e246
p4102,e811
p3332,e837
p8478,e191
p7117,e598
p6616,e935
p970,e132
p6716,e199
p1566,e554
p7612,e104
p3837,e627
p7113,e78
p1633,e812
p5420,e531
p9918,e989
p6634,e749
p2760,e770
p9193,e86
p1034,e606
p1410,e170
p4195,e819
p4604,e822
p4669,e736
p5016,e667
p3424,e663
p4185,e160
p8163,e360
p6797,e699
p8219,e799
p9475,e354
p7722,e199
p779,e647
p6575,e461
p7262,e590
p7632,e161
p9429,e319
p7462,e249
p8618,e948
p9743,e178
p2013,e699
p32,e894
p5024,e693
p1436,e254
p5431,e711
p4127,e934
p6198,e322
p5487,e150
p3131,e524
p3008,e816
p8843,e400
p9199,e347
p3354,e238
p5132,e288
p6646,e797
p7808,e825
p5196,e918
p7821,e275
p1509,e108
p2273,e456
p5208,e774
p6186,e310
p6452,e944
p1071,e408
p9836,e638
p7181,e571
p5797,e12
p5501,e78
p7869,e39
p4017,e98
p8477,e213
p605,e796
p4150,e192
p7307,e200
p1476,e741
p6105,e325
p7708,e720
p9959,e919
p1903,e707
p8940,e398
p7829,e811
p883,e224
p3609,e813
p1574,e137
p9714,e491
p8449,e165
p6349,e797
p1008,e366
p1036,e414
p8042,e674
p6704,e782
p9375,e969
p6974,e478
p4899,e71
p7342,e447
p4517,e336
p7238,e24
p7117,e728
p7600,e509
p8367,e178
p4227,e966
p5583,e260
p3593,e155
p3094,e924
p4945,e217
p4675,e236
p380,e978
p9172,e572
p3439,e943
p8161,e650
p9794,e322
p1561,e945
p3287,e948
p7618,e563
p6317,e518
p1705,e511
p8639,e431
p1632,e316
p9049,e492
p1936,e910
p8969,e324
p5844,e174
p9049,e897
p8039,e442
p3017,e915
p2866,e426
p9716,e560
p122,e120
p6911,e671
p4133,e468
p3753,e889
p7900,e938
p1432,e430
p864,e449
p7619,e120
p3666,e831
p4366,e488
p7103,e66
p5065,e261
p7718,e480
p7927,e831
p9568,e451
p477,e938
p6348,e597
p6110,e166
p6513,e98
p5782,e236
p7047,e481
p240,e556
p9077,e877
p3986,e235
p3433,e874
p3934,e187
p8449,e235
p9748,e301
p228,e629
p8099,e543
p9143,e465
p6949,e56
p8759,e316
p4287,e152
p2756,e829
p5666,e952
p4375,e259
p1855,e199
p5207,e603
p5226,e971
p751,e654
p1756,e817
p677,e390
p8388,e459
p5031,e533
p5371,e952
p5235,e1
p4793,e328
p7192,e339
p417,e695
p3416,e335
p5111,e687
p2619,e455
p1794,e363
p6683,e977
p9137,e236
p4432,e335
p7662,e847
p8295,e639
p1641,e184
p4107,e880
p7962,e180
p7485,e903
p7992,e757
p1290,e435
p8931,e550
p9132,e749
p8913,e647
p7783,e606
p1163,e866
p675,e886
p6387,e785
p348,e338
p7139,e9
p8088,e723
p8557,e382
p1563,e593
p1213,e278
p5654,e537
p4427,e338
p3320,e953
p1065,e413
p709,e779
p484,e634
p6110,e189
p9906,e339
p9506,e984
p3918,e578
p1885,e498
p7283,e581
p3441,e282
p4359,e688
p4005,e291
p3948,e275
p2507,e224
p2592,e398
p6519,e935
p1389,e411
p6730,e928
p896,e533
p6112,e733
p17,e146
p820,e966
p7346,e907
p1143,e971
p5365,e18
p9176,e737
p1450,e129
p3522,e36
p2614,e611
p7136,e82
p407,e786
p9370,e278
p7152,e839
p5210,e778
p8440,e877
p1048,e950
p9976,e979
p903,e521
p6311,e301
p8695,e870
p9081,e391
p60,e533
p8944,e720
p8479,e138
p228,e899
p1323,e850
p4585,e508
p9989,e518
p5264,e453
p9592,e337
p927,e523
p1005,e394
p1991,e118
p1886,e388
p7125,e513
p2688,e913
p96,e52
p7815,e542
p3926,e641
p8739,e33
p2448,e931
p724,e468
p4273,e219
p1166,e939
p1199,e599
p1186,e27
p6636,e501
p7305,e977
p6535,e427
p7718,e227
p362,e259
p2230,e123
p501,e629
p8097,e405
p403,e113
p3915,e148
p6461,e550
p2422,e165
p5283,e752
p7728,e752
p4650,e345
p7196,e196
p1974,e327
p8332,e514
p8063,e809
p4216,e357
p1191,e801
p3453,e9
p1563,e681
p5871,e419
p519,e470
p7447,e248
p1724,e553
p7675,e475
p1402,e270
p8358,e84
p7241,e343
p5082,e713
p8017,e216
p5715,e126
p2197,e639
p5903,e96
p2559,e957
p7714,e578
p6191,e839
p8365,e575
p1781,e371
p3396,e733
p4275,e708
p3469,e786
p4820,e592
p3761,e447
p5175,e379
p7989,e163
p2251,e811
p255,e78
p4640,e842
p240,e760
p5307,e191
p8195,e7
p175,e654
p1417,e398
p5338,e426
p3101,e188
p6152,e334
p512,e448
p6136,e923
p2456,e531
p1728,e335
p2287,e762
p9113,e196
p8972,e248
p4396,e333
p9555,e697
p9747,e753
p353,e775
p2013,e688
p9194,e406
p1888,e238
p4657,e865
p1645,e219
p4904,e376
p839,e730
p2819,e661
p394,e193
p9095,e997
p5238,e451
p2121,e332
p2391,e966
p4009,e25
p4762,e187
p7758,e605
p2218,e83
p1289,e737
p9261,e108
p1459,e374
p4065,e160
p2101,e25
p5995,e544
p1112,e674
p4501,e623
p3925,e773
p4598,e892
p5268,e912
p9513,e434
p5306,e725
p627,e625
p757,e198
p7501,e52
p4061,e156
p9245,e645
p3964,e457
p1616,e432
p1312,e502
p1661,e189
p7610,e755
p3292,e41
p596,e555
p9751,e647
p3823,e339
p4146,e135
p3412,e306
p9440,e534
p7901,e717
p5470,e76
p8621,e253
p885,e659
p9343,e441
p9872,e836
p6241,e407
p5265,e98
p6314,e153
p8518,e839
p4859,e949
p6539,e45
p4971,e316
p4927,e204
p1954,e67
p7543,e65
p547,e12
p231,e494
p6412,e445
p8347,e264
p1490,e498
p914,e855
p3136,e253
p1661,e435
p542,e165
p5262,e727
p9867,e852
p2163,e530
p2953,e219
p4805,e80
p3363,e59
p7229,e913
p500,e89
p2645,e97
p7006,e375
p7424,e664
p6129,e135
p7986,e469
p6239,e930
p7164,e19
p891,e686
p8632,e14
p4670,e274
p9807,e216
p5125,e753
p1333,e594
p9583,e398
p700,e369
p9886,e223
p1665,e163
p9126,e467
p4564,e757
p3491,e144
p5228,e52
p7125,e80
p6333,e10
p3062,e376
p3067,e656
p2071,e448
p7789,e152
p1906,e184
p3342,e318
p1222,e863
p4963,e939
p2652,e107
p7269,e326
p610,e488
p3815,e863
p8136,e959
p5442,e25
p172,e589
p9874,e980
p3404,e358
p1790,e992
p9066,e679
p221,e256
p8414,e119
p2285,e133
p911,e86
p9560,e67
p5553,e925
p344,e599
p5891,e948
p7253,e780
p9532,e92
p5919,e862
p877,e441
p715,e518
p8933,e866
p1182,e86
p8949,e95
p7011,e567
p6988,e914
p7764,e683
p2860,e745
p9057,e610
p8475,e718
p705,e294
p39,e654
p1423,e563
p4780,e193
p1973,e300
p7716,e497
p293,e302
p9361,e947
p1658,e485
p6628,e957
p2228,e707
p3560,e848
p3682,e180
p676,e846
p1185,e321
p8312,e943
p9796,e360
p6820,e721
p6430,e590
p7651,e564
p9209,e852
p5934,e987
p6669,e631
p3742,e277
p8731,e533
p4859,e308
p1887,e230
p7453,e399
p694,e328
p7201,e321
p2307,e618
p8674,e937
p7779,e9
p7131,e64
p6842,e135
p4922,e394
p22,e928
p3777,e812
p7574,e32
p8229,e309
p3761,e485
p4447,e335
p8522,e173
p7545,e608
p3214,e97
p6734,e190
p9964,e124
p2574,e930
p5903,e672
p1980,e898
p3384,e535
p4307,e609
p3335,e438
p3590,e234
p824,e869
p665,e546
p6164,e426
p318,e476
p9602,e438
p5542,e414
p4441,e885
p3141,e946
p4601,e683
p7121,e734
p9306,e70
p6051,e316
p313,e736
p1862,e811
p2124,e947
p77,e866
p4926,e609
p7332,e251
p2355,e718
p4317,e788
p5685,e853
p8304,e763
p3979,e821
p2171,e964
p1113,e928
p5444,e338
p4601,e175
p6525,e625
p8852,e589
p5939,e258
p9064,e613
p2634,e638
p2512,e804
p4085,e109
p1509,e603
p6849,e852
p2575,e906
p756,e569
p2032,e434
p6513,e31
p7513,e829
p3257,e332
p3018,e959
p9544,e114
p1708,e361
p2339,e876
p833,e518
p8133,e251
p7536,e119
p4902,e415
p5244,e488
p7801,e316
p3092,e845
p8630,e667
p2655,e603
p8263,e892
p4363,e366
p8614,e414
p7105,e504
p2895,e272
p3300,e27
p8879,e680
p1193,e468
p332,e791
p3282,e860
p6868,e715
p6611,e983
p3541,e693
p3652,e306
p6842,e971
p1694,e483
p6548,e246
p3201,e828
p3162,e767
p3397,e205
p3835,e241
p69,e668
p4521,e223
p6108,e491
p4736,e997
p911,e501
p7527,e362
p5655,e106
p7205,e767
p1327,e977
p5102,e585
p2348,e178
p8856,e273
p1058,e554
p7067,e788
p1653,e118
p5271,e56
p5574,e643
p9749,e611
p6187,e429
p2702,e842
p5135,e56
p7414,e422
p9505,e116
p2743,e132
p4395,e348
p7158,e864
p2401,e886
p1213,e846
p1816,e115
p3754,e400
p4856,e230
p2210,e656
p5540,e407
p3385,e532
p7518,e49
p3479,e696
p9436,e718
p5270,e19
p8218,e108
p2604,e233
p1955,e920
p9363,e666
p2718,e288
p1826,e358
p6845,e26
p7075,e713
p534,e142
p8266,e440
p7415,e535
p1238,e571
p3372,e952
p5641,e491
p7593,e650
p8808,e299
p5466,e470
p5643,e603
p1497,e506
p4698,e419
p595,e380
p1670,e570
p505,e793
p1724,e67
p3087,e96
p7222,e458
p9325,e517
p4625,e731
p8060,e481
p6652,e503
p8107,e254
p1360,e619
p7823,e394
p3850,e655
p3766,e147
p4030,e815
p8665,e284
p3180,e173
p7801,e319
p5281,e495
p694,e531
p1045,e317
p518,e134
p6622,e135
p6034,e532
p8510,e551
p6909,e120
p5956,e375
p4979,e249
p3429,e276
p4480,e906
p2263,e88
p4867,e530
p8209,e615
p4880,e830
p4175,e996
p5959,e569
p3623,e667
p9120,e525
p5735,e959
p6063,e661
p9512,e897
p7032,e550
p557,e467
p9219,e178
p2929,e124
p7294,e743
p5469,e907
p8904,e528
p3262,e383
p1927,e697
p4249,e144
p936,e349
p6372,e504
p8751,e427
p240,e14
p8459,e895
p2279,e975
p8562,e918
p6355,e616
p9409,e29
p7112,e878
p2262,e79
p6006,e749
p41,e89
p5460,e500
p2725,e121
p6632,e838
p3959,e210
p9715,e559
p9985,e573
p69,e915
p3144,e516
p1317,e84
p4033,e839
p9532,e362
p1406,e559
p8236,e9
p6689,e982
p6679,e792
p9342,e77
p957,e653
p2557,e541
p553,e655
p5417,e78
p2975,e129
p5994,e988
p661,e454
p1858,e530
p2341,e523
p8188,e197
p9080,e655
p8683,e645
p6481,e270
p4653,e254
p270,e73
p7159,e504
p2434,e468
p6106,e155
p3474,e129
p7618,e43
p5803,e706
p351,e536
p6208,e694
p1034,e994
p1446,e490
p7087,e170
p9079,e817
p970,e178
p6991,e465
p9235,e628
p9238,e791
p8357,e991
p7405,e202
p4704,e289
p6638,e729
p1210,e471
p8474,e636
p1032,e740
p7406,e59
p2575,e205
p3104,e441
p3549,e736
p8927,e344
p6720,e333
p4968,e671
p5138,e692
p3191,e678
p6911,e478
p4601,e185
p1159,e96
p1858,e523
p310,e26
p333,e179
p9256,e486
p8123,e30
p3810,e984
p7390,e984
p8200,e766
p7851,e229
p131,e645
p9848,e294
p8367,e182
p1273,e702
p8807,e453
p8260,e207
p3131,e408
p4060,e246
p3159,e291
p9413,e79
p2615,e419
p1023,e876
p9940,e362
p3217,e670
p742,e322
p9754,e304
p4969,e695
p5178,e581
p5033,e310
p11,e92
p1339,e246
p1193,e590
p6744,e576
p3550,e310
p5910,e719
p1510,e352
p3821,e116
p7823,e250
p7151,e934
p3985,e744
p4520,e542
p6731,e853
p9036,e149
p4797,e216
p6052,e478
p3858,e557
p4733,e855
p5612,e958
p5747,e906
p7109,e306
p663,e144
p1360,e227
p9542,e752
p8541,e467
p1076,e749
p9677,e233
p4062,e60
p2985,e259
p7604,e426
p1398,e283
p4054,e968
p9528,e78
p3358,e953
p8176,e58
p4038,e88
p9600,e79
p8694,e923
p5727,e870
p9744,e162
p8298,e702
p8919,e438
p9713,e556
p719,e53
p719,e491
p2217,e66
p2641,e708
p2629,e365
p481,e380
p9252,e549
p8881,e280
p4383,e302
p261,e392
p6868,e825
p3277,e688
p8591,e847
p3089,e622
p7060,e69
p6876,e46
p518,e480
p2125,e573
p2432,e735
p9177,e378
p3231,e182
p2717,e755
p7253,e381
p1315,e614
p7235,e59
p9048,e208
p2116,e52
p3454,e436
p849,e857
p6608,e86
p667,e400
p6840,e105
p6116,e44
p5525,e636
p7994,e780
p1320,e711
p3758,e959
p1030,e900
p3026,e946
p8122,e749
p9991,e442
p8549,e435
p4185,e486
p6321,e449
p596,e581
p1713,e743
p4780,e753
p8544,e290
p5323,e255
p8243,e506
p9484,e460
p1495,e839
p7826,e771
p4852,e634
p2241,e709
p3616,e34
p3489,e261
p7438,e529
p930,e157
p6918,e76
p8778,e598
p7852,e803
p4339,e119
p6169,e855
p2139,e984
p5638,e70
p7802,e666
p7358,e605
p2446,e13
p2382,e590
p9372,e33
p1132,e433
p8528,e522
p3066,e396
p537,e643
p2998,e31
p5923,e441
p8922,e984
p8390,e752
p5342,e416
p5082,e204
p6300,e278
p7734,e182
p3542,e366
p2651,e416
p7152,e795
p1178,e860
p2247,e81
p1669,e651
p7033,e106
p9363,e519
p5123,e523
p2445,e208
p1828,e430
p3610,e43
p3679,e619
p2889,e889
p3743,e328
p6029,e647
p614,e638
p8038,e953
p6705,e909
p819,e955
p9930,e357
p2118,e518
p2373,e559
p9564,e725
p7271,e257
p6377,e880
p7710,e555
p7031,e523
p6174,e316
p5855,e21
p203,e3
p8246,e159
p292,e872
p6315,e117
p4288,e138
p4052,e194
p9437,e251
p5631,e505
p5074,e665
p8456,e719
p5929,e992
p2490,e943
p2058,e6
p5545,e83
p1505,e397
p557,e120
p9245,e566
p3276,e535
p3579,e616
p4155,e634
p6219,e345
p9057,e110
p5851,e401
p7495,e337
p918,e308
p3006,e863
p5123,e837
p2843,e781
p3762,e495
p7662,e805
p8993,e47
p3951,e735
p5447,e169
p2861,e146
p8783,e216
p2425,e909
p9921,e62
p7314,e993
p5051,e473
p4903,e170
p9588,e996
p3057,e95
p8047,e425
p2680,e101
p2005,e377
p168,e554
p5003,e643
p9627,e282
p4478,e265
p3200,e908
p4393,e664
p7433,e234
p574,e231
p1953,e99
p8567,e328
p8728,e393
p4964,e928
p5078,e159
p3644,e960
p5196,e609
p6990,e774
p1276,e82
p339,e893
p129,e820
p6246,e283
p5849,e186
p9708,e70
p4549,e189
p2127,e373
p1566,e547
p2734,e97
p152,e283
p6211,e564
p6160,e327
p4286,e493
p7245,e904
p948,e571
p8964,e718
p4016,e909
p8384,e741
p456,e222
p4254,e298
p4790,e822
p151,e875
p7803,e711
p1359,e215
p4923,e144
p5579,e58
p6571,e74
p4106,e492
p3240,e879
p1806,e456
p2383,e523
p4964,e908
p5894,e447
p2270,e432
p9428,e338
p7876,e399
p6856,e873
p3278,e502
p877,e375
p5342,e607
p2995,e228
p1911,e349
p3835,e730
p8299,e138
p2030,e842
p9429,e529
p8766,e390
p8733,e171
p1356,e20
p4223,e362
p398,e910
p3601,e848
p1925,e730
p485,e113
p8228,e433
p5747,e967
p7171,e663
p937,e377
p5853,e265
p6550,e617
p6413,e199
p7893,e929
p2210,e397
p2903,e679
p5288,e303
p7979,e742
p5822,e347
p6043,e72
p9213,e870
p3066,e178
p5615,e169
p9309,e892
p938,e928
p8533,e817
p2754,e665
p3271,e457
p4961,e615
p1346,e698
p7849,e686
p4056,e403
p146,e303
p1945,e293
p7057,e443
p804,e929
p8067,e848
p264,e859
p1226,e195
p3519,e496
p6339,e295
p2976,e653
p2622,e202
p804,e889
p4605,e218
p494,e129
p3858,e109
p6480,e667
p8525,e309
p2830,e187
p4337,e493
p8128,e408
p164,e139
p4449,e123
p3246,e103
p159,e316
p6127,e883
p8365,e971
p5068,e682
p8211,e760
p3690,e80
p2943,e871
p8486,e584
p9223,e653
p6278,e549
p6985,e577
p8465,e8
p220,e399
p7973,e326
p5636,e222
p1355,e635
p4854,e855
p6639,e167
p6242,e590
p8279,e991
p1022,e632
p5007,e247
p9308,e645
p8179,e181
p9527,e986
p1277,e6
p4815,e133
p7111,e999
p5332,e104
p3922,e681
p8535,e698
p4007,e515
p8616,e537
p3224,e767
p7487,e191
p501,e801
p2567,e517
p8017,e233
p512,e829
p3497,e406
p9976,e808
p4349,e641
p3505,e208
p615,e284
p2796,e874
p4775,e36
p754,e156
p1307,e966
p1846,e379
p3213,e219
p9117,e941
p5368,e6
p1589,e265
p4908,e410
p4319,e404
p1511,e366
p3425,e539
p5651,e154
p1432,e917
p4513,e806
p3470,e209
p9299,e433
p5366,e902
p7730,e186
p1552,e230
p1006,e331
p4145,e89
p9088,e777
p2075,e53
p1744,e60
p2495,e66
p5602,e832
p9139,e825
p8723,e805
p3696,e823
p6299,e71
p4787,e653
p7752,e92
p4861,e275
p1110,e607
p5383,e790
p992,e813
p2055,e620
p2422,e608
p2383,e849
p5615,e807
p8543,e337
p8737,e294
p8320,e962
p2695,e317
p5394,e19
p6947,e931
p757,e898
p134,e657
p3202,e23
p9837,e761
p6131,e676
p2344,e569
p2728,e386
p4217,e44
p6000,e212
p6932,e390
p7035,e130
p4419,e739
p7546,e694
p9504,e647
p901,e602
p8212,e282
p7932,e747
p693,e153
p7199,e315
p5923,e310
p1595,e177
p3000,e452
p1308,e926
p3905,e915
p6699,e783
p7319,e874
p7589,e529
p2068,e511
p8555,e99
p5662,e298
p6275,e945
p8618,e852
p5498,e993
p6635,e180
p2319,e330
p41,e736
p7740,e335
p3888,e915
p2607,e489
p420,e980
p2967,e357
p3309,e841
p1504,e928
p369,e42
p8202,e855
p6814,e180
p3922,e886
p7007,e604
p7025,e104
p9907,e952
p5889,e740
p5454,e754
p9867,e688
p390,e646
p5836,e757
p9505,e649
p6415,e224
p7967,e523
p3596,e194
p924,e297
p1843,e720
p6161,e98
p7266,e385
p7822,e649
p7204,e403
p3005,e560
p9159,e218
p3461,e722
p2497,e689
p551,e769
p23,e121
p939,e59
p8154,e300
p9279,e327
p4843,e57
p6709,e732
p1831,e388
p2715,e787
p7999,e50
p5708,e964
p2987,e94
p8219,e15
p3211,e137
p753,e601
p8893,e234
p3550,e719
p5796,e426
p2346,e539
p820,e732
p305,e469
p8345,e538
p79,e364
p5271,e744
p5380,e602
p6787,e295
p8644,e108
p1824,e422
p5212,e688
p4697,e617
p6876,e899
p1973,e780
p4728,e350
p3344,e188
p9375,e253
p7900,e785
p9863,e65
p4470,e724
p4170,e148
p8635,e437
p9287,e381
p187,e756
p472,e522
p430,e365
p9415,e665
p9961,e804
p4311,e696
p510,e612
p5727,e446
p969,e293
p3129,e573
p5523,e194
p1231,e58
p1873,e590
p1386,e909
p5472,e24
p7789,e122
p1204,e986
p2689,e795
p5230,e222
p6221,e22
p9545,e882
p9203,e991
p4441,e398
p2873,e397
p9714,e442
p1349,e258
p8650,e883
p4725,e742
p1015,e30
p4847,e636
p2652,e189
p7348,e713
p5725,e274
p3470,e109
p3656,e92
p6385,e184
p2688,e711
p7091,e4
p5458,e639
p3184,e485
p7559,e612
p5765,e888
p216,e451
p8377,e99
p6702,e716
p7838,e554
p1432,e401
p8758,e753
p948,e633
p9144,e485
p3801,e994
p8068,e387
p7460,e250
p2602,e574
p1430,e720
p1685,e108
p4513,e818
p8499,e360
p5469,e131
p1210,e874
p2580,e82
p4001,e139
p4837,e873
p8274,e851
p591,e220
p9732,e824
p8301,e70
p2248,e223
p1605,e758
p7819,e183
p4756,e918
p2083,e133
p3517,e960
p1950,e851
p6665,e414
p2673,e386
p6240,e118
p5408,e745
p9289,e931
p1021,e417
p2861,e281
p225,e234
p167,e663
p4866,e192
p7551,e531
p4824,e770
p6281,e805
p2323,e607
p1992,e140
p8972,e710
p9885,e298
p7098,e497
p8904,e192
p338,e180
p8386,e640
p2906,e833
p6810,e879
p8658,e135
p3491,e523
p1426,e174
p8896,e933
p220,e851
p4659,e295
p1692,e277
p797,e766
p6105,e41
p9286,e310
p7317,e458
p4916,e414
p32,e148
p5329,e570
p5569,e765
p5548,e841
p3248,e312
p1242,e424
p2590,e89
p8469,e715
p2535,e377
p7441,e171
p7315,e458
p2642,e662
p4729,e409
p1542,e603
p7317,e844
p6911,e372
p9897,e162
p8077,e210
p3961,e617
p5732,e306
p6461,e256
p898,e503
p9254,e759
p8718,e641
p3467,e47
p8325,e526
p3807,e104
p299,e130
p4617,e386
p3601,e735
p933,e163
p1516,e976
p995,e698
p5899,e203
p1884,e804
p263,e623
p9734,e54
p1137,e241
p8851,e442
p1505,e887
p563,e166
p8442,e951
p5004,e945
p5566,e911
p8503,e837
p1450,e20
p4242,e987
p4351,e154
p5599,e547
p8393,e698
p31,e355
p7844,e912
p4389,e711
p4335,e773
p1718,e181
p6325,e385
p7959,e465
p5117,e743
p7680,e605
p5248,e660
p4061,e31
p7048,e847
p6215,e267
p2442,e92
p3898,e263
p7247,e643
p1581,e801
p5008,e33
p4321,e675
p8685,e919
p3458,e464
p6795,e894
p1852,e891
p2577,e200
p251,e764
p4242,e871
p1448,e663
p7438,e236
p4805,e696
p7236,e15
p4025,e334
p6830,e471
p6851,e326
p2691,e458
p3684,e40
p5240,e403
p511,e454
p1656,e660
p8977,e433
p1033,e811
p3269,e600
p6462,e931
p2540,e490
p1890,e150
p4154,e388
p8100,e587
p2041,e997
p1745,e756
p5507,e369
p2136,e205
p1640,e958
p8464,e187
p5750,e119
p5364,e341
p6336,e878
p1457,e998
p4979,e931
p9970,e789
p7306,e585
p3440,e698
p2130,e118
p3737,e754
p7152,e183
p1448,e898
p7364,e188
p5057,e456
p1379,e3
p8436,e919
p730,e355
p6396,e539
p9461,e687
p7139,e648
p2688,e745
p5157,e617
p9399,e668
p4771,e987
p6002,e400
p4056,e537
p2418,e200
p2925,e777
p8482,e919
p6701,e617
p2637,e435
p577,e327
p4249,e848
p7805,e310
p2893,e583
p1831,e60
p6848,e968
p6336,e260
p3728,e153
p4311,e983
p5434,e321
p5075,e847
p8249,e514
p8251,e258
p9488,e102
p692,e645
p2748,e67
p1803,e903
p6313,e438
p5262,e135
p2510,e17
p3268,e115
p9110,e613
p3957,e113
p7917,e296
p1915,e323
p5821,e345
p2166,e231
p348,e721
p6526,e503
p5940,e984
p356,e206
p2475,e131
p7636,e116
p1802,e181
p4974,e37
p4961,e72
p8654,e849
p3735,e637
p8773,e986
p1058,e253
p5650,e522
p3039,e457
p9334,e685
p1429,e550
p3653,e678
p349,e132
p5135,e376
p4180,e570
p1893,e730
p7367,e650
p6495,e425
p4915,e102
p8231,e159
p6881,e218
p8801,e964
p2974,e874
p1027,e459
p9377,e753
p8775,e677
p5152,e63
p7543,e665
p6739,e182
p1365,e255
p6639,e846
p3266,e555
p9768,e340
p4938,e917
p7246,e813
p3194,e701
p8898,e282
p6702,e177
p2853,e916
p2316,e763
p7027,e604
p9844,e2
p5014,e883
p6996,e684
p1627,e748
p7411,e885
p339,e770
p6836,e689
p6778,e75
p5761,e314
p4887,e369
p8685,e415
p751,e446
p2794,e3
p1323,e493
p9228,e851
p1042,e755
p966,e426
p2610,e725
p9264,e540
p2158,e393
p4688,e299
p2456,e649
p7370,e571
p1943,e558
p8006,e6
p4047,e966
p1130,e712
p4719,e219
p40,e373
p1194,e151
p9575,e851
p1304,e794
p1712,e287
p8129,e193
p6014,e719
p9707,e764
p472,e696
p3538,e544
p3145,e688
p2362,e343
p4935,e680
p1299,e438
p1264,e341
p4428,e922
p8814,e585
p1470,e703
p2402,e131
p6610,e439
p5275,e830
p7409,e59
p1602,e966
p2059,e259
p1916,e989
p6036,e915
p607,e586
p915,e343
p4201,e948
p1348,e114
p4093,e446
p9815,e369
p7935,e353
p6999,e343
p9534,e741
p7769,e108
p7596,e808
p4042,e926
p5430,e589
p1309,e923
p686,e426
p2952,e881
p9515,e538
p5848,e84
p9534,e577
p4831,e261
p1176,e666
p9695,e121
p8898,e724
p4166,e534
p4130,e364
p1431,e915
p7163,e157
p119,e323
p1783,e958
p5424,e704
p9629,e234
p5160,e365
p8338,e3
p6133,e373
p1199,e751
p9613,e726
p1226,e218
p9412,e311
p2257,e967
p4486,e100
p2165,e959
p6784,e279
p6905,e951
p7752,e392
p8503,e953
p6817,e781
p1597,e813
p5041,e724
p4019,e895
p904,e781
p7036,e632
p6330,e278
p3490,e378
p6961,e66
p8309,e293
p6184,e469
p3140,e164
p9888,e358
p8539,e489
p374,e270
p530,e759
p9155,e822
p8023,e908
p1857,e867
p6854,e352
p6593,e480
p2809,e322
p7719,e234
p8950,e586
p8592,e499
p9480,e492
p7671,e812
p2820,e165
p6059,e750
p1965,e812
p9030,e984
p8200,e250
p8235,e795
p2358,e990
p2392,e926
p9812,e370
p1593,e211
p7788,e620
p73,e565
p7325,e888
p5860,e621
p4236,e284
p9348,e868
p8113,e413
p4475,e674
p233,e398
p6034,e476
p7661,e241
p4973,e793
p2767,e533
p6170,e612
p8187,e968
p3096,e195
p141,e341
p5313,e750
p4078,e905
p2817,e375
p8839,e159
p8580,e265
p4684,e526
p2747,e373
p9926,e562
p1511,e266
p8275,e444
p9474,e80
p2839,e703
p6235,e486
p1890,e906
p7627,e523
p6589,e85
p4262,e873
p299,e49
p1120,e305
p7887,e823
p3366,e839
p684,e826
p2817,e489
p783,e935
p6564,e154
p793,e211
p8911,e898
p4725,e632
p1422,e995
p2221,e246
p7871,e567
p4763,e263
p7583,e707
p8089,e39
p9760,e478
p3697,e755
p4652,e366
p3017,e353
p2751,e334
p6946,e253
p3626,e426
p9119,e437
p7221,e339
p5020,e841
p3515,e428
p4952,e738
p4271,e571
p4417,e540
p2162,e235
p2887,e64
p5100,e745
p2012,e274
p783,e364
p8553,e821
p837,e30
p1854,e398
p8494,e961
p3135,e358
p8489,e3
p7730,e937
p2591,e846
p997,e941
p4535,e725
p5194,e79
p6374,e576
p667,e787
p800,e776
p9943,e560
p6083,e675
p4801,e581
p9022,e66
p1226,e23
p6015,e147
p963,e331
p2789,e658
p9978,e588
p8501,e272
p3816,e497
p2957,e573
p3260,e509
p2163,e699
p2810,e697
p6258,e145
p289,e839
p7061,e593
p1260,e634
p2412,e952
p5493,e189
p4773,e790
p8953,e622
p7089,e908
p76,e130
p4145,e502
p8717,e629
p995,e30
p1425,e632
p7504,e628
p7059,e969
p6463,e513
p455,e864
p8393,e104
p3908,e549
p4804,e964
p1736,e277
p8329,e444
p5665,e34
p1649,e160
p4095,e128
p2023,e679
p98,e614
p1468,e457
p2357,e446
p9027,e116
p9400,e377
p5922,e290
p4435,e762
p7954,e685
p3193,e80
p1598,e247
p2284,e456
p5544,e802
p6478,e152
p5494,e56
p5308,e57
p188,e463
p9178,e917
p6744,e561
p2194,e727
p1851,e419
p4136,e938
p3287,e643
p283,e397
p8772,e930
p8751,e996
p9962,e719
p3004,e891
p8303,e871
p8543,e730
p1970,e936
p8337,e944
p5760,e783
p5667,e463
p7480,e22
p2697,e390
p5042,e144
p2531,e287
p1142,e854
p8528,e311
p8917,e453
p2458,e578
p6363,e484
p2551,e325
p1836,e677
p3634,e612
p4068,e148
p7504,e768
p6731,e153
p6814,e505
p6633,e338
p9736,e818
p1536,e268
p5526,e305
p5358,e92
p5392,e39
p3724,e113
p9956,e209
p94,e833
p2745,e301
p615,e132
p119,e543
p5867,e105
p5729,e767
p9511,e112
p3742,e229
p557,e379
p537,e905
p9876,e108
p3021,e439
p3003,e20
p2771,e171
p9217,e253
p5655,e993
p9165,e625
p170,e87
p8074,e53
p2363,e25
p2518,e523
p7694,e880
p6416,e8
p1754,e38
p6274,e832
p2494,e213
p7602,e987
p5002,e825
p9183,e449
p8737,e344
p1567,e210
p6806,e129
p3568,e809
p4169,e943
p4375,e858
p2130,e955
p9139,e156
p7183,e737
p9982,e979
p2661,e47
p6633,e742
p707,e775
p1552,e55
p5353,e145
p335,e293
p959,e970
p6532,e778
p4982,e676
p9957,e196
p7540,e123
p7099,e258
p4354,e536
p402,e92
p5279,e825
p3691,e261
p4980,e664
p203,e826
p4198,e519
p2966,e5
p8097,e393
p7042,e290
p8288,e113
p4271,e181
p9809,e964
p2527,e100
p4210,e710
p9787,e420
p512,e999
p6437,e346
p2065,e338
p325,e620
p6116,e503
p2104,e769
p161,e81
p2511,e58
p3628,e767
p2001,e934
p1273,e813
p9184,e67
p2001,e686
p2233,e189
p2276,e809
p7594,e196
p1798,e790
p1973,e725
p609,e744
p7305,e316
p66,e460
p4855,e77
p4171,e224
p6105,e882
p9640,e305
p3139,e677
p2534,e613
p4740,e595
p7454,e744
p5776,e616
p4728,e224
p5763,e170
p5821,e303
p8805,e792
p8982,e203
p2152,e440
p8900,e529
p1331,e473
p9828,e667
p4939,e468
p6666,e342
p5985,e947
p728,e464
p4857,e320
p4722,e952
p673,e503
p9431,e575
p7961,e880
p3100,e981
p436,e66
p2949,e977
p7038,e212
p6748,e444
p8405,e23
p4274,e768
p6315,e371
p4716,e810
p9762,e824
p1325,e601
p5201,e46
p9043,e252
p4565,e36
p1897,e757
p101,e682
p1847,e325
p4799,e28
p4290,e186
p1628,e645
p8454,e754
p9781,e268
p6048,e449
p221,e177
p3655,e352
p5207,e176
p6117,e516
p1426,e253
p6327,e458
p1380,e249
p9797,e231
p4739,e347
p6644,e209
p45,e236
p5490,e771
p6946,e740
p2279,e111
p8777,e24
p3876,e331
p1241,e916
p3130,e541
p1848,e437
p6872,e736
p1837,e203
p2926,e470
p8045,e11
p3020,e947
p7922,e121
p5762,e431
p9452,e345
p1240,e440
p1340,e899
p7163,e825
p5012,e589
p8149,e384
p4997,e715
p6579,e634
p2851,e570
p7737,e795
p7202,e379
p2860,e404
p411,e313
p4145,e368
p2352,e482
p2179,e892
p3164,e369
p5908,e180
p723,e860
p8507,e174
p6425,e852
p5040,e160
p1271,e987
p9669,e349
p6475,e589
p8555,e363
p3953,e767
p4636,e275
p596,e546
p3630,e790
p3618,e822
p7186,e627
p8778,e988
p3971,e578
p1404,e654
p5356,e422
p4840,e554
p2256,e855
p3082,e25
p6504,e700
p7962,e702
p6623,e70
p9833,e740
p5844,e781
p7109,e92
p9702,e615
p5512,e378
p9679,e877
p2492,e540
p4158,e285
p7154,e713
p9454,e442
p3335,e385
p1868,e743
p7423,e446
p1323,e482
p9645,e765
p984,e685
p837,e44
p226,e214
p4255,e957
p7098,e935
p8797,e260
p4214,e563
p270,e94
p7768,e850
p8695,e541
p5659,e942
p3740,e68
p9960,e240
p2611,e663
p2327,e970
p1016,e846
p8728,e705
p8298,e316
p8624,e296
p6549,e367
p2006,e135
p7579,e14
p604,e189
p7835,e161
p1273,e632
p7326,e31
p1793,e108
p5198,e877
p2610,e801
p8755,e394
p9051,e358
p5520,e904
p9380,e409
p9431,e394
p7088,e533
p9410,e300
p6074,e748
p2425,e921
p794,e71
p1686,e603
p9204,e928
p7956,e313
p224,e283
p1122,e875
p1844,e603
p9326,e623
p623,e286
p405,e393
p6109,e588
p1371,e524
p4401,e508
p4328,e717
p9072,e966
p6467,e488
p9539,e332
p5663,e139
p6276,e141
p3535,e713
p2485,e988
p5622,e291
p4799,e8
p8426,e892
p3064,e320
p9669,e626
p162,e206
p8057,e627
p6899,e930
p9098,e927
p2294,e119
p1912,e670
p9518,e554
p9456,e849
p8161,e22
p1342,e605
p7924,e74
p4666,e467
p7857,e534
p3989,e500
p2393,e462
p3601,e376
p5028,e196
p3790,e87
p7501,e704
p1062,e167
p195,e409
p6921,e731
p5768,e411
p6623,e330
p6380,e2
p5710,e319
p6765,e880
p1303,e602
p5864,e61
p3195,e273
p8512,e746
p1090,e609
p173,e79
p9158,e402
p5775,e580
p7716,e387
p3124,e214
p4962,e313
p8452,e81
p9052,e875
p8203,e302
p8336,e261
p3033,e28
p9771,e818
p122,e973
p5168,e233
p8454,e799
p7770,e502
p1623,e19
p4369,e220
p2324,e718
p8346,e876
p6777,e458
p5096,e561
p2899,e301
p8247,e720
p6509,e781
p8275,e796
p6401,e585
p497,e672
p5015,e134
p4654,e477
p1924,e399
p3270,e106
p1005,e125
p8300,e601
p1468,e63
p2959,e790
p2160,e588
p9388,e359
p5003,e891
p645,e780
p2934,e227
p8021,e905
p6292,e241
p5678,e242
p492,e905
p2475,e205
p1789,e621
p5640,e732
p7136,e604
p8046,e678
p6690,e7
p5799,e416
p5122,e617
p9846,e117
p9361,e545
p4414,e435
p9444,e516
p4327,e811
p2664,e835
p3597,e374
p5714,e578
p9514,e555
p2329,e519
p2129,e202
p6923,e202
p9248,e327
p6329,e323
p2921,e663
p4497,e867
p1114,e536
p7231,e604
p327,e906
p94,e989
p1251,e442
p87,e490
p7818,e338
p5512,e499
p3783,e544
p2810,e758
p5368,e160
p9321,e508
p9750,e361
p3606,e164
p6124,e946
p6946,e260
p9150,e402
p6283,e250
p434,e618
p8268,e376
p376,e747
p934,e758
p8211,e788
p8351,e100
p3551,e609
p390,e545
p2592,e891
p8156,e263
p5589,e289
p2522,e567
p6457,e881
p2141,e813
p2537,e135
p3131,e80
p2973,e681
p1180,e702
p8985,e868
p9446,e244
p7652,e711
p2836,e586
p8554,e652
p7766,e848
p1780,e448
p5832,e963
p6903,e269
p4416,e685
p9231,e441
p5261,e728
p173,e442
p4370,e812
p7046,e427
p8425,e989
p9769,e727
p3252,e11
p1799,e648
p7312,e624
p1840,e561
p4291,e392
p7239,e19
p5614,e479
p4652,e5
p9162,e876
p3395,e231
p3579,e386
p9143,e404
p1793,e403
p2014,e428
p6347,e612
p9229,e231
p7735,e753
p320,e252
p7305,e274
p550,e491
p1656,e390
p4971,e796
p7840,e917
p4722,e41
p42,e784
p7640,e866
p1770,e467
p8235,e108
p121,e168
p1937,e367
p3294,e850
p8497,e6
p2826,e855
p1527,e972
p8146,e78
p5596,e98
p9216,e223
p2039,e991
p8521,e155
p5656,e215
p3767,e868
p4426,e564
p5159,e790
p7580,e75
p6311,e695
p2205,e494
p344,e297
p7573,e320
p2523,e876
p2930,e946
p3579,e178
p5030,e907
p9537,e200
p776,e272
p3970,e477
p1800,e0
p9432,e530
p9783,e773
p5971,e616
p1377,e931
p5159,e435
p577,e571
p3842,e185
p5245,e903
p8626,e779
p2969,e277
p4408,e888
p1525,e41
p5243,e179
p332,e702
p4618,e801
p7799,e64
p6558,e163
p6088,e913
p7595,e450
p8403,e650
p2847,e166
p5257,e191
p6155,e539
p6957,e787
p4767,e712
p3013,e248
p6499,e368
p7065,e908
p762,e823
p4988,e577
p8920,e387
p8792,e224
p7121,e692
p2369,e148
p3750,e663
p9868,e606
p4117,e951
p3884,e762
p849,e949
p4092,e804
p4447,e611
p8032,e538
p7296,e609
p4993,e493
p3361,e733
p3691,e795
p7424,e441
p8606,e271
p1470,e983
p7525,e711
p6160,e513
p1091,e422
p9980,e421
p5320,e110
p8345,e349
p8296,e866
p3197,e72
p5916,e868
p8511,e119
p7225,e752
p8283,e993
p7918,e237
p733,e289
p4024,e836
p7615,e178
p2968,e771
p537,e778
p1136,e135
p6439,e266
p4379,e629
p1342,e466
p6686,e238
p3873,e783
p5539,e313
p6079,e749
p4104,e123
p9550,e228
p3884,e996
p8075,e214
p9637,e683
p1743,e329
p8038,e678
p6634,e945
p7372,e684
p5020,e939
p9268,e260
p8175,e966
p6420,e741
p188,e908
p9589,e403
p3069,e92
p1525,e962
p2923,e314
p9717,e393
p378,e902
p2424,e563
p3299,e730
p4349,e220
p3222,e355
p8567,e293
p3991,e949
p4213,e856
p9305,e393
p2805,e722
p2557,e205
p8554,e671
p4217,e164
p2237,e93
p2450,e497
p8258,e763
p2813,e247
p8632,e232
p6444,e257
p5260,e233
p1912,e536
p4080,e653
p6565,e15
p4164,e318
p5531,e386
p1768,e739
p115,e717
p4764,e583
p9768,e576
p9947,e856
p5279,e858
p5183,e130
p5236,e40
p2635,e483
p4992,e945
p3978,e13
p7352,e486
p9662,e200
p4383,e412
p5973,e866
p3826,e533
p149,e208
p9169,e804
p9948,e366
p6804,e720
p3261,e700
p102,e950
p8360,e248
p8814,e210
p5481,e76
p7316,e743
p3966,e387
p2869,e496
p4336,e543
p2995,e49
p7389,e306
p6355,e452
p9236,e170
p1726,e196
p8066,e209
p2480,e868
p1776,e178
p3896,e918
p6934,e220
p9899,e155
p9349,e508
p1483,e956
p6172,e357
p4324,e254
p2323,e85
p5039,e999
p4410,e84
p6755,e659
p6476,e954
p5323,e167
p5126,e854
p5979,e643
p2672,e774
p8006,e512
p1182,e587
p2558,e972
p4361,e556
p3937,e329
p1572,e357
p3767,e162
p7715,e78
p6611,e339
p9316,e544
p7662,e756
p3705,e769
p5472,e744
p1071,e902
p3492,e18
p7148,e97
p5670,e78
p4410,e211
p2037,e716
p7516,e551
p2550,e594
p8697,e909
p5320,e424
p6729,e939
p3849,e215
p6873,e903
p4187,e624
p2365,e663
p3396,e971
p100,e312
p640,e873
p1540,e443
p102,e507
p8048,e704
p291,e958
p5606,e790
p2147,e280
p4146,e77
p9593,e930
p1099,e705
p8213,e85
p4316,e429
p5723,e224
p8899,e942
p276,e794
p5609,e657
p8407,e623
p5123,e41
p9002,e9
p9615,e93
p497,e891
p3100,e362
p5146,e962
p6733,e690
p3693,e825
p7158,e976
p4781,e921
p7387,e174
p4660,e169
p4449,e302
p8951,e325
p6069,e41
p8101,e197
p1870,e939
p5084,e804
p8825,e387
p4263,e85
p3427,e196
p3171,e22
p9001,e914
p1447,e960
p8879,e419
p9388,e167
p1818,e878
p5583,e82
p6432,e471
p3720,e430
p2238,e702
p3683,e382
p1983,e708
p214,e124
p5566,e217
p9871,e151
p9431,e189
p1817,e244
p4570,e359
p9189,e948
p7512,e223
p4453,e589
p9745,e619
p4061,e112
p920,e343
p4052,e29
p8855,e409
p8460,e629
p9635,e713
p5768,e350
p1108,e234
p4308,e513
p3257,e74
p9883,e151
p113,e433
p5288,e774
p2676,e617
p7861,e965
p8646,e45
p3200,e651
p2227,e151
p1283,e443
p6896,e582
p7289,e622
p2475,e730
p6568,e982
p219,e33
p1570,e754
p7423,e745
p5070,e782
p5312,e749
p2925,e851
p3106,e24
p8968,e948
p3110,e787
p2531,e252
p4927,e80
p8470,e383
p7526,e895
p5501,e156
p5192,e160
p6700,e353
p7203,e142
p5554,e550
p5913,e627
p8277,e310
p9270,e671
p4023,e901
p3589,e605
p2282,e415
p4777,e418
p672,e446
p2509,e220
p6114,e464
p6933,e400
p8208,e506
p5411,e874
p3233,e518
p4116,e379
p6830,e471
p1830,e773
p7813,e360
p9209,e546
p8964,e801
p1291,e516
p5157,e810
p7212,e827
p881,e905
p9344,e338
p5843,e515
p2180,e849
p2238,e861
p3179,e850
p2773,e53
p5589,e513
p7898,e507
p6376,e266
p660,e969
p7939,e895
p4099,e755
p3272,e968
p8746,e481
p745,e932
p706,e189
p6849,e653
p5264,e600
p1699,e241
p4642,e499
p4947,e887
p144,e676
p7306,e254
p398,e655
p3490,e412
p902,e314
p8264,e944
p3758,e579
p7918,e961
p3680,e676
p6381,e912
p1833,e575
p6,e291
p4426,e784
p2409,e330
p701,e275
p1272,e738
p2595,e404
p3443,e176
p8845,e780
p390,e756
p4742,e226
p3344,e837
p7851,e88
p3034,e925
p2209,e992
p2504,e457
p4312,e325
p1741,e356
p4632,e961
p8513,e979
p9554,e633
p3541,e810
p4418,e86
p519,e746
p6662,e878
p1263,e482
p9310,e513
p2221,e340
p9462,e786
p2174,e590
p8350,e85
p1295,e463
p8352,e299
p6615,e963
p8079,e565
p477,e248
p9149,e37
p2627,e578
p4383,e604
p3876,e429
p9457,e14
p8880,e948
p8203,e713
p8932,e679
p4666,e837
p8779,e676
p2487,e705
p250,e962
p8115,e672
p9379,e676
p7374,e797
p1632,e265
p261,e152
p863,e692
p5153,e597
p1856,e420
p4370,e196
p9533,e608
p6260,e519
p9050,e8
p8688,e916
p8167,e550
p4139,e961
p5009,e754
p4833,e457
p6302,e241
p2419,e248
p8172,e555
p7920,e562
p7790,e901
p227,e995
p7750,e100
p3406,e290
p4236,e567
p9399,e706
p4954,e702
p2603,e308
p1288,e629
p4892,e160
p2692,e591
p8510,e211
p8464,e392
p2370,e350
p5732,e518
p5165,e388
p2246,e637
p7048,e969
p3567,e13
p3458,e708
p3299,e102
p1087,e780
p6143,e269
p7864,e268
p9026,e709
p8998,e336
p5678,e602
p6250,e822
p5559,e295
p3001,e903
p8197,e847
p2563,e304
p4608,e71
p8730,e547
p233,e78
p4344,e668
p7635,e233
p1675,e345
p5778,e856
p4489,e89
p7153,e362
p4741,e427
p1255,e215
p3158,e613
p9129,e519
p6115,e780
p1368,e425
p3250,e590
p5824,e687
p9276,e445
p6612,e813
p1712,e152
p8090,e36
p8051,e653
p8674,e586
p1119,e364
p2365,e856
p6222,e804
p6497,e173
p552,e547
p4413,e988
p5625,e873
p9304,e206
p3296,e651
p6242,e573
p7748,e279
p6530,e632
p2042,e426
p7530,e791
p7594,e784
p1125,e593
p6781,e274
p1939,e262
p2774,e160
p6425,e182
p7863,e501
p7379,e317
p7639,e293
p9577,e6
p1344,e644
p7726,e958
p7995,e77
p9298,e226
p2041,e642
p7979,e748
p1396,e694
p8679,e286
p8558,e166
p8014,e231
p6190,e463
p404,e982
p4345,e584
p3930,e0
p1970,e889
p6569,e107
p8562,e30
p2446,e144
p2182,e86
p3053,e219
p6493,e845
p6964,e825
p286,e829
p5772,e410
p6648,e448
p2505,e922
p3297,e281
p4871,e235
p423,e214
p824,e382
p2955,e974
p3921,e756
p8653,e976
p2338,e813
p3483,e329
p4346,e83
p2726,e569
p7790,e60
p3257,e134
p3306,e902
p1357,e356
p7260,e901
p8571,e725
p6167,e338
p3596,e431
p7678,e926
p4046,e537
p6788,e717
p7857,e610
p8239,e325
p11,e140
p1310,e877
p9796,e818
p7266,e245
p7411,e184
p8924,e462
p876,e404
p8263,e604
p790,e315
p3500,e363
p8055,e599
p4190,e329
p3527,e313
p7100,e17
p6619,e800
p5051,e491
p5632,e579
p2509,e984
p4067,e704
p9595,e776
p5987,e748
p9118,e793
p2088,e776
p2793,e757
p7866,e796
p5643,e332
p241,e904
p1338,e485
p6279,e105
p5193,e56
p1887,e10
p5541,e535
p4911,e871
p8382,e348
p6235,e223
p5326,e542
p7159,e49
p3660,e433
p2159,e377
p256,e184
p6116,e343
p8669,e517
p9200,e353
p9595,e186
p2860,e943
p6228,e733
p3125,e467
p4374,e478
p4523,e59
p2439,e854
p7819,e856
p6858,e449
p5179,e366
p1172,e373
p3359,e594
p4745,e471
p2609,e311
p8559,e545
p1755,e628
p2473,e717
p1513,e434
p5186,e357
p2293,e61
p537,e999
p5458,e675
p4357,e449
p1653,e708
p5339,e853
p1429,e312
p6481,e850
p6763,e997
p3543,e938
p2688,e146
p8452,e856
p381,e478
p8279,e112
p8096,e830
p2768,e235
p5638,e562
p6793,e474
p531,e477
p8978,e121
p5487,e368
p8995,e672
p3958,e893
p3671,e106
p1249,e432
p1912,e959
p7985,e358
p3522,e974
p494,e86
p5175,e167
p7479,e9
p7643,e296
p9759,e318
p1762,e469
p8525,e346
p5248,e545
p2754,e284
p605,e138
p595,e106
p1445,e173
p3688,e536
p4399,e799
p993,e464
p7874,e450
p2543,e113
p3181,e783
p580,e369
p8435,e197
p2301,e567
p5269,e590
p2462,e528
p7511,e135
p8934,e404
p8410,e67
p1302,e29
p6507,e367
p8970,e281
p1675,e880
p3151,e47
p5887,e117
p409,e973
p5038,e956
p8964,e329
p2545,e122
p1981,e814
p4575,e495
p7148,e971
p2194,e486
p6827,e17
p3547,e433
p4545,e693
p6648,e112
p9875,e840
p2837,e632
p2371,e472
p7241,e771
p7882,e659
p7084,e24
p6676,e181
p6963,e247
p1660,e430
p6402,e218
p7425,e77
p202,e31
p7638,e674
p2166,e2
p5015,e849
p8826,e873
p2407,e764
p5791,e400
p6413,e981
p3215,e182
p2862,e320
p8855,e401
p2399,e582
p9312,e612
p9462,e216
p1529,e247
p4380,e646
p5804,e632
p2771,e982
p4893,e693
p9391,e717
p9299,e694
p9337,e700
p337,e9
p5931,e354
p7199,e337
p891,e251
p4597,e792
p2200,e298
p0,e973
p7046,e964
p4920,e128
p6210,e488
p6086,e63
p5536,e568
p9550,e89
p9118,e531
p6506,e196
p6146,e859
p1750,e823
p4845,e319
p1307,e907
p3306,e812
p5108,e762
p7915,e685
p9357,e641
p7405,e100
p4561,e136
p8958,e429
p7727,e268
p1551,e280
p9086,e87
p9204,e293
p4291,e289
p3601,e94
p4210,e91
p2093,e418
p8352,e322
p5587,e539
p8752,e780
p8992,e329
p4907,e18
p4945,e576
p9406,e768
p6549,e135
p4340,e994
p8497,e817
p2056,e345
p9541,e512
p8393,e495
p9117,e259
p3280,e886
p8556,e55
p7418,e761
p2926,e558
p8079,e433
p6360,e110
p1503,e686
p4333,e290
p8774,e485
p3475,e664
p3638,e625
p9330,e12
p8525,e160
p2120,e682
p2119,e448
p1299,e573
p5367,e601
p21,e784
p810,e712
p9771,e221
p9102,e438
p5020,e792
p4967,e62
p9723,e336
p4730,e312
p6572,e120
p4454,e41
p1620,e713
p8925,e699
p8499,e214
p5825,e369
p6088,e43
p3621,e296
p8955,e102
p5878,e747
p1471,e626
p7388,e895
p6468,e514
p1591,e824
p5703,e211
p7564,e419
p1425,e147
p6416,e507
p2501,e983
p1315,e889
p3294,e166
p9457,e988
p2557,e324
p6250,e101
p1236,e266
p8961,e114
p1275,e696
p6896,e597
p9596,e146
p6049,e775
p7187,e664
p3606,e307
p7522,e216
p9368,e511
p4298,e781
p8226,e553
p6794,e670
p3023,e249
p4563,e48
p3056,e729
p6466,e963
p6924,e897
p7010,e161
p5084,e467
p9028,e873
p2419,e665
p345,e469
p2726,e49
p2411,e305
p3027,e387
p2766,e48
p3701,e655
p7480,e285
p7738,e482
p2876,e177
p6048,e393
p8769,e619
p5120,e493
p4210,e678
p9347,e385
p4103,e942
p1998,e70
p2562,e540
p5451,e980
p5879,e624
p3955,e59
p2662,e44
p178,e830
p6466,e670
p2225,e257
p9185,e907
p2009,e939
p2819,e631
p8604,e931
p7953,e803
p169,e527
p5427,e443
p757,e824
p9088,e108
p2212,e95
p5700,e472
p2497,e319
p9476,e255
p5273,e679
p3081,e784
p7426,e3
p2095,e146
p8669,e887
p7930,e645
p8992,e133
p8977,e990
p8825,e200
p3366,e25
p2696,e914
p8427,e166
p1581,e744
p2141,e700
p9985,e357
p9105,e604
p6121,e566
p936,e470
p2171,e196
p6485,e189
p9945,e63
p3167,e850
p4311,e521
p747,e42
p9317,e584
p6721,e6
p9164,e809
p6906,e222
p1018,e805
p9639,e111
p4658,e195
p311,e694
p1110,e220
p2902,e790
p2613,e723
p1686,e3
p9803,e484
p4629,e656
p9664,e868
p6873,e703
p5945,e794
p5453,e725
p6854,e360
p4498,e171
p9449,e267
p4257,e270
p6539,e648
p2004,e422
p5227,e466
p3222,e366
p9951,e61
p9747,e711
p1596,e188
p4521,e412
p9553,e279
p5371,e210
p7437,e729
p7756,e237
p1556,e610
p6947,e313
p9105,e539
p9029,e889
p5097,e886
p9191,e832
p5693,e95
p2446,e718
p1967,e627
p6823,e359
p5184,e753
p5715,e269
p7925,e54
p279,e716
p9454,e491
p5878,e134
p8846,e451
p7501,e856
p1919,e971
p1281,e25
p7016,e31
p4410,e564
p5146,e384
p1338,e311
p1563,e173
p3855,e825
p4322,e647
p978,e784
p2719,e513
p2535,e792
p9804,e856
p4335,e897
p7916,e565
p7381,e289
p5815,e641
p8869,e783
p9689,e643
p3702,e840
p6735,e990
p9571,e379
p6865,e42
p4950,e12
p5594,e303
p7867,e484
p2786,e223
p5840,e855
p4974,e718
p9945,e408
p181,e266
p6405,e410
p8792,e324
p7679,e122
p2007,e641
p2498,e696
p7647,e640
p1566,e945
p6579,e337
p3703,e841
p9833,e85
p9222,e233
p8181,e835
p1296,e563
p8809,e330
p5944,e950
p7808,e23
p2774,e930
p3991,e906
p9920,e513
p2513,e880
p4476,e545
p4152,e906
p58,e591
p8772,e468
p9167,e357
p8866,e492
p2087,e599
p7339,e619
p727,e892
p2832,e882
p2415,e912
p2169,e862
p7721,e968
p2388,e629
p6561,e678
p3109,e943
p4285,e618
p56,e363
p719,e318
p7362,e395
p1047,e256
p8380,e148
p3140,e294
p2923,e773
p1038,e106
p6449,e791
p5947,e662
p348,e30
p6633,e294
p8476,e433
p6116,e405
p468,e727
p2437,e155
p7306,e362
p631,e606
p2323,e512
p6076,e239
p3760,e941
p5714,e470
p7208,e282
p7257,e219
p4055,e154
p363,e646
p6968,e661
p1556,e577
p2341,e838
p5488,e928
p939,e595
p5453,e954
p4947,e731
p2087,e264
p3230,e89
p4580,e578
p5675,e288
p578,e700
p5110,e423
p1258,e309
p6196,e871
p1379,e269
p3271,e471
p5994,e685
p8597,e502
p8174,e336
p1141,e484
p2025,e671
p4807,e171
p8093,e544
p8709,e843
p9437,e734
p2276,e310
p9087,e249
p5515,e65
p2114,e57
p6959,e241
p7598,e231
p6654,e578
p6401,e199
p6612,e952
p1755,e538
p3527,e448
p4314,e659
p9300,e131
p1951,e343
p3550,e753
p1991,e825
p274,e415
p3865,e587
p318,e372
p8146,e235
p2335,e215
p3792,e812
p8037,e16
p6708,e590
p5022,e949
p4475,e337
p6774,e855
p568,e123
p9654,e843
p7206,e133
p1270,e781
p547,e696
p6943,e640
p2743,e395
p873,e794
p1056,e822
p7402,e428
p2650,e129
p7165,e239
p4952,e781
p4653,e63
p2970,e673
p8012,e143
p2649,e629
p264,e788
p3552,e624
p652,e961
p117,e613
p7676,e200
p3704,e795
p2571,e308
p1811,e190
p7741,e275
p4099,e291
p446,e755
p4677,e570
p0,e851
p7788,e438
p2319,e844
p663,e667
p5769,e202
p8998,e573
p9935,e586
p5539,e684
p1737,e97
p9833,e420
p2131,e112
p5945,e718
p3090,e348
p113,e926
p4598,e20
p6505,e839
p3584,e99
p187,e922
p3835,e988
p6488,e307
p4485,e300
p4673,e606
p4061,e463
p2926,e809
p5639,e988
p7633,e368
p8605,e984
p5874,e699
p3445,e65
p678,e650
p2969,e299
p3772,e833
p7476,e186
p6507,e894
p9797,e18
p8227,e174
p1069,e506
p44,e381
p96,e315
p4829,e536
p6104,e166
p3681,e459
p9480,e245
p6536,e471
p5045,e6
p333,e141
p4564,e724
p3910,e963
p3527,e253
p1507,e33
p8971,e982
p5051,e802
p1157,e711
p2834,e71
p4930,e684
p7433,e499
p802,e283
p564,e486
p6912,e842
p8218,e91
p7775,e367
p2511,e399
p6492,e351
p1620,e971
p126,e716
p9971,e202
p2845,e801
p1557,e579
p987,e157
p8931,e132
p1592,e608
p4368,e865
p3771,e513
p9137,e778
p2931,e157
p5202,e108
p6613,e497
p1842,e53
p2142,e268
p7855,e50
p7416,e871
p3907,e904
p690,e399
p9063,e488
p1157,e984
p1753,e764
p7692,e164
p2031,e640
p2310,e600
p76,e187
p8557,e817
p4733,e885
p9527,e153
p3958,e75
p3915,e855
p5164,e570
p1726,e590
p6639,e975
p2450,e638
p5158,e144
p4041,e631
p6172,e55
p3309,e872
p8678,e227
p8672,e143
p4741,e176
p5472,e993
p2658,e354
p3616,e764
p5315,e75
p9371,e884
p4217,e524
p8703,e650
p7123,e7
p3253,e576
p5150,e83
p8613,e383
p8524,e313
p793,e488
p2270,e715
p7102,e949
p7987,e343
p4557,e434
p4002,e622
p1934,e787
p647,e445
p8877,e672
p6499,e285
p2521,e278
p3092,e520
p2224,e59
p8925,e415
p7472,e579
p2460,e705
p8677,e35
p3292,e740
p1773,e327
p2134,e482
p7910,e179
p4397,e609
p4505,e326
p7409,e174
p7070,e295
p6796,e863
p1808,e280
p7606,e697
p6682,e292
p9108,e378
p5251,e409
p1916,e223
p173,e387
p7066,e938
p4319,e968
p4584,e827
p2655,e266
p9634,e644
p5038,e208
p5308,e280
p7670,e760
p9216,e105
p7691,e643
p3080,e266
p3776,e98
p4176,e813
p2986,e713
p5805,e730
p2155,e560
p1658,e338
p7142,e905
p5532,e959
p525,e584
p2145,e1
p5598,e963
p5409,e11
p9239,e864
p7420,e395
p906,e297
p1371,e257
p5193,e902
p8518,e664
p6316,e422
p2733,e921
p5318,e287
p6102,e442
p1189,e208
p5094,e869
p2208,e984
p7281,e882
p3689,e980
p5485,e238
p6837,e638
p7163,e762
p7798,e712
p5715,e953
p5437,e569
p9010,e271
p605,e66
p6579,e965
p6956,e675
p6214,e677
p4229,e710
p1611,e579
p6200,e648
p6742,e531
p7418,e564
p7298,e185
p398,e379
p8273,e393
p4011,e733
p9517,e279
p4454,e209
p324,e677
p3078,e701
p1506,e164
p5415,e868
p8725,e449
p4088,e468
p7960,e702
p939,e986
p1126,e76
p6168,e271
p5716,e291
p2817,e840
p9785,e680
p6110,e659
p5030,e563
p2337,e146
p6791,e865
p1768,e198
p1753,e747
p2614,e505
p3004,e491
p5457,e290
p7513,e385
p2319,e466
p4226,e908
p3976,e797
p9147,e188
p6474,e526
p8576,e996
p4496,e385
p4518,e584
p6568,e342
p9208,e996
p243,e253
p7483,e622
p7499,e382
p1639,e314
p3736,e803
p2233,e538
p410,e995
p8598,e219
p9875,e14
p9508,e245
p7589,e964
p7106,e473
p9905,e243
p4617,e673
p4576,e117
p4450,e630
p9780,e23
p5493,e847
p1911,e544
p9511,e457
p6181,e777
p9522,e296
p1140,e352
p8106,e647
p7607,e181
p744,e852
p9953,e728
p9898,e254
p4402,e841
p4609,e525
p2797,e80
p1087,e516
p3714,e932
p2922,e978
p9173,e580
p4115,e468
p2511,e850
p4457,e33
p7041,e56
p9896,e151
p8638,e243
p4354,e560
p2687,e905
p4010,e241
p1426,e238
p7156,e752
p5978,e612
p6528,e58
p4779,e376
p482,e578
p6841,e800
p3599,e941
p5590,e743
p8098,e949
p9929,e552
p2734,e22
p3815,e625
p4881,e865
p5180,e717
p1283,e288
p596,e150
p9298,e790
p509,e378
p8070,e181
p6448,e830
p8538,e716
p3260,e964
p671,e719
p2545,e367
p6371,e125
p9305,e519
p3804,e218
p348,e911
p1072,e186
p4128,e281
p5336,e762
p7327,e559
p6197,e297
p7835,e465
p2561,e34
p4497,e836
p6325,e648
p3627,e340
p3278,e560
p4524,e159
p6013,e509
p8793,e891
p398,e567
p9450,e270
p1722,e126
p1880,e131
p908,e903
p3538,e725
p8548,e705
p9010,e265
p6170,e151
p5760,e917
p9947,e443
p391,e987
p7082,e438
p3061,e379
p4497,e591
p2093,e406
p9003,e586
p8939,e783
p1985,e181
p5083,e789
p4096,e870
p6591,e873
p9372,e553
p6168,e121
p7035,e905
p7,e542
p980,e382
p7779,e30
p1269,e538
p8221,e106
p6177,e517
p6151,e628
p2624,e990
p2081,e947
p531,e332
p7651,e475
p4323,e596
p5991,e735
p690,e712
p2985,e341
p216,e84
p9486,e54
p3636,e340
p7222,e295
p1460,e821
p3230,e733
p6355,e957
p6635,e544
p5880,e792
p3258,e681
p2095,e74
p7378,e373
p3251,e678
p3795,e317
p5348,e316
p2318,e960
p2254,e19
p1670,e70
p894,e503
p3843,e976
p2401,e10
p1427,e802
p6074,e130
p1861,e845
p1445,e916
p876,e79
p9370,e503
p141,e667
p2981,e879
p6913,e31
p2961,e950
p532,e873
p904,e950
p2917,e126
p4442,e548
p625,e290
p6220,e693
p4970,e726
p102,e194
p5742,e968
p4562,e111
p8714,e894
p2100,e340
p2080,e817
p5009,e944
p2238,e474
p1686,e736
p6307,e422
p721,e245
p2432,e130
p3749,e147
p5316,e267
p8453,e545
p7837,e283
p1076,e135
p951,e394
p9145,e769
p8217,e546
p9305,e866
p4490,e803
p1471,e57
p5431,e191
p1312,e796
p5208,e863
p2021,e224
p732,e766
p3194,e613
p3360,e502
p6024,e69
p4840,e746
p3910,e928
p1745,e491
p8778,e646
p2358,e1
p9646,e859
p4739,e60
p962,e680
p6389,e371
p1345,e157
p6732,e714
p1002,e509
p9300,e36
p1629,e633
p3510,e908
p3367,e44
p1937,e729
p7946,e827
p5950,e133
p610,e302
p7157,e862
p8542,e853
p7657,e100
p4170,e373
p2002,e336
p9346,e162
p1995,e582
p503,e253
p7835,e744
p5285,e559
p7690,e146
p9786,e743
p9376,e156
p8275,e726
p3522,e679
p8688,e206
p1131,e281
p9814,e409
p598,e657
p3995,e520
p1078,e868
p5314,e705
p7477,e717
p3108,e119
p1719,e111
p2494,e357
p3593,e514
p3948,e831
p1243,e882
p3723,e420
p9071,e803
p400,e212
p6322,e323
p4862,e22
p9888,e814
p9968,e757
p9276,e452
p7196,e856
p9584,e353
p5537,e814
p6912,e574
p6712,e832
p2412,e835
p7831,e389
p1295,e229
p1641,e505
p38,e19
p2684,e786
p8608,e602
p7985,e216
p982,e207
p9690,e690
p5517,e961
p6428,e287
p6333,e886
p3325,e679
p5552,e333
p6949,e70
p1171,e964
p8549,e288
p4394,e709
p2619,e365
p4102,e935
p8667,e433
p8667,e860
p2328,e345
p5869,e38
p4125,e98
p6325,e978
p3674,e597
p392,e810
p5086,e173
p8210,e909
p9539,e655
p5493,e218
p8991,e996
p5406,e409
p620,e912
p3089,e234
p511,e717
p3681,e622
p75,e302
p288,e108
p6170,e17
p8617,e395
p949,e13
p4926,e4
p6916,e774
p2995,e504
p5050,e663
p2276,e177
p274,e779
p5459,e498
p8462,e107
p8874,e767
p1468,e210
p8536,e787
p9365,e325
p7710,e204
p9680,e912
p1583,e274
p100,e7
p4935,e745
p3801,e61
p7596,e642
p268,e406
p2591,e902
p4559,e924
p1563,e321
p1523,e706
p970,e994
p5672,e444
p1787,e640
p7182,e162
p3767,e242
p8122,e869
p5668,e387
p5644,e408
p773,e470
p7941,e650
p4208,e825
p1573,e142
p6701,e100
p3188,e370
p8743,e42
p7333,e914
p2413,e400
p7232,e904
p3099,e502
p2122,e99
p9608,e936
p626,e829
p4061,e413
p7780,e184
p5354,e770
p353,e250
p2835,e20
p9458,e981
p4188,e437
p9313,e531
p4146,e251
p430,e138
p7260,e256
p7318,e830
p7264,e22
p2853,e955
p8648,e100
p1762,e465
p3292,e559
p1985,e779
p4449,e875
p2748,e839
p1347,e683
p8366,e631
p2980,e260
p7078,e374
p1173,e465
p8566,e979
p5677,e928
p8519,e147
p7190,e926
p6433,e801
p1889,e687
p5977,e27
p6648,e329
p9579,e864
p9003,e919
p4483,e159
p3303,e530
p3078,e831
p7292,e925
p1361,e593
p2315,e264
p9655,e895
p9677,e425
p4760,e611
p9283,e437
p5679,e174
p5763,e786
p2383,e750
p6270,e489
p4391,e52
p401,e963
p9623,e757
p5563,e0
p442,e813
p9316,e81
p8389,e709
p2054,e357
p976,e822
p7176,e548
p5053,e294
p429,e518
p3834,e577
p3935,e763
p3414,e91
p3410,e320
p1085,e423
p1351,e438
p7552,e971
p8717,e918
p3855,e919
p9675,e990
p8968,e179
p4753,e762
p2907,e851
p1210,e968
p9511,e375
p7305,e890
p4088,e428
p6867,e645
p8526,e499
p1799,e847
p9232,e221
p1277,e671
p6365,e820
p2377,e993
p1177,e274
p5458,e527
p867,e930
p5505,e212
p2862,e905
p6272,e57
p8235,e277
p8780,e74
p8917,e862
p4111,e432
p2968,e895
p1213,e660
p2986,e277
p4070,e906
p4870,e55
p4886,e610
p3459,e924
p5278,e660
p8917,e208
p4579,e254
p3010,e459
p9681,e176
p2385,e803
p1867,e596
p818,e185
p6978,e110
p171,e111
p5157,e653
p9970,e802
p4686,e969
p8962,e742
p8731,e72
p1790,e578
p6692,e882
p1046,e505
p7024,e800
p407,e288
p3107,e773
p6270,e959
p4079,e640
p4855,e979
p4490,e744
p5116,e152
p9434,e363
p8572,e515
p4480,e234
p6966,e229
p7144,e897
p8534,e623
p9945,e264
p4171,e69
p5014,e739
p6976,e546
p9072,e128
p8955,e806
p8888,e786
p7128,e267
p5000,e731
p4624,e222
p2429,e600
p8032,e424
p4089,e942
p5850,e51
p3544,e241
p4690,e791
p5578,e135
p4569,e775
p2810,e717
p6513,e595
p1161,e316
p2313,e281
p5402,e712
p3564,e758
p759,e162
p611,e918
p2430,e572
p3471,e218
p8521,e293
p1819,e549
p2753,e495
p3844,e717
p7721,e243
p1413,e372
p1104,e71
p4986,e290
p9601,e669
p9654,e286
p1033,e106
p4167,e738
p7684,e460
p3475,e549
p6829,e150
p8557,e892
p7468,e506
p9965,e767
p1480,e564
p4377,e635
p2870,e475
p6798,e348
p6185,e967
p3653,e104
p3381,e732
p663,e480
p2838,e675
p3883,e162
p5667,e115
p2531,e91
p6982,e491
p7090,e16
p1101,e174
p7299,e484
p2189,e640
p9162,e369
p5451,e175
p2464,e58
p4742,e1
p227,e101
p8084,e447
p5098,e191
p3073,e394
p4166,e415
p5427,e198
p6968,e28
p4163,e403
p6109,e63
p4333,e645
p5084,e178
p6143,e352
p1155,e34
p7751,e873
p5690,e176
p2039,e240
p1849,e691
p2201,e131
p9963,e344
p4354,e216
p6381,e993
p9672,e735
p1140,e485
p5090,e84
p3742,e483
p3371,e516
p9917,e760
p4031,e972
p5938,e723
p6181,e732
p3159,e752
p5398,e629
p5019,e520
p3277,e93
p4469,e511
p2159,e374
p1260,e818
p9065,e646
p1370,e9
p2937,e423
p7713,e884
p4822,e92
p455,e511
p9554,e886
p8320,e508
p5021,e760
p99,e170
p1918,e418
p1893,e722
p5908,e593
p6310,e244
p3194,e10
p9885,e904
p6617,e523
p7134,e293
p7269,e553
p4532,e866
p8598,e651
p2615,e913
p6554,e32
p3836,e774
p8447,e656
p9403,e767
p6016,e534
p3091,e56
p3121,e319
p1022,e73
p5760,e242
p9055,e362
p5874,e757
p5701,e646
p9527,e778
p5244,e736
p9541,e953
p9505,e717
p6726,e709
p7395,e713
p9303,e248
p7833,e122
p5540,e702
p6128,e180
p5662,e780
p4602,e564
p6174,e66
p9335,e80
p7133,e765
p6368,e505
p7361,e111
p6823,e157
p7098,e632
p6478,e230
p1622,e759
p7485,e473
p1849,e796
p6687,e925
p285,e917
p3483,e972
p5082,e0
p3498,e166
p2769,e645
p461,e6
p3130,e893
p7029,e555
p1288,e229
p1471,e22
p1553,e733
p7085,e996
p4772,e669
p7824,e876
p681,e801
p4162,e2
p4763,e380
p730,e596
p5395,e234
p3554,e371
p3219,e777
p2843,e858
p1658,e468
p3902,e159
p4051,e456
p542,e229
p1439,e975
p5287,e2
p9952,e294
p6044,e188
p5784,e734
p388,e928
p2311,e784
p746,e703
p1652,e14
p3434,e708
p680,e83
p177,e646
p8626,e383
p6922,e354
p2066,e0
p6289,e949
p1399,e22
p5766,e356
p6895,e529
p4530,e264
p1197,e732
p6068,e161
p3848,e478
p6683,e132
p8077,e870
p6516,e251
p9561,e888
p1703,e490
p4692,e877
p8671,e844
p2822,e953
p7273,e648
p4917,e205
p1577,e688
p8871,e992
p9574,e548
p7160,e464
p3859,e52
p951,e562
p4476,e760
p4285,e72
p1326,e452
p9597,e394
p9598,e954
p4414,e995
p2868,e930
p324,e570
p2226,e386
p3336,e734
p5050,e401
p6725,e242
p7156,e387
p5468,e540
p2601,e622
p7343,e606
p6158,e57
p476,e7
p2401,e843
p4340,e90
p2366,e458
p9526,e269
p1397,e93
p4819,e194
p772,e427
p9419,e956
p9529,e297
p825,e115
p1725,e729
p2827,e250
p1046,e98
p7838,e465
p8555,e384
p526,e582
p6826,e29
p4532,e368
p4060,e450
p2863,e35
p3706,e704
p4281,e494
p8845,e746
p1927,e374
p7552,e551
p5643,e440
p4976,e511
p9206,e888
p6808,e103
p1478,e752
p8391,e347
p8202,e954
p4180,e948
p1293,e491
p1762,e27
p1364,e632
p5585,e59
p6913,e783
p1338,e537
p2829,e656
p3867,e254
p8178,e229
p8009,e270
p4281,e867
p8928,e99
p4449,e379
p6680,e874
p8712,e733
p1761,e228
p789,e621
p16,e39
p2203,e420
p4578,e927
p768,e969
p1286,e434
p3487,e943
p5857,e725
p9251,e572
p8393,e985
p2577,e374
p389,e349
p454,e644
p2982,e622
p3373,e188
p1443,e976
p7164,e512
p824,e707
p3885,e318
p4400,e214
p3489,e776
p8566,e52
p2545,e155
p8566,e156
p4843,e17
p5307,e291
p4187,e732
p7052,e647
p2283,e601
p5223,e616
p1400,e870
p5570,e771
p3732,e12
p9987,e269
p6585,e587
p3910,e82
p3993,e213
p5675,e770
p3145,e994
p4364,e778
p551,e928
p1151,e548
p3591,e444
p2365,e647
p8767,e341
p8991,e800
p4071,e296
p5301,e406
p2215,e967
p5280,e72
p6440,e404
p6912,e312
p1349,e315
p4346,e907
p8261,e231
p7147,e33
p7039,e394
p6242,e910
p4642,e883
p2497,e468
p1906,e592
p1729,e402
p7282,e155
p9666,e575
p6748,e721
p1947,e930
p2901,e929
p2384,e196
p6048,e196
p1989,e768
p6642,e293
p4052,e293
p6973,e421
p5464,e373
p9683,e140
p7440,e902
p88,e7
p9926,e783
p2761,e277
p6895,e561
p2146,e278
p4232,e863
p7035,e183
p4393,e414
p9301,e237
p6028,e378
p2231,e288
p8828,e883
p3806,e627
p5360,e432
p8816,e201
p1331,e188
p308,e567
p6381,e41
p1759,e884
p747,e410
p8817,e233
p6784,e194
p7272,e22
p6150,e186
p7241,e527
p3206,e27
p1408,e687
p173,e545
p9492,e716
p2184,e43
p3153,e48
p4606,e211
p6322,e655
p7971,e676
p2798,e993
p7751,e124
p7751,e37
p59,e53
p4803,e367
p4203,e631
p1427,e508
p6236,e775
p7491,e753
p1144,e19
p3094,e773
p8847,e431
p8883,e234
p2642,e451
p1644,e655
p7171,e131
p2809,e171
p8497,e687
p6991,e142
p3847,e835
p1841,e388
p389,e71
p142,e3
p4729,e662
p9146,e760
p1735,e659
p4232,e75
p9066,e133
p2159,e144
p1207,e162
p7028,e585
p2935,e163
p2949,e906
p7819,e509
p3449,e679
p520,e580
p3290,e95
p4086,e234
p9800,e26
p4523,e186
p1365,e580
p1484,e675
p7769,e967
p8593,e61
p2154,e337
p8244,e701
p9336,e285
p1702,e596
p8610,e327
p4172,e56
p6681,e440
p9927,e299
p1884,e929
p7619,e968
p2729,e560
p9444,e504
p1650,e761
p9321,e675
p5552,e696
p7390,e272
p3987,e928
p7076,e958
p1639,e986
p391,e842
p698,e689
p6812,e573
p8464,e20
p2472,e382
p5556,e582
p1486,e261
p8917,e724
p2527,e687
p4138,e373
p1199,e854
p3475,e397
p1079,e785
p4127,e851
p1304,e199
p7076,e670
p4405,e687
p4344,e61
p3207,e165
p9234,e618
p6370,e418
p2587,e239
p3690,e105
p9587,e980
p1062,e985
p6824,e763
p3205,e903
p8928,e994
p9448,e62
p2576,e683
p815,e832
p5035,e789
p6543,e527
p8389,e851
p175,e270
p206,e24
p1557,e897
p7730,e889
p2431,e116
p9115,e94
p6605,e400
p9566,e61
p9984,e552
p5562,e676
p409,e597
p5262,e664
p6602,e256
p9981,e180
p334,e905
p1001,e753
p8268,e921
p7417,e204
p2943,e467
p4227,e603
p6907,e833
p8510,e437
p7679,e341
p497,e283
p9220,e278
p1993,e964
p1217,e678
p6571,e485
p2446,e180
p7431,e504
p9292,e109
p8202,e592
p4850,e218
p1423,e780
p7953,e534
p6737,e377
p3202,e338
p6948,e627
p7711,e857
p9926,e728
p8064,e967
p2333,e660
p9177,e673
p7040,e416
p8859,e205
p2865,e919
p6043,e980
p5739,e952
p7110,e786
p8066,e682
p2044,e999
p8675,e809
p4405,e384
p3535,e277
p2199,e579
p4461,e105
p1382,e872
p4981,e359
p8249,e45
p3172,e708
p1899,e754
p2669,e96
p3044,e596
p4551,e411
p497,e626
p1501,e509
p9209,e880
p5249,e249
p1456,e771
p4545,e109
p9037,e692
p3816,e887
p8623,e591
p3861,e76
p5399,e336
p1058,e861
p732,e338
p6406,e480
p2179,e84
p5574,e311
p3135,e541
p7353,e406
p3419,e903
p6166,e173
p9351,e950
p3708,e991
p4571,e523
p1043,e921
p9872,e37
p5473,e935
p632,e13
p7666,e831
p6225,e146
p9434,e642
p3620,e760
p7120,e860
p5914,e567
p5693,e57
p9104,e962
p8283,e814
p3015,e325
p1595,e4
p4290,e464
p7570,e355
p265,e660
p8687,e465
p8308,e945
p1581,e427
p395,e373
p9590,e225
p9869,e210
p5333,e24
p8056,e860
p1073,e85
p3449,e283
p3965,e521
p2929,e77
p4071,e955
p5870,e231
p9022,e163
p9935,e743
p836,e79
p2302,e218
p2811,e173
p8220,e84
p1822,e95
p6158,e605
p9843,e813
p3024,e286
p2466,e634
p3300,e965
p2071,e647
p1677,e825
p3602,e554
p2251,e660
p8733,e37
p3444,e139
p9227,e842
p1755,e303
p7150,e544
p647,e960
p2034,e710
p8570,e377
p1902,e590
p8508,e102
p5221,e10
p4301,e673
p6842,e699
p7514,e886
p1716,e40
p2681,e774
p3669,e800
p6454,e751
p4329,e201
p1218,e953
p3245,e550
p8871,e963
p3912,e973
p2468,e484
p3629,e79
p3499,e55
p5130,e291
p2683,e221
p7274,e799
p3723,e495
p8341,e151
p9104,e916
p3218,e510
p2641,e103
p3742,e543
p6597,e425
p7817,e179
p4282,e680
p8191,e127
p8822,e18
p1259,e920
p2325,e5
p8050,e524
p9481,e730
p1314,e165
p191,e287
p4437,e643
p2059,e295
p8755,e813
p9745,e19
p872,e646
p6433,e885
p1007,e904
p3000,e540
p972,e329
p2162,e286
p7703,e984
p5227,e873
p2016,e530
p6935,e677
p4296,e971
p4579,e696
p2675,e138
p6008,e581
p7014,e691
p5048,e790
p7922,e523
p4571,e721
p798,e801
p1395,e680
p9809,e854
p2464,e930
p7513,e207
p2625,e123
p3077,e667
p5129,e445
p945,e541
p7267,e267
p8936,e845
p5447,e282
p8864,e305
p7290,e322
p8590,e304
p5675,e105
p539,e607
p8299,e543
p2873,e610
p983,e37
p4890,e813
p6608,e188
p9004,e912
p6930,e635
p8656,e247
p3333,e809
p1952,e674
p6083,e607
p5396,e444
p7927,e159
p7018,e680
p3317,e917
p4165,e790
p6500,e750
p4686,e11
p8028,e294
p3928,e253
p7684,e599
p3357,e216
p1708,e248
p8186,e886
p8476,e982
p8788,e250
p7460,e194
p1773,e791
p4061,e950
p7626,e42
p2560,e77
p3907,e249
p1598,e751
p9932,e683
p5312,e573
p5089,e375
p250,e419
p5575,e556
p87,e719
p2095,e636
p8164,e308
p7170,e316
p8168,e730
p9079,e27
p5252,e606
p3668,e474
p6181,e786
p9810,e508
p2579,e157
p3596,e273
p4118,e676
p7718,e123
p3423,e994
p7417,e107
p2719,e604
p9142,e159
p4956,e801
p6555,e683
p1713,e609
p2808,e137
p5844,e75
p1896,e491
p2412,e363
p8075,e876
p4786,e39
p4481,e117
p2308,e302
p7722,e463
p7192,e79
p8725,e165
p3856,e487
p1628,e313
p2096,e983
p5849,e966
p329,e131
p4603,e513
p664,e615
p6393,e469
p2973,e677
p2592,e55
p3797,e402
p833,e165
p7179,e368
p4518,e489
p4535,e512
p8140,e412
p4819,e511
p9458,e147
p8246,e483
p9580,e916
p8678,e307
p4595,e618
p423,e705
p5528,e696
p9583,e374
p5722,e839
p3608,e666
p566,e417
p3116,e388
p2057,e907
p550,e264
p1127,e721
p3594,e366
p6155,e472
p7848,e241
p4195,e26
p1599,e699
p7193,e923
p4487,e28
p4996,e519
p7968,e239
p3929,e827
p7653,e689
p3719,e354
p3143,e848
p6169,e444
p8895,e994
p1014,e588
p612,e147
p7469,e383
p7292,e130
p6674,e413
p7409,e349
p1728,e125
p2599,e720
p7170,e273
p4126,e485
p4854,e192
p3597,e752
p7246,e219
p9963,e777
p3836,e361
p8635,e372
p3893,e510
p9855,e221
p994,e268
p5699,e474
p9372,e234
p7678,e964
p9372,e572
p6708,e658
p9416,e493
p591,e765
p52,e272
p7776,e288
p2496,e455
p4958,e725
p6728,e601
p2839,e517
p2912,e984
p6625,e229
p4672,e892
p5544,e183
p9413,e952
p5844,e555
p2771,e314
p5625,e896
p1049,e959
p910,e551
p7608,e339
p4724,e873
p3294,e340
p4929,e641
p2672,e134
p6717,e246
p2017,e804
p821,e884
p2294,e430
p9075,e455
p2672,e686
p1396,e33
p3271,e197
p774,e249
p4611,e168
p4978,e780
p6499,e962
p7333,e127
p378,e299
p9546,e475
p2009,e581
p9812,e285
p1498,e480
p6665,e170
p495,e118
p5905,e83
p3805,e202
p9731,e493
p450,e73
p7620,e330
p1974,e875
p6486,e665
p7456,e703
p6984,e245
p3268,e525
p7255,e18
p1396,e397
p1203,e112
p3213,e396
p2677,e74
p7121,e185
p6574,e636
p2882,e838
p6639,e839
p816,e457
p875,e155
p1410,e218
p2745,e41
p499,e72
p8165,e403
p1524,e139
p4098,e491
p3300,e925
p7169,e971
p7541,e445
p5068,e370
p4728,e750
p5282,e562
p4625,e415
p8456,e790
p9353,e397
p9973,e889
p567,e18
p1748,e964
p4095,e83
p9243,e316
p4997,e106
p2208,e841
p2451,e355
p4900,e163
p7207,e685
p69,e660
p7086,e180
p5113,e580
p4978,e274
p1848,e738
p1837,e549
p4102,e130
p2385,e837
p2095,e103
p29,e854
p1200,e569
p930,e220
p1110,e239
p3521,e682
p3989,e525
p8717,e977
p1989,e388
p8561,e610
p4117,e258
p9488,e193
p5690,e260
p5922,e533
p4378,e208
p5651,e108
p204,e179
p7077,e83
p7211,e486
p9370,e704
p3008,e13
p1553,e629
p660,e948
p3848,e754
p8010,e191
p4176,e566
p1457,e390
p4179,e372
p3202,e755
p6081,e743
p9602,e554
p7755,e830
p2950,e54
p467,e596
p5367,e49
p2322,e6
p4283,e83
p9334,e254
p9904,e997
p7393,e452
p6823,e240
p1319,e641
p2273,e610
p4720,e397
p9590,e875
p9106,e196
p6012,e272
p3473,e838
p9002,e712
p6667,e463
p7392,e145
p4811,e173
p8552,e714
p1523,e819
p9878,e312
p4447,e708
p5117,e770
p7203,e747
p5236,e121
p2132,e154
p4766,e346
p3393,e231
p3463,e305
p3019,e150
p5584,e146
p4739,e821
p3727,e292
p8643,e964
p9160,e199
p2500,e957
p1478,e264
p7356,e676
p6907,e46
p8936,e448
p4914,e230
p7768,e411
p9586,e225
p9146,e53
p5476,e147
p3420,e587
p7719,e685
p4475,e833
p4733,e997
p4966,e241
p9508,e644
p6078,e120
p4660,e603
p361,e716
p7957,e130
p257,e567
p7345,e408
p1694,e246
p8477,e799
p3970,e2
p6979,e768
p4618,e365
p9115,e323
p7446,e650
p2611,e156
p8636,e872
p2368,e52
p4011,e957
p1629,e403
p1312,e529
p3344,e511
p4792,e794
p6930,e513
p1344,e791
p4496,e517
p9804,e779
p2680,e90
p8389,e912
p1395,e397
p9297,e925
p7923,e170
p8295,e460
p1541,e923
p5520,e897
p8926,e598
p1258,e478
p3811,e740
p4549,e414
p3153,e473
p2736,e616
p724,e815
p5931,e520
p1363,e240
p2788,e65
p6854,e949
p8781,e405
p5390,e25
p4145,e792
p5025,e820
p6212,e562
p7632,e382
p5832,e328
p3799,e876
p4777,e43
p6977,e371
p5973,e531
p1985,e305
p8932,e448
p6617,e889
p4267,e423
p4070,e605
p1870,e820
p7314,e703
p4539,e158
p7062,e494
p512,e915
p9611,e499
p9561,e389
p1928,e797
p5186,e208
p2727,e800
p7931,e678
p5308,e196
p3668,e402
p1731,e8
p4425,e796
p8368,e559
p7939,e648
p1855,e194
p9943,e825
p580,e354
p5702,e590
p4684,e14
p6731,e120
p2850,e465
p5721,e963
p6269,e178
p3701,e970
p6464,e353
p84,e456
p6061,e980
p5288,e548
p5733,e798
p8155,e632
p2358,e645
p2619,e542
p8291,e675
p5774,e876
p9654,e585
p7142,e131
p6602,e628
p2696,e621
p6826,e627
p676,e647
p2659,e677
p7013,e896
p1493,e684
p9708,e203
p8070,e58
p3238,e934
p8420,e380
p1653,e148
p2366,e668
p1254,e487
p4475,e76
p9863,e465
p6399,e424
p7871,e459
p564,e113
p1829,e84
p2314,e92
p9939,e709
p6444,e824
p8006,e837
p6977,e370
p1756,e524
p5122,e149
p5263,e348
p9276,e958
p6431,e709
p9031,e777
p31,e173
p1070,e795
p6051,e210
p6731,e350
p9496,e292
p5385,e473
p7661,e681
p8707,e816
p1370,e819
p2894,e706
p8544,e553
p3466,e805
p2834,e62
p1028,e104
p9712,e752
p7068,e10
p786,e914
p9228,e32
p1328,e699
p1496,e619
p4061,e23
p9348,e658
p5562,e539
p6982,e354
p6366,e21
p4032,e863
p8413,e130
p440,e157
p5337,e314
p3619,e536
p1479,e923
p2573,e220
p6358,e479
p305,e156
p7918,e138
p7157,e468
p8748,e121
p1834,e146
p9513,e359
p2039,e513
p1472,e122
p1871,e728
p666,e6
p3661,e453
p6004,e553
p9131,e198
p8977,e509
p5612,e838
p2206,e20
p3524,e286
p2559,e883
p5519,e305
p8414,e76
p2571,e550
p6105,e373
p4201,e152
p8388,e451
p5687,e723
p2015,e597
p7489,e624
p4501,e792
p4754,e872
p6882,e411
p7109,e680
p1044,e161
p6111,e550
p5831,e3
p6530,e383
p1698,e728
p7356,e41
p6280,e838
p5324,e882
p6084,e641
p7866,e76
p535,e664
p7338,e888
p8440,e685
p1099,e795
p6741,e931
p3142,e161
p2984,e764
p5892,e559
p5637,e424
p9466,e623
p8822,e359
p8561,e684
p6739,e318
p5809,e127
p7340,e905
p6110,e77
p476,e482
p5489,e450
p9688,e65
p4106,e812
p4045,e715
p6403,e167
p6093,e839
p318,e214
p8325,e864
p4261,e694
p6475,e671
p9151,e786
p8603,e943
p1795,e606
p6433,e840
p9286,e222
p6970,e689
p9718,e82
p2751,e174
p5758,e630
p5964,e685
p4805,e712
p9333,e895
p8788,e665
p8264,e874
p9632,e348
p9697,e94
p2526,e567
p8842,e413
p6150,e819
p5566,e491
p1573,e54
p3036,e902
p3287,e212
p8838,e12
p898,e203
p5820,e59
p3627,e832
p5191,e320
p3619,e859
p3311,e275
p4233,e947
p886,e805
p3583,e719
p4082,e368
p8002,e558
p269,e906
p6918,e182
p8405,e602
p6794,e476
p2529,e150
p4014,e608
p3153,e399
p8231,e798
p1954,e719
p255,e639
p8930,e297
p9069,e951
p1689,e220
p1704,e121
p4926,e663
p1326,e989
p8535,e201
p6348,e859
p2486,e183
p3736,e276
p6336,e245
p239,e202
p7172,e967
p3280,e978
p1302,e134
p2647,e655
p2399,e250
p296,e378
p1224,e900
p6751,e880
p8203,e346
p3059,e403
p2164,e560
p1056,e992
p2220,e659
p4966,e248
p3948,e808
p5135,e979
p1332,e698
p1476,e618
p9755,e630
p2792,e789
p7535,e633
p238,e360
p2938,e648
p8763,e536
p9804,e305
p1898,e23
p3438,e342
p3608,e261
p6588,e537
p8071,e288
p8038,e909
p9850,e67
p6151,e106
p5631,e782
p3704,e304
p6700,e15
p8707,e476
p3682,e727
p6458,e729
p3346,e367
p7938,e745
p3078,e736
p6940,e111
p612,e888
p5600,e169
p9857,e920
p5792,e140
p8062,e986
p4038,e962
p758,e429
p6291,e596
p5778,e893
p6355,e113
p9269,e473
p1308,e542
p3164,e850
p4356,e908
p8224,e843
p4545,e479
p3663,e950
p2481,e319
p9173,e616
p6926,e381
p7019,e744
p133,e91
p2902,e529
p862,e269
p2240,e919
p4948,e830
p2022,e324
p3944,e548
p6415,e139
p7297,e791
p5616,e73
p1069,e845
p645,e437
p767,e763
p2986,e30
p3157,e447
p4734,e320
p183,e55
p8954,e662
p1831,e21
p8441,e246
p6142,e317
p6835,e507
p9667,e360
p9829,e887
p6154,e912
p6712,e58
p1772,e44
p7196,e761
p493,e546
p8909,e845
p3559,e418
p8146,e648
p7631,e991
p2032,e344
p3663,e722
p9522,e225
p7947,e338
p4304,e507
p5122,e155
p2354,e363
p8016,e370
p2577,e201
p190,e721
p6545,e46
p391,e901
p3377,e579
p8365,e5
p8840,e917
p6200,e729
p6703,e438
p312,e567
p187,e402
p4978,e904
p5544,e425
p3661,e198
p5802,e669
p685,e851
p8807,e276
p4262,e451
p1675,e114
p9825,e762
p4642,e392
p7601,e811
p5282,e733
p68,e335
p8625,e6
p2307,e111
p1981,e476
p8905,e855
p7181,e620
p2596,e649
p9097,e407
p921,e754
p2073,e635
p6589,e879
p4812,e586
p6851,e715
p5456,e738
p3711,e636
p6522,e391
p8578,e325
p8004,e355
p4291,e943
p140,e264
p9568,e735
p5511,e81
p8261,e272
p9283,e588
p9246,e991
p6728,e806
p9152,e566
p5908,e62
p1096,e967
p5068,e291
p1531,e126
p4345,e901
p7047,e571
p887,e329
p8040,e741
p7998,e52
p9547,e565
p3805,e582
p4879,e546
p4419,e635
p2901,e699
p7611,e644
p511,e424
p3339,e886
p3762,e27
p2235,e927
p2072,e788
p3696,e196
p6608,e974
p606,e508
p4233,e462
p2422,e176
p5322,e235
p6741,e314
p5515,e203
p566,e916
p4783,e793
p8530,e191
p6106,e357
p3759,e43
p6340,e954
p3149,e96
p2590,e318
p3965,e573
p1382,e736
p3161,e288
p7425,e955
p2849,e335
p7998,e283
p2985,e302
p572,e6
p8922,e696
p8898,e842
p9923,e181
p6328,e878
p9571,e183
p9534,e316
p2620,e993
p6300,e565
p6914,e143
p4067,e656
p7156,e712
p9247,e18
p3280,e252
p3761,e208
p6062,e296
p7974,e704
p1699,e967
p3382,e42
p6878,e333
p9675,e650
p5495,e3
p8299,e227
p2716,e951
p5505,e186
p9509,e690
p2186,e906
p2952,e357
p7756,e63
p3642,e810
p4630,e712
p9861,e309
p8096,e348
p2838,e21
p6056,e36
p9649,e321
p4775,e968
p7706,e747
p2398,e733
p4723,e714
p8533,e402
p1103,e230
p8504,e451
p7116,e137
p4745,e608
p3464,e937
p2987,e355
p4203,e44
p8189,e690
p3345,e27
p8020,e264
p881,e41
p9512,e52
p2196,e800
p2375,e891
p9385,e891
p3574,e979
p2014,e986
p9622,e177
p9673,e952
p110,e115
p780,e701
p470,e785
p510,e341
p1452,e521
p7817,e227
p5364,e710
p4365,e148
p3100,e634
p1596,e175
p9087,e466
p871,e137
p9356,e275
p7865,e624
p970,e308
p8535,e384
p38,e827
p5495,e458
p8610,e163
p3175,e119
p4216,e2
p8763,e250
p7510,e751
p6930,e633
p1770,e985
p2524,e464
p9978,e0
p1431,e244
p3432,e647
p5981,e527
p2810,e96
p2702,e494
p2714,e701
p3564,e568
p9643,e70
p2528,e357
p1764,e798
p5135,e667
p403,e50
p2526,e51
p3036,e160
p4616,e253
p6179,e924
p481,e810
p7631,e156
p4364,e801
p2412,e338
p2566,e197
p7903,e323
p6735,e902
p2369,e290
p9011,e39
p7108,e568
p840,e464
p3401,e313
p6148,e802
p362,e777
p8656,e427
p9605,e396
p5042,e132
p6866,e357
p4725,e67
p1716,e193
p287,e659
p835,e114
p4505,e288
p7964,e228
p8953,e509
p2479,e920
p7247,e430
p3707,e3
p8226,e75
p6023,e158
p3582,e666
p6925,e398
p5754,e82
p4783,e540
p1735,e557
p9831,e707
p3018,e772
p2434,e253
p4317,e962
p7908,e880
p3477,e132
p2515,e206
p4444,e3
p2570,e609
p5756,e619
p8143,e458
p5560,e968
p7971,e215
p3326,e461
p6457,e379
p7048,e499
p2215,e553
p8150,e336
p6615,e719
p5884,e939
p9789,e403
p1916,e951
p4356,e335
p5602,e577
p3490,e893
p4951,e187
p3155,e773
p8568,e785
p5858,e865
p4449,e301
p946,e641
p2638,e990
p5910,e821
p1014,e952
p7492,e638
p9182,e72
p513,e276
p3710,e824
p6796,e32
p3148,e277
p5292,e9
p7705,e704
p2577,e315
p8658,e711
p3815,e557
p7117,e114
p6320,e32
p8726,e789
p2168,e430
p4105,e771
p5183,e945
p3178,e927
p4617,e32
p9691,e627
p6319,e908
p1492,e920
p3185,e389
p3798,e91
p153,e354
p6265,e820
p2414,e484
p511,e993
p3832,e287
p5116,e506
p3006,e402
p5505,e32
p5141,e114
p6494,e783
p3901,e534
p9987,e979
p6977,e533
p9960,e250
p536,e406
p5390,e299
p3521,e936
p590,e480
p4478,e201
p7474,e856
p7381,e491
p2091,e699
p2258,e155
p2661,e352
p3258,e383
p7402,e745
p7738,e714
p2473,e621
p6519,e809
p1168,e549
p6219,e509
p3930,e467
p3102,e558
p5962,e939
p1879,e766
p3365,e287
p46,e499
p4435,e737
p4440,e71
p7330,e787
p4753,e379
p1632,e83
p5060,e446
p677,e993
p5929,e506
p7996,e870
p6814,e292
p6082,e206
p804,e663
p1711,e359
p7189,e977
p3307,e28
p5088,e271
p636,e648
p8236,e175
p3023,e830
p1698,e956
p6734,e907
p6155,e361
p3562,e998
p7201,e239
p9426,e835
p571,e213
p5155,e198
p845,e474
p9376,e595
p160,e253
p6139,e594
p1117,e243
p9631,e477
p349,e783
p5537,e604
p3065,e563
p5537,e103
p5323,e612
p6356,e412
p1953,e439
p8943,e2
p1703,e500
p747,e24
p2270,e576
p481,e589
p4481,e154
p3269,e502
p4583,e216
p2239,e809
p8234,e372
p6435,e394
p1321,e559
p398,e464
p7361,e365
p12,e72
p7315,e485
p3563,e524
p4625,e34
p408,e231
p1593,e501
p7893,e424
p1638,e125
p3830,e57
p1459,e30
p1531,e782
p9889,e340
p1340,e892
p1476,e849
p1739,e988
p8034,e652
p4498,e410
p2405,e194
p3297,e737
p8277,e514
p8590,e11
p6561,e15
p59,e455
p1759,e590
p2446,e624
p7944,e639
p8437,e151
p8136,e167
p464,e91
p3239,e712
p2090,e693
p9439,e342
p4732,e907
p5985,e97
p3062,e379
p6059,e651
p9602,e551
p2650,e915
p3642,e513
p5799,e433
p365,e177
p4207,e758
p1437,e801
p981,e429
p5625,e192
p2067,e992
p2414,e836
p4671,e992
p4350,e819
p51,e782
p9087,e791
p7886,e678
p9448,e131
p19,e168
p1867,e797
p6705,e45
p7943,e757
p9842,e267
p1816,e506
p4793,e996
p9403,e925
p9636,e431
p2840,e520
p8261,e669
p1871,e818
p7622,e215
p9639,e619
p1266,e9
p7724,e124
p8425,e924
p7189,e126
p3162,e723
p1658,e789
p1678,e896
p9283,e529
p2990,e465
p5133,e763
p4612,e775
p6208,e420
p2757,e363
p5352,e176
p6172,e493
p5078,e940
p6396,e633
p3721,e390
p9141,e886
p3145,e498
p7863,e844
p1221,e776
p5271,e446
p2079,e103
p1789,e947
p985,e463
p4639,e328
p8723,e76
p5023,e229
p6893,e776
p5732,e541
p6651,e151
p7691,e275
p7431,e189
p7026,e27
p8019,e822
p7730,e90
p2046,e494
p252,e102
p251,e470
p1065,e214
p6130,e562
p4315,e397
p9589,e482
p4463,e328
p795,e101
p7664,e292
p1208,e737
p3409,e743
p9950,e89
p9871,e658
p4761,e724
p6116,e551
p3573,e467
p6785,e821
p1582,e968
p9173,e140
p1032,e157
p7902,e795
p4263,e396
p7356,e901
p4611,e554
p6546,e552
p9109,e91
p4468,e275
p9258,e112
p7664,e590
p9547,e136
p6292,e220
p7210,e764
p1614,e504
p1553,e928
p2483,e735
p7929,e449
p48,e500
p502,e4
p2911,e903
p5796,e376
p224,e835
p4524,e173
p2960,e63
p3356,e896
p641,e890
p3324,e460
p823,e779
p3903,e341
p7196,e347
p9749,e519
p2749,e101
p9477,e198
p1816,e643
p73,e964
p7450,e739
p5230,e296
p8121,e683
p2820,e566
p7353,e309
p254,e977
p3985,e989
p4595,e173
p6263,e570
p1737,e162
p3164,e137
p824,e400
p2523,e315
p9825,e18
p5607,e514
p3790,e250
p2264,e807
p6110,e700
p9709,e120
p6307,e914
p6935,e618
p7167,e502
p4646,e275
p2631,e786
p6680,e461
p3689,e749
p9375,e140
p9877,e675
p333,e358
p4873,e930
p1533,e878
p964,e182
p646,e555
p2506,e714
p1564,e159
p7901,e247
p5289,e592
p7327,e754
p7044,e702
p712,e876
p6809,e206
p4356,e479
p9002,e606
p434,e194
p3344,e577
p2138,e251
p8749,e9
p1494,e185
p9065,e23
p1097,e182
p7138,e464
p9208,e669
p6410,e53
p3293,e781
p466,e840
p7957,e701
p5244,e313
p8923,e190
p214,e849
p3459,e651
p4327,e929
p5466,e704
p4358,e969
p76,e847
p3158,e387
p6645,e589
p3131,e477
p1563,e322
p5252,e840
p3876,e729
p4343,e206
p2683,e188
p7514,e801
p1444,e341
p8253,e121
p9868,e707
p9238,e914
p5406,e762
p8118,e552
p278,e627
p3956,e466
p7682,e185
p8597,e642
p7896,e261
p1261,e100
p171,e523
p3868,e311
p9782,e439
p6013,e511
p2276,e472
p9743,e403
p4059,e272
p6974,e146
p8564,e913
p5551,e816
p480,e327
p6010,e40
p9588,e780
p3407,e817
p5179,e585
p6708,e309
p9256,e811
p7353,e558
p1790,e647
p2551,e375
p3378,e6
p1462,e690
p7619,e879
p677,e338
p9038,e267
p3305,e991
p8585,e941
p7558,e684
p8600,e109
p3543,e660
p7855,e407
p9976,e955
p4637,e948
p1700,e977
p8460,e567
p6036,e626
p8129,e272
p3764,e47
p6675,e372
p7079,e52
p6027,e519
p4344,e778
p37,e915
p7486,e523
p4077,e906
p3101,e217
p8857,e358
p6159,e538
p8998,e603
p1889,e255
p4198,e175
p3363,e716
p6700,e201
p2367,e273
p3481,e354
p7535,e410
p6669,e143
p3546,e499
p2806,e151
p7150,e727
p6383,e601
p7448,e425
p4621,e727
p3560,e462
p8658,e605
p2458,e621
p6917,e997
p8169,e771
p3745,e239
p9454,e892
p1666,e461
p9861,e978
p4479,e955
p8171,e773
p7816,e271
p4082,e839
p5713,e17
p5592,e332
p9851,e403
p7617,e73
p6049,e265
p3549,e483
p8539,e334
p1407,e897
p2370,e721
p8335,e91
p1693,e656
p9924,e29
p2633,e981
p5667,e858
p4012,e111
p6483,e90
p3646,e842
p282,e544
p142,e572
p6619,e527
p5715,e466
p8723,e372
p6784,e692
p8290,e504
p2214,e751
p4048,e40
p7907,e163
p78,e757
p6627,e486
p6746,e620
p6990,e886
p6559,e477
p3241,e50
p399,e667
p912,e648
p9263,e113
p2723,e368
p1075,e311
p4036,e836
p1181,e415
p1408,e37
p1359,e474
p594,e481
p635,e799
p2119,e926
p9501,e551
p200,e300
p3772,e816
p7932,e493
p8090,e616
p4411,e153
p6368,e700
p6199,e504
p3513,e282
p9785,e862
p5939,e69
p4760,e276
p5161,e780
p7014,e712
p6175,e421
p6879,e586
p7939,e146
p1016,e39
p5875,e840
p2094,e46
p2648,e277
p6279,e521
p2967,e826
p1674,e585
p8509,e540
p265,e873
p946,e226
p8429,e505
p9105,e816
p4407,e447
p5968,e475
p1702,e218
p1528,e22
p716,e450
p382,e934
p8019,e570
p1587,e401
p3956,e651
p7295,e667
p5537,e756
p885,e567
p9091,e397
p3554,e293
p2784,e328
p3864,e347
p5121,e284
p9305,e170
p5433,e659
p3709,e258
p6952,e957
p6643,e520
p2776,e227
p1834,e843
p3168,e567
p8662,e633
p4568,e842
p3980,e233
p972,e37
p632,e257
p6482,e2
p4351,e283
p8945,e836
p2413,e22
p9214,e836
p2142,e529
p7169,e838
p1302,e270
p3199,e451
p9447,e857
p3124,e884
p8320,e920
p5087,e835
p4694,e140
p9392,e43
p2069,e625
p2684,e152
p8483,e943
p2839,e955
p4709,e453
p4,e800
p2054,e54
p3056,e69
p3681,e840
p440,e116
p7370,e143
p8720,e560
p1082,e992
p9062,e653
p1766,e890
p5666,e961
p4900,e307
p2792,e317
p9715,e581
p530,e984
p1166,e777
p9364,e847
p4591,e416
p319,e100
p819,e694
p6629,e857
p2941,e450
p6627,e133
p4234,e602
p1554,e302
p788,e17
p7532,e476
p7915,e761
p1922,e788
p3314,e84
p4010,e9
p1826,e983
p6392,e514
p5120,e470
p9985,e408
p4673,e780
p9572,e150
p6626,e670
p6495,e600
p96,e762
p2765,e354
p7223,e592
p6602,e74
p4331,e75
p5039,e607
p8827,e447
p888,e970
p2248,e272
p5320,e10
p8822,e290
p430,e26
p8305,e21
p711,e715
p2845,e109
p7910,e687
p5593,e691
p4199,e925
p9074,e246
p6956,e639
p4709,e428
p9174,e73
p4669,e877
p2720,e801
p972,e581
p5718,e257
p3432,e846
p1665,e778
p1754,e303
p1246,e37
p3013,e256
p3168,e202
p9656,e57
p5506,e481
p6970,e629
p6437,e744
p9922,e776
p5725,e120
p3118,e377
p5989,e855
p8447,e816
p2689,e638
p3909,e339
p1458,e802
p739,e964
p5397,e833
p1398,e141
p7414,e517
p2369,e879
p6288,e156
p5130,e851
p7964,e339
p4614,e993
p4000,e121
p3745,e311
p754,e285
p4100,e702
p6993,e834
p9269,e882
p1544,e172
p4852,e312
p797,e63
p4202,e791
p7418,e171
p6864,e489
p3857,e833
p5807,e360
p6196,e72
p8908,e979
p5051,e549
p4516,e681
p395,e418
p434,e341
p6327,e804
p2046,e693
p1814,e269
p6720,e226
p1161,e165
p4623,e165
p6518,e992
p7781,e369
p1857,e807
p2842,e76
p9437,e495
p6090,e11
p3916,e87
p2464,e942
p1071,e766
p325,e388
p1293,e286
p683,e772
p556,e207
p4825,e236
p5515,e700
p8478,e927
p1787,e616
p3428,e491
p7922,e347
p7668,e926
p9023,e657
p1977,e126
p1213,e34
p5408,e624
p3486,e30
p8614,e640
p4748,e913
p4740,e516
p9829,e528
p4150,e835
p8894,e175
p5827,e509
p2539,e647
p7783,e223
p3405,e683
p4197,e751
p7729,e61
p134,e344
p4625,e581
p5187,e397
p7251,e303
p9583,e730
p2074,e398
p4122,e88
p5932,e940
p7561,e533
p4544,e342
p331,e501
p3549,e905
p1758,e279
p5565,e285
p3399,e320
p5836,e62
p9536,e739
p9772,e667
p3744,e474
p1892,e199
p2373,e852
p4476,e90
p1382,e553
p1931,e839
p243,e681
p3006,e733
p7045,e27
p5614,e260
p6100,e656
p5223,e532
p3302,e494
p3007,e837
p5178,e213
p5782,e116
p3019,e254
p8392,e742
p8288,e562
p9713,e776
p4641,e238
p3395,e56
p4291,e896
p4793,e724
p8183,e975
p584,e451
p932,e117
p1207,e298
p3185,e228
p8168,e379
p2110,e210
p4678,e812
p61,e548
p8799,e71
p3036,e296
p6768,e798
p2178,e608
p2017,e590
p380,e865
p4147,e669
p90,e516
p1930,e528
p469,e410
p5295,e441
p5207,e99
p3362,e130
p8130,e770
p7347,e459
p3013,e107
p1647,e296
p4577,e266
p3996,e739
p1352,e494
p3969,e188
p9987,e849
p4090,e311
p5784,e165
p8731,e375
p4295,e856
p8616,e443
p9551,e542
p6229,e956
p8224,e173
p4383,e288
p9053,e532
p9492,e73
p2049,e276
p7873,e496
p4425,e94
p5718,e218
p3215,e2
p155,e237
p9689,e346
p3325,e727
p1491,e829
p3730,e380
p7852,e458
p3484,e38
p3818,e430
p9952,e28
p964,e696
p7076,e829
p8837,e417
p3870,e137
p2897,e83
p1719,e639
p1243,e528
p2739,e556
p7969,e107
p7530,e976
p2802,e76
p5498,e535
p399,e475
p9927,e612
p4596,e188
p6680,e979
p9175,e769
p7904,e947
p7108,e917
p7035,e190
p4108,e453
p3080,e857
p4798,e781
p4752,e929
p5162,e839
p6872,e410
p2651,e812
p3481,e591
p2886,e198
p1241,e120
p2397,e693
p4480,e841
p9265,e742
p994,e369
p8520,e872
p225,e408
p6357,e251
p532,e74
p7545,e289
p5538,e256
p8561,e469
p1805,e363
p9370,e338
p311,e971
p6089,e121
p2667,e57
p1177,e681
p7290,e933
p9607,e344
p9091,e739
p5682,e503
p9176,e867
p2614,e428
p9582,e948
p4358,e940
p4824,e851
p7938,e622
p5538,e991
p9894,e878
p5317,e995
p9794,e449
p9090,e745
p4335,e227
p6330,e785
p6922,e960
p6463,e186
p3200,e812
p5927,e603
p9110,e903
p6142,e635
p2559,e998
p4172,e742
p6468,e832
p9691,e604
p7847,e966
p9000,e208
p4089,e31
p4795,e611
p508,e443
p2046,e348
p1243,e27
p2891,e678
p2418,e931
p5465,e784
p1541,e917
p7694,e612
p4238,e212
p8872,e761
p2791,e528
p9567,e620
p4143,e959
p8014,e752
p6867,e682
p2981,e630
p8943,e294
p6815,e221
p768,e38
p7058,e665
p3307,e818
p9991,e533
p8440,e159
p1741,e559
p9070,e111
p9313,e65
p8097,e310
p9614,e890
p7351,e887
p6088,e662
p7689,e570
p7495,e519
p843,e486
p7836,e870
p9854,e743
p7155,e567
p9348,e112
p4915,e879
p6880,e531
p960,e678
p905,e807
p5707,e559
p125,e392
p5572,e640
p3062,e538
p6334,e256
p1589,e558
p5778,e473
p6681,e659
p123,e414
p9315,e23
p4307,e28
p3025,e98
p2538,e573
p368,e201
p8678,e711
p5027,e956
p5767,e51
p8215,e290
p3407,e92
p2990,e213
p8249,e257
p2507,e523
p1904,e829
p6014,e48
p6558,e695
p5521,e435
p5206,e245
p4087,e974
p5481,e495
p6363,e224
p3783,e136
p2295,e138
p5627,e611
p1031,e563
p4228,e486
p9915,e405
p6088,e528
p386,e67
p1692,e867
p3618,e343
p5382,e259
p2377,e873
p9946,e764
p650,e857
p2977,e421
p1551,e976
p2434,e803
p7964,e522
p4425,e626
p5394,e768
p7253,e738
p3467,e878
p2788,e904
p4664,e14
p8173,e323
p9571,e955
p5535,e273
p2654,e70
p8589,e546
p8943,e977
p1424,e690
p27,e290
p4698,e141
p9607,e233
p4030,e598
p9204,e42
p5455,e942
p6831,e297
p33,e86
p1791,e663
p9533,e490
p4862,e369
p6768,e572
p6832,e422
p8907,e12
p4709,e951
p174,e741
p9962,e473
p1561,e746
p9617,e319
p5718,e366
p2331,e945
p2305,e321
p6694,e746
p2548,e582
p3572,e698
p6818,e805
p4266,e936
p7564,e637
p7920,e623
p4158,e681
p4403,e679
p2187,e15
p6475,e271
p7341,e600
p5586,e176
p3565,e669
p8358,e521
p8168,e197
p6723,e493
p4475,e539
p1878,e176
p6056,e756
p2770,e141
p8268,e310
p6823,e30
p2651,e242
p8026,e227
p4498,e183
p9654,e37
p328,e250
p3419,e231
p6345,e768
p363,e276
p8836,e521
p7526,e203
p1516,e925
p5115,e929
p1040,e54
p6776,e845
p3808,e218
p3818,e166
p1489,e327
p4767,e930
p9300,e179
p523,e128
p1887,e58
p4133,e740
p9730,e957
p6750,e455
p4048,e517
p2697,e259
p4511,e857
p6742,e717
p1090,e855
p4370,e424
p27,e422
p4573,e134
p4377,e945
p1220,e519
p9273,e195
p6662,e298
p6018,e601
p1064,e688
p150,e362
p6913,e622
p7575,e174
p2887,e117
p513,e325
p5732,e272
p8316,e854
p6816,e517
p8116,e211
p4400,e639
p1674,e263
p288,e494
p4125,e311
p2856,e21
p8176,e713
p5940,e680
p4466,e72
p8907,e915
p5315,e234
p8873,e933
p3109,e432
p6852,e663
p315,e632
p603,e840
p9912,e57
p775,e240
p7970,e565
p8920,e561
p985,e311
p4473,e126
p2203,e973
p9700,e591
p9850,e77
p380,e818
p6087,e260
p8873,e306
p7454,e678
p9788,e239
p5280,e384
p2551,e856
p245,e98
p8141,e828
p3931,e317
p9862,e913
p7832,e176
p8571,e55
p862,e472
p6699,e96
p3273,e721
p525,e172
p5081,e209
p1771,e558
p7392,e510
p7120,e482
p6246,e21
p6372,e415
p4285,e992
p820,e695
p3527,e554
p903,e13
p6137,e676
p6839,e736
p1749,e686
p5674,e125
p4748,e984
p2034,e79
p889,e126
p7277,e719
p1420,e677
p2703,e601
p4247,e273
p8061,e117
p8684,e375
p3710,e623
p1560,e980
p8512,e605
p3128,e42
p1259,e129
p4114,e208
p36,e327
p6935,e610
p2706,e456
p8788,e18
p9,e991
p343,e892
p4414,e646
p3429,e811
p12,e325
p8712,e543
p2497,e188
p1300,e82
p2557,e101
p6425,e318
p2511,e465
p8875,e30
p8538,e56
p9507,e871
p7738,e644
p2707,e661
p3616,e43
p3480,e753
p2647,e269
p7555,e237
p3738,e936
p3610,e37
p566,e263
p4451,e958
p766,e651
p2853,e478
p6059,e996
p9797,e529
p5346,e733
p8283,e811
p1273,e832
p6502,e529
p1288,e591
p421,e828
p7609,e162
p8682,e608
p9913,e274
p7355,e537
p4764,e231
p8105,e299
p2900,e160
p9726,e832
p4282,e29
p8720,e460
p3679,e352
p1329,e554
p3758,e853
p8124,e546
p2423,e369
p2860,e194
p6434,e626
p8725,e700
p906,e874
p8375,e797
p3696,e724
p6912,e685
p6568,e147
p6082,e97
p9968,e122
p9653,e883
p1540,e884
p7204,e64
p9414,e14
p5983,e554
p7515,e667
p2554,e707
p9866,e468
p2121,e568
p3415,e562
p1372,e51
p1749,e203
p4959,e499
p3601,e221
p8715,e663
p9953,e830
p7092,e630
p5893,e24
p7451,e594
p5251,e396
p9611,e828
p209,e146
p4185,e674
p7936,e270
p2074,e974
p2747,e79
p1089,e528
p4988,e296
p2303,e392
p6283,e646
p8714,e877
p3840,e689
p8595,e953
p4477,e436
p2754,e258
p4982,e999
p2701,e219
p3145,e961
p9939,e764
p1302,e859
p3317,e518
p7173,e680
p1171,e612
p2774,e387
p9267,e319
p6532,e690
p8728,e50
p3486,e306
p1592,e373
p8293,e507
p8901,e2
p2217,e418
p7941,e367
p9633,e582
p5764,e307
p1352,e890
p3552,e190
p127,e51
p2274,e956
p198,e422
p2794,e387
p7117,e353
p9502,e40
p6246,e595
p8126,e501
p7515,e240
p453,e624
p2034,e763
p2440,e61
p2158,e319
p4066,e593
p2684,e345
p2846,e493
p7245,e896
p9358,e194
p1831,e263
p838,e595
p5907,e196
p7768,e901
p4715,e315
p1452,e596
p8290,e941
p4477,e358
p3361,e577
p3003,e671
p5969,e372
p9883,e509
p663,e198
p3056,e531
p118,e187
p3437,e763
p9438,e997
p3478,e545
p1446,e821
p9038,e100
p6470,e335
p9045,e928
p7686,e113
p9442,e545
p8168,e264
p5331,e84
p4120,e77
p5441,e443
p9393,e261
p1748,e83
p1129,e749
p2155,e446
p5531,e946
p7837,e41
p7393,e868
p8653,e40
p7194,e263
p7937,e473
p375,e993
p7606,e46
p5226,e545
p4471,e52
p1451,e155
p7113,e705
p9565,e47
p4714,e983
p6681,e213
p6003,e38
p9515,e444
p111,e483
p4692,e191
p7006,e430
p1516,e418
p5020,e635
p9022,e782
p2707,e521
p7164,e365
p7229,e777
p1265,e134
p4682,e772
p270,e804
p999,e823
p6327,e78
p1954,e193
p7991,e800
p7259,e441
p9614,e244
p3452,e27
p4015,e662
p4359,e756
p3383,e879
p4612,e888
p6743,e822
p6992,e685
p1022,e207
p8671,e39
p1865,e502
p4589,e592
p4411,e343
p7509,e493
p3681,e290
p1353,e50
p9262,e753
p6578,e396
p1037,e247
p6421,e873
p583,e942
p4882,e199
p5081,e697
p2382,e15
p8217,e521
p7772,e931
p9831,e818
p4036,e127
p4023,e108
p736,e70
p469,e114
p9781,e250
p3494,e689
p6141,e369
p7367,e560
p7557,e244
p1210,e641
p6263,e847
p664,e93
p536,e413
p1555,e741
p7159,e168
p186,e302
p4869,e816
p9492,e88
p5098,e742
p9895,e182
p3148,e221
p6306,e387
p8949,e108
p7072,e118
p3495,e502
p3879,e507
p6521,e19
p7288,e937
p5863,e22
p2886,e274
p3008,e599
p7132,e134
p7256,e668
p5549,e563
p7726,e8
p9274,e547
p9474,e328
p4517,e173
p4584,e826
p8750,e416
p3992,e120
p8168,e422
p5934,e265
p7882,e321
p8587,e498
p6607,e205
p7945,e905
p2694,e888
p1939,e772
p8118,e308
p9110,e300
p7149,e416
p4375,e85
p8346,e21
p4155,e788
p92,e426
p9211,e171
p330,e387
p171,e579
p7741,e594
p3422,e968
p2027,e641
p7041,e526
p2856,e733
p838,e680
p1523,e132
p5226,e436
p4826,e484
p4986,e367
p9213,e94
p1522,e673
p2728,e858
p1636,e929
p1783,e545
p8964,e314
p9387,e736
p286,e65
p6403,e133
p3270,e496
p4748,e61
p8430,e358
p1693,e364
p7368,e433
p7304,e236
p5690,e498
p5773,e455
p8649,e246
p1938,e730
p9593,e421
p2930,e770
p10,e326
p3292,e425
p5339,e999
p6840,e375
p7886,e693
p1761,e772
p9074,e36
p5358,e472
p697,e136
p6204,e607
p7998,e355
p8906,e671
p3715,e670
p8017,e227
p3257,e773
p780,e1
p4363,e610
p7497,e347
p5877,e530
p91,e919
p3879,e949
p9102,e722
p118,e189
p9435,e944
p351,e859
p8878,e108
p2028,e764
p4468,e222
p8062,e394
p906,e346
p4460,e543
p8779,e640
p4025,e799
p5910,e895
p9497,e556
p5670,e190
p7976,e689
p7283,e60
p3829,e87
p3248,e275
p46,e838
p2168,e774
p8377,e42
p504,e436
p6892,e705
p7468,e638
p591,e409
p7389,e607
p7108,e119
p6826,e570
p5832,e215
p7280,e675
p8885,e567
p8276,e146
p191,e387
p8306,e923
p9099,e279
p7775,e52
p1169,e949
p8485,e918
p7304,e661
p2547,e428
p4701,e544
p339,e550
p6591,e165
p7309,e406
p1081,e905
p764,e17
p1205,e470
p4193,e186
p1570,e672
p1374,e627
p7708,e848
p7476,e542
p7082,e993
p3467,e545
p9632,e236
p7329,e135
p5564,e161
p8609,e435
p5291,e406
p694,e703
p9940,e0
p200,e422
p7592,e454
p463,e735
p5296,e353
p7579,e109
p5110,e664
p6364,e517
p179,e655
p4849,e705
p611,e676
p932,e911
p9909,e128
p8242,e793
p1080,e343
p6021,e585
p689,e772
p8180,e884
p3155,e445
p8643,e428
p5714,e177
p5907,e685
p9396,e722
p9979,e744
p4452,e760
p5398,e212
p2432,e851
p5072,e620
p6671,e634
p7813,e641
p1979,e927
p8775,e548
p9525,e903
p2374,e866
p6939,e389
p3248,e591
p1618,e632
p6594,e703
p3272,e937
p6950,e655
p1844,e238
p5547,e158
p3597,e386
p4754,e980
p250,e385
p8305,e982
p8733,e985
p4423,e695
p3030,e332
p558,e779
p7003,e140
p7960,e56
p5650,e642
p5523,e828
p7935,e49
p7925,e10
p1893,e406
p6105,e579
p6602,e775
p993,e597
p9766,e65
p937,e493
p6685,e326
p5083,e193
p913,e734
p5523,e708
p8720,e11
p8320,e209
p9581,e251
p2061,e426
p8836,e727
p6561,e186
p3020,e163
p5530,e222
p3042,e724
p5830,e382
p7822,e412
p2192,e867
p3160,e53
p9182,e767
p4163,e295
p5418,e5
p5544,e241
p3929,e13
p2010,e319
p8103,e775
p6832,e767
p7753,e192
p9853,e666
p6239,e356
p3046,e106
p453,e207
p5245,e78
p510,e444
p7475,e478
p3653,e482
p2096,e151
p2036,e268
p7019,e769
p9286,e913
p3047,e881
p7415,e48
p21,e50
p358,e515
p8741,e351
p3843,e755
p2235,e676
p9125,e903
p7317,e627
p2641,e68
p4863,e708
p8711,e920
p8296,e15
p1390,e113
p6303,e215
p8161,e604
p8274,e638
p1895,e861
p1199,e292
p8635,e571
p9223,e574
p271,e457
p9354,e661
p8252,e378
p5342,e990
p9603,e900
p4006,e298
p2077,e626
p2883,e577
p2326,e228
p3842,e953
p622,e480
p6549,e939
p397,e837
p609,e872
p1215,e835
p3957,e666
p4923,e567
p541,e991
p4135,e187
p4467,e522
p3453,e914
p7330,e227
p815,e208
p4032,e328
p7829,e565
p4287,e296
p8001,e980
p8827,e299
p4244,e609
p4513,e79
p5100,e429
p6400,e559
p9287,e781
p6319,e309
p2766,e20
p4589,e944
p6511,e111
p2420,e741
p3738,e872
p9717,e956
p9129,e37
p7491,e174
p9380,e602
p8860,e393
p4814,e964
p1547,e184
p2420,e868
p6721,e785
p9170,e636
p9593,e320
p3584,e608
p975,e746
p2689,e222
p9706,e14
p3642,e89
p9749,e132
p9191,e273
p9947,e929
p8113,e206
p4359,e632
p1506,e329
p4362,e647
p1137,e915
p6167,e770
p5367,e960
p2844,e505
p5797,e408
p5988,e60
p5726,e496
p2095,e842
p6610,e882
p2312,e292
p8013,e575
p349,e878
p7077,e794
p7937,e897
p6232,e945
p5092,e82
p2517,e967
p1850,e814
p1880,e531
p4019,e684
p2240,e391
p2459,e804
p2844,e756
p5015,e266
p1402,e12
p9257,e414
p7392,e81
p4623,e304
p3647,e80
p5134,e1
p7618,e336
p2087,e29
p6265,e146
p4929,e104
p4552,e274
p6477,e341
p8715,e942
p3219,e491
p7746,e6
p4379,e403
p6496,e403
p985,e598
p3052,e857
p4176,e629
p9694,e819
p2255,e392
p8290,e782
p5132,e616
p9023,e127
p2001,e869
p9694,e372
p1709,e581
p7359,e219
p6586,e967
p2066,e76
p7859,e81
p31,e928
p8849,e764
p8565,e707
p7495,e98
p6405,e589
p5820,e447
p6834,e543
p5627,e958
p7459,e822
p8880,e568
p8146,e801
p9315,e14
p3743,e321
p9409,e968
p8596,e472
p4098,e607
p5811,e200
p6600,e771
p9480,e818
p9196,e425
p1607,e793
p2110,e304
p5001,e742
p8962,e741
p7721,e928
p8694,e146
p5400,e932
p5956,e919
p5842,e938
p641,e52
p9545,e309
p85,e481
p2664,e249
p4111,e708
p1619,e848
p4731,e630
p5154,e501
p4502,e553
p3754,e921
p1698,e852
p5984,e652
p9810,e672
p5849,e85
p8209,e628
p533,e554
p9439,e270
p1190,e866
p8429,e102
p7604,e66
p206,e58
p5820,e571
p7527,e394
p3228,e793
p1372,e328
p9701,e625
p4477,e90
p9393,e247
p2034,e400
p3402,e373
p1454,e776
p3373,e616
p7216,e944
p9215,e990
p7008,e79
p8961,e393
p1607,e544
p3229,e324
p6535,e68
p6416,e346
p386,e236
p1187,e671
p4898,e360
p988,e345
p1687,e576
p2135,e628
p4703,e493
p7181,e536
p1492,e60
p3677,e336
p2941,e144
p3306,e444
p6433,e237
p2429,e806
p2935,e204
p6126,e513
p5082,e451
p7183,e171
p1180,e707
p9250,e273
p8796,e224
p4384,e12
p6230,e829
p4151,e573
p1864,e681
p9538,e542
p5634,e631
p2347,e831
p7775,e509
p1009,e830
p2376,e979
p1007,e584
p6388,e780
p493,e562
p9621,e816
p602,e674
p9073,e287
p4070,e288
p1024,e412
p6968,e143
p6340,e802
p8224,e66
p1385,e322
p518,e999
p3531,e609
p3646,e525
p606,e733
p5946,e992
p8666,e167
p917,e201
p8815,e503
p4029,e36
p9948,e529
p2267,e317
p4413,e819
p8032,e958
p7352,e230
p8678,e665
p9164,e790
p2079,e839
p57,e888
p2734,e24
p7122,e178
p1387,e119
p7793,e216
p3987,e666
p4917,e732
p5942,e40
p1771,e421
p9536,e536
p2889,e686
p3706,e535
p6615,e991
p9566,e131
p9885,e882
p444,e241
p6475,e22
p9151,e326
p4427,e991
p2850,e269
p5795,e508
p5458,e643
p2064,e868
p3219,e363
p2694,e284
p6757,e848
p6829,e248
p3775,e216
p8043,e560
p462,e781
p6777,e900
p1122,e450
p2367,e938
p6069,e601
p7889,e92
p9031,e768
p5029,e210
p2009,e868
p3446,e417
p4977,e389
p4357,e418
p7881,e191
p5780,e896
p516,e886
p6784,e742
p4468,e538
p7812,e224
p952,e45
p3308,e97
p4762,e256
p8007,e760
p6332,e667
p3579,e812
p9190,e832
p698,e926
p7697,e46
p4067,e620
p7662,e95
p4394,e188
p2294,e807
p3967,e779
p8843,e417
p3501,e953
p3587,e207
p6133,e239
p4794,e348
p2177,e164
p5530,e353
p9820,e356
p7505,e478
p3255,e479
p6980,e593
p9795,e998
p5466,e960
p32,e732
p3013,e535
p7352,e424
p9379,e618
p6053,e923
p1092,e616
p5072,e379
p5674,e122
p3308,e243
p2843,e920
p2562,e711
p1206,e303
p9864,e88
p6839,e700
p109,e669
p4548,e405
p1553,e709
p5290,e834
p8651,e770
p9982,e957
p9335,e72
p9044,e168
p523,e386
p1023,e116
p386,e140
p2866,e142
p4747,e26
p4586,e990
p7382,e989
p5031,e898
p7831,e508
p4524,e839
p4224,e859
p5070,e789
p9303,e851
p2489,e383
p8034,e109
p4262,e930
p273,e556
p6712,e666
p2761,e981
p6968,e362
p2063,e47
p8643,e78
p4369,e376
p6998,e721
p4431,e772
p422,e88
p1789,e446
p1761,e239
p4503,e193
p6401,e514
p980,e338
p8964,e404
p3856,e115
p362,e966
p1956,e713
p2555,e32
p3522,e395
p4012,e726
p1526,e227
p9560,e836
p9552,e807
p4079,e254
p3163,e17
p4320,e263
p7958,e926
p4971,e81
p7309,e738
p1518,e242
p658,e661
p2666,e426
p9222,e15
p3111,e385
p4801,e547
p2866,e204
p2766,e323
p9767,e354
p4058,e558
p4982,e161
p9593,e424
p1030,e189
p5882,e458
p4486,e421
p2577,e958
p2884,e799
p6005,e922
p9802,e295
p4739,e799
p1961,e789
p2299,e961
p267,e704
p8721,e405
p4926,e104
p2217,e927
p2717,e383
p4689,e375
p4254,e934
p7884,e730
p338,e619
p5817,e647
p3815,e546
p8732,e339
p5536,e216
p8703,e767
p5009,e870
p2260,e50
p3395,e832
p3109,e684
p4926,e820
p6085,e478
p9985,e933
p4196,e853
p5282,e862
p2413,e107
p6815,e470
p4683,e74
p8668,e712
p2181,e271
p7606,e367
p2899,e557
p6908,e890
p3720,e26
p4112,e212
p5848,e503
p176,e503
p6914,e383
p5286,e666
p7742,e417
p5620,e137
p2573,e146
p6807,e85
p133,e952
p5261,e935
p2202,e19
p9327,e37
p4282,e929
p489,e268
p9896,e616
p5973,e492
p234,e492
p2144,e809
p4693,e227
p9736,e446
p1739,e702
p413,e115
p2021,e421
p4258,e962
p5777,e207
p1562,e487
p9774,e197
p9854,e103
p8778,e551
p5820,e866
p103,e274
p4571,e801
p2149,e567
p9944,e697
p708,e980
p1136,e670
p3005,e167
p5120,e451
p4099,e876
p993,e579
p7491,e560
p9124,e28
p299,e155
p133,e130
p2207,e872
p6310,e623
p2297,e386
p3639,e475
p688,e738
p6516,e970
p7256,e736
p8442,e567
p4931,e773
p3776,e512
p6898,e71
p5806,e175
p1699,e209
p5362,e29
p6486,e336
p8316,e270
p188,e628
p194,e111
p938,e493
p8816,e368
p8365,e17
p5301,e843
p671,e177
p7450,e356
p3211,e914
p9848,e942
p1028,e388
p644,e326
p8032,e312
p2512,e750
p1932,e452
p7070,e116
p6829,e702
p7938,e930
p8205,e90
p5135,e635
p1512,e261
p7182,e685
p2537,e572
p7047,e940
p8691,e91
p4472,e855
p6412,e763
p9002,e772
p7613,e906
p8813,e648
p2924,e409
p4727,e138
p7317,e728
p3650,e792
p1276,e635
p1904,e240
p9569,e261
p6685,e997
p943,e851
p3063,e674
p8709,e166
p5419,e426
p1961,e224
p9864,e570
p7621,e190
p4660,e574
p1406,e52
p9842,e410
p8130,e166
p6389,e747
p748,e434
p9392,e406
p4991,e919
p4894,e351
p9416,e187
p1693,e757
p8373,e488
p8206,e144
p7188,e25
p5069,e415
p7381,e551
p4786,e72
p8189,e580
p5708,e849
p7109,e97
p2695,e574
p7870,e783
p4555,e135
p4220,e505
p3243,e28
p1977,e707
p9109,e13
p8769,e27
p8711,e807
p4925,e238
p8980,e100
p3515,e126
p4468,e420
p7290,e446
p3904,e246
p4336,e251
p5748,e876
p4374,e157
p9208,e215
p5332,e928
p7771,e524
p9214,e75
p7005,e297
p8422,e991
p3921,e317
p8742,e208
p3983,e712
p4171,e746
p4443,e628
p3342,e579
p968,e154
p3317,e643
p9991,e809
p3697,e0
p454,e531
p1906,e784
p8455,e228
p5336,e337
p2112,e32
p2718,e697
p6598,e137
p4330,e982
p8123,e779
p1567,e44
p1152,e740
p9164,e59
p3161,e957
p7251,e165
p2167,e73
p2033,e737
p6958,e780
p6346,e515
p5528,e883
p9677,e730
p7782,e578
p4376,e969
p745,e310
p3145,e319
p6182,e207
p3864,e826
p191,e51
p1099,e399
p8808,e370
p8328,e565
p924,e471
p1239,e76
p475,e643
p5848,e137
p7906,e880
p5843,e659
p1969,e882
p5719,e260
p8724,e401
p4578,e256
p5465,e728
p8499,e561
p457,e33
p3080,e481
p386,e799
p772,e134
p5943,e398
p8950,e801
p1295,e585
p6233,e654
p5214,e365
p4091,e156
p2794,e82
p4855,e930
p9940,e74
p1643,e227
p4855,e91
p5016,e200
p8169,e697
p3650,e762
p4148,e737
p5578,e283
p7597,e214
p4035,e896
p8732,e199
p8651,e119
p9223,e588
p2254,e397
p3320,e539
p5879,e571
p2868,e478
p7231,e50
p8113,e612
p2106,e379
p5967,e712
p2773,e531
p6673,e771
p7314,e587
p9432,e9
p5973,e110
p5524,e422
p6004,e97
p7653,e366
p1118,e860
p6850,e400
p4066,e722
p9790,e885
p3252,e514
p9474,e450
p1200,e344
p1310,e985
p4690,e676
p5890,e235
p6218,e988
p3830,e412
p7694,e52
p8996,e797
p4155,e232
p3804,e96
p2822,e647
p4157,e991
p2980,e359
p445,e69
p8736,e891
p7363,e474
p4599,e225
p9989,e397
p744,e111
p444,e136
p2525,e927
p6780,e280
p356,e92
p8961,e534
p5080,e882
p1461,e167
p4436,e466
p8236,e501
p7943,e656
p5180,e902
p3152,e819
p8326,e276
p3785,e61
p2671,e478
p2103,e10
p2582,e62
p7649,e385
p4045,e29
p5563,e350
p1202,e252
p218,e462
p888,e920
p2590,e106
p1835,e666
p1983,e861
p9371,e531
p4276,e733
p9147,e141
p4459,e362
p6110,e352
p9891,e260
p5080,e414
p5382,e436
p4620,e705
p1015,e682
p7210,e92
p9801,e849
p5526,e156
p1120,e992
p8896,e536
p1262,e908
p8434,e564
p6613,e203
p6638,e104
p6934,e395
p5722,e51
p7345,e70
p3878,e327
p6550,e684
p8490,e81
p9046,e855
p7310,e830
p8581,e950
p5240,e694
p609,e119
p723,e596
p7390,e382
p901,e854
p2574,e852
p6774,e95
p9693,e895
p9730,e909
p282,e945
p5137,e692
p2826,e588
p3345,e531
p7386,e351
p3267,e931
p5609,e734
p7103,e91
p6861,e788
p875,e281
p5796,e401
p6388,e716
p585,e892
p4071,e51
p8353,e611
p4737,e170
p654,e220
p5067,e756
p942,e90
p7959,e366
p2826,e136
p1687,e407
p2407,e825
p8974,e583
p3182,e435
p286,e788
p9768,e509
p4521,e529
p4074,e535
p7731,e440
p3513,e329
p4239,e735
p7521,e138
p2545,e255
p2276,e719
p8129,e774
p3706,e947
p2158,e488
p6487,e220
p927,e40
p1609,e509
p1987,e130
p2402,e436
p54,e78
p3050,e211
p4983,e101
p7959,e309
p449,e456
p4058,e913
p9998,e962
p5404,e395
p7358,e203
p9339,e712
p9253,e618
p5856,e318
p4332,e776
p6835,e117
p9583,e939
p8211,e883
p7533,e627
p9801,e514
p2480,e23
p3536,e782
p286,e125
p7086,e441
p1199,e284
p7619,e670
p3991,e145
p3433,e629
p2009,e582
p8044,e421
p1396,e166
p912,e499
p9144,e77
p2250,e3
p192,e648
p5117,e759
p4798,e592
p2492,e585
p9553,e990
p1544,e584
p8920,e183
p6625,e43
p441,e835
p7604,e219
p6383,e990
p1460,e945
p2305,e613
p8592,e869
p3578,e432
p602,e651
p3169,e137
p1275,e463
p4822,e654
p2609,e267
p3112,e57
p4630,e257
p3359,e959
p2016,e968
p5747,e393
p8026,e438
p6988,e124
p8904,e416
p9931,e182
p8926,e121
p8463,e413
p6460,e154
p9200,e655
p2029,e476
p2212,e92
p551,e884
p4972,e522
p6101,e689
p1671,e848
p4992,e784
p6838,e0
p6557,e897
p4708,e173
p1393,e34
p4466,e857
p8902,e531
p8505,e788
p5092,e203
p9501,e990
p9760,e988
p9313,e81
p2144,e743
p5275,e778
p5157,e239
p3347,e341
p5371,e110
p7838,e876
p623,e540
p5472,e138
p805,e215
p2747,e652
p8392,e362
p9128,e179
p6221,e233
p978,e194
p1849,e236
p619,e482
p1053,e834
p6722,e953
p7612,e959
p4451,e529
p9892,e888
p6649,e315
p5578,e164
p2737,e883
p5040,e598
p3767,e297
p6257,e763
p7759,e693
p8525,e714
p8194,e964
p274,e420
p8643,e607
p2852,e875
p8299,e434
p8707,e415
p2481,e736
p4653,e585
p9672,e31
p604,e19
p2302,e134
p5353,e646
p9863,e997
p9417,e133
p2505,e742
p9327,e439
p2886,e512
p7918,e623
p5732,e270
p1275,e523
p3896,e19
p2413,e724
p4580,e290
p8973,e283
p6302,e911
p4136,e777
p2058,e270
p9237,e915
p7737,e141
p2763,e413
p6402,e742
p9152,e525
p740,e613
p2615,e967
p9069,e588
p2879,e115
p4464,e94
p8055,e730
p5214,e11
p6475,e164
p8414,e846
p9108,e574
p8192,e462
p7191,e745
p5258,e322
p8009,e147
p4271,e372
p611,e763
p2157,e320
p9948,e177
p1680,e972
p9399,e724
p5551,e891
p237,e0
p5136,e208
p7525,e942
p1716,e512
p569,e110
p7463,e642
p3830,e174
p6885,e794
p1000,e770
p9806,e285
p4874,e312
p124,e111
p1473,e915
p1593,e664
p8336,e72
p5688,e246
p9813,e3
p1173,e937
p7370,e978
p2693,e790
p8083,e96
p6759,e411
p1,e14
p7116,e268
p5822,e178
p2761,e904
p4293,e206
p7810,e166
p9154,e183
p9525,e788
p5089,e242
p5738,e709
p7680,e131
p3719,e615
p5181,e168
p5618,e860
p1229,e363
p1036,e941
p1698,e767
p254,e119
p9435,e424
p7318,e387
p2349,e758
p4660,e590
p449,e975
p827,e896
p728,e396
p760,e864
p7307,e112
p4545,e625
p475,e352
p5549,e75
p3270,e884
p5531,e310
p6915,e0
p6714,e576
p2461,e711
p1754,e105
p2846,e436
p9628,e525
p5739,e305
p2561,e312
p4419,e854
p8806,e784
p541,e117
p3982,e609
p592,e947
p7887,e422
p3507,e246
p6642,e214
p6207,e804
p9296,e704
p3197,e750
p4271,e806
p7704,e774
p4779,e530
p742,e964
p6007,e841
p8728,e414
p2269,e889
p6834,e617
p3035,e177
p6014,e693
p7673,e359
p1847,e565
p2542,e657
p5676,e286
p1640,e971
p109,e710
p623,e884
p440,e639
p4110,e525
p3652,e358
p9863,e319
p4334,e261
p5116,e248
p9350,e687
p5095,e491
p4424,e444
p2936,e599
p7950,e431
p9038,e91
p5676,e297
p5366,e69
p9540,e951
p7457,e382
p5481,e697
p7365,e460
p1117,e858
p3960,e377
p4271,e550
p1565,e435
p3475,e204
p8923,e576
p3887,e909
p1657,e786
p9378,e554
p7554,e407
p8614,e495
p2480,e814
p6422,e582
p9597,e869
p8726,e634
p9927,e553
p5998,e857
p5905,e218
p7027,e281
p5048,e687
p731,e572
p9626,e912
p3676,e354
p3592,e447
p1225,e979
p7973,e844
p5756,e788
p9891,e544
p5080,e195
p2441,e189
p5504,e334
p7070,e881
p940,e702
p1897,e931
p7922,e960
p89,e636
p768,e846
p1125,e704
p3229,e191
p345,e840
p2016,e867
p6906,e668
p2217,e195
p551,e611
p6103,e625
p8306,e633
p2778,e620
p2338,e403
p7165,e252
p8918,e367
p2667,e984
p7726,e624
p6498,e266
p8293,e705
p3265,e75
p9074,e428
p2985,e445
p4529,e353
p3422,e850
p4956,e249
p794,e557
p1254,e43
p1754,e10
p4153,e721
p3565,e851
p6791,e246
p5156,e805
p941,e162
p535,e2
p2553,e86
p4424,e334
p3735,e392
p6668,e740
p4303,e599
p4582,e67
p6479,e766
p9964,e213
p7704,e569
p5004,e872
p7630,e39
p1538,e533
p8831,e748
p8996,e449
p180,e370
p9298,e222
p7207,e497
p6617,e527
p5266,e806
p3649,e885
p9268,e98
p284,e266
p7987,e457
p3933,e373
p4439,e900
p3649,e206
p8363,e420
p8515,e861
p5780,e134
p9363,e808
p6892,e892
p6013,e495
p499,e269
p3369,e70
p632,e50
p2560,e738
p7348,e882
p5247,e77
p274,e268
p1888,e338
p2297,e417
p3584,e307
p2097,e226
p3397,e814
p2194,e190
p1421,e459
p1947,e239
p3092,e746
p6669,e838
p6003,e562
p4480,e175
p1931,e966
p8594,e933
p6298,e422
p5759,e862
p2925,e80
p9357,e50
p3593,e366
p212,e968
p1412,e621
p2418,e424
p8210,e416
p2803,e853
p2237,e196
p5774,e673
p7260,e754
p2900,e60
p8467,e349
p97,e967
p2960,e209
p8230,e77
p4473,e808
p6627,e948
p3050,e584
p7874,e710
p4166,e110
p3102,e159
p6668,e507
p6782,e416
p2770,e962
p8714,e499
p8759,e628
p7343,e7
p8019,e876
p4675,e62
p974,e288
p818,e561
p7951,e136
p9277,e584
p959,e149
p8398,e863
p8448,e352
p4502,e469
p4220,e517
p1123,e18
p5823,e375
p1104,e699
p1891,e871
p5575,e734
p6803,e19
p3957,e473
p105,e902
p2158,e386
p4493,e329
p4319,e748
p3385,e494
p696,e349
p4437,e990
p7485,e780
p2822,e77
p6842,e737
p4437,e241
p4188,e592
p4271,e18
p5587,e670
p961,e853
p3083,e410
p5951,e468
p4532,e340
p6133,e841
p454,e896
p6594,e207
p9375,e816
p2188,e308
p9814,e990
p4608,e443
p4495,e108
p7589,e717
p2909,e136
p1622,e827
p5035,e103
p3788,e808
p2275,e396
p9555,e898
p7765,e91
p5370,e607
p1917,e671
p8175,e851
p3841,e411
p4212,e385
p7099,e226
p7896,e514
p8492,e933
p1093,e469
p6179,e812
p6209,e939
p701,e382
p546,e373
p8864,e77
p9231,e794
p3187,e920
p6174,e140
p2315,e287
p7101,e257
p935,e232
p2492,e652
p7625,e392
p6405,e467
p8263,e974
p9754,e159
p2936,e678
p8428,e696
p4599,e212
p2482,e969
p2188,e0
p9998,e57
p3261,e289
p9641,e536
p3941,e15
p4644,e508
p1865,e529
p6732,e125
p5404,e236
p5384,e480
p6542,e583
p5654,e59
p8096,e608
p8617,e800
p5943,e402
p9248,e811
p4487,e467
p4686,e129
p6583,e784
p4368,e974
p2334,e675
p8925,e980
p736,e255
p4518,e441
p2409,e236
p1652,e427
p2814,e258
p4106,e805
p3781,e716
p8634,e427
p7899,e693
p6046,e294
p4827,e736
p7531,e232
p8742,e358
p6354,e683
p1643,e567
p3880,e977
p9472,e812
p6682,e635
p3153,e972
p2628,e133
p1232,e503
p8663,e306
p7559,e722
p2394,e441
p5381,e368
p634,e826
p4974,e919
p781,e658
p2505,e104
p748,e227
p9364,e712
p864,e852
p8380,e114
p1033,e336
p9742,e137
p9845,e354
p7256,e434
p7993,e852
p609,e699
p5,e420
p8137,e467
p5868,e554
p3261,e754
p8940,e18
p2961,e907
p3860,e752
p7020,e111
p1400,e101
p7344,e191
p8059,e97
p133,e32
p8652,e906
p5749,e863
p3689,e903
p395,e218
p6563,e123
p1920,e641
p1368,e406
p5466,e396
p5701,e522
p5289,e475
p3043,e998
p4266,e269
p6909,e521
p960,e131
p8223,e409
p5236,e809
p7407,e514
p1933,e428
p995,e775
p5093,e928
p4690,e199
p8328,e602
p1724,e827
p4873,e204
p2475,e39
p1122,e725
p3842,e586
p3573,e127
p7949,e35
p2310,e82
p1433,e830
p3202,e402
p3546,e37
p8221,e191
p8249,e435
p1061,e775
p1103,e715
p6331,e11
p2277,e402
p7017,e331
p9882,e47
p8579,e67
p4881,e378
p246,e106
p6845,e467
p5736,e144
p438,e867
p9761,e101
p4870,e679
p8767,e237
p4255,e439
p1390,e757
p7427,e117
p6785,e142
p8802,e41
p6608,e809
p7870,e141
p9488,e551
p279,e189
p6004,e614
p5606,e847
p1049,e175
p754,e38
p7939,e632
p3747,e954
p9,e789
p6270,e101
p8834,e870
p5743,e964
p4898,e678
p8372,e207
p4232,e61
p7079,e171
p423,e763
p2417,e376
p3973,e871
p6049,e696
p9643,e114
p9714,e557
p3729,e147
p6827,e991
p7637,e311
p1467,e832
p6191,e626
p4545,e56
p5347,e689
p7592,e87
p5139,e132
p9314,e929
p8773,e123
p1553,e353
p5852,e241
p6202,e87
p8371,e239
p1983,e180
p4394,e664
p9920,e188
p5312,e897
p4915,e468
p6121,e735
p7242,e673
p2893,e143
p1681,e276
p9965,e456
p2953,e251
p1343,e616
p4997,e144
p9924,e419
p9147,e796
p3948,e931
p8767,e386
p9377,e836
p5700,e706
p2698,e560
p4340,e577
p8834,e208
p6468,e892
p1462,e648
p8487,e307
p1876,e969
p4802,e732
p8154,e153
p21,e959
p4049,e477
p8017,e961
p7962,e39
p6625,e781
p1541,e568
p8682,e124
p8940,e982
p2098,e103
p7916,e520
p5540,e614
p2372,e216
p6298,e862
p2273,e394
p4242,e5
p2211,e718
p2456,e997
p5905,e968
p8914,e414
p2349,e964
p3508,e747
p5049,e473
p8017,e447
p4227,e12
p3365,e95
p2514,e503
p4033,e79
p962,e223
p461,e293
p380,e713
p5020,e734
p7895,e38
p7710,e733
p4257,e700
p4037,e567
p6922,e118
p1174,e802
p1255,e975
p3290,e523
p7073,e440
p8904,e940
p4443,e671
p2291,e392
p8618,e839
p5625,e569
p9973,e111
p5916,e435
p4701,e907
p3240,e306
p4210,e905
p1453,e199
p2868,e781
p5291,e529
p6597,e274
p4507,e167
p8295,e706
p8878,e260
p3905,e146
p5383,e638
p2242,e616
p8095,e374
p9257,e504
p2196,e630
p9916,e217
p7197,e922
p518,e373
p2437,e116
p7125,e681
p3343,e169
p504,e200
p691,e899
p5074,e14
p6416,e509
p8428,e720
p2444,e329
p3204,e417
p6201,e21
p9398,e728
p4922,e841
p5827,e243
p2489,e482
p2978,e986
p8317,e634
p8279,e404
p3489,e287
p2312,e384
p3060,e61
p4045,e539
p3938,e491
p4700,e601
p5794,e670
p7810,e138
p1398,e946
p5097,e570
p1449,e989
p7204,e984
p4349,e863
p5610,e262
p5310,e892
p792,e714
p4084,e157
p6944,e757
p2516,e851
p8911,e701
p1207,e923
p6936,e885
p1955,e542
p62,e184
p4569,e784
p6869,e402
p8372,e582
p6701,e23
p5371,e340
p7825,e905
p6427,e929
p2142,e50
p6282,e138
p5782,e869
p1619,e414
p2174,e872
p4585,e311
p9818,e477
p839,e262
p5972,e528
p4831,e227
p1788,e756
p5859,e425
p459,e394
p9634,e30
p621,e521
p7169,e240
p1092,e89
p4326,e985
p2086,e931
p1888,e854
p9687,e292
p3849,e782
p9550,e836
p5170,e403
p6292,e696
p5982,e801
p7304,e268
p6484,e855
p5886,e139
p859,e897
p5983,e498
p3767,e911
p6803,e893
p4349,e850
p8902,e663
p5773,e231
p3962,e868
p194,e73
p9771,e988
p9679,e455
p5360,e349
p4159,e154
p7056,e299
p2298,e910
p1562,e929
p202,e300
p1487,e370
p7362,e274
p6651,e714
p2918,e193
p2632,e876
p3696,e332
p7076,e408
p9378,e590
p271,e374
p8606,e647
p1338,e25
p1055,e743
p528,e757
p6150,e7
p9617,e159
p1003,e347
p5058,e397
p1233,e64
p3654,e585
p5697,e590
p9974,e344
p8692,e299
p6717,e147
p5009,e713
p4474,e177
p2208,e860
p5541,e960
p205,e498
p5669,e576
p2706,e92
p9126,e51
p2664,e834
p9386,e326
p8980,e859
p7270,e397
p1432,e751
p323,e545
p246,e508
p9431,e136
p1920,e384
p4588,e561
p2595,e217
p9834,e410
p7266,e78
p8703,e213
p8140,e757
p497,e950
p1032,e659
p5070,e462
p8989,e281
p7839,e819
p5586,e704
p4483,e758
p369,e993
p3417,e258
p5601,e931
p2479,e856
p4523,e422
p9757,e297
p6254,e267
p1532,e743
p7518,e234
p3779,e439
p5478,e278
p2780,e955
p1042,e794
p5313,e396
p9108,e422
p2865,e316
p1444,e147
p5514,e971
p2729,e89
p1107,e763
p2569,e134
p6385,e63
p3934,e701
p1635,e908
p6979,e976
p7928,e305
p131,e852
p4391,e684
p176,e534
p2469,e584
p6874,e494
p7650,e335
p7782,e174
p6790,e682
p6601,e991
p1992,e980
p2627,e714
p2480,e646
p225,e905
p1844,e729
p2218,e599
p5395,e660
p9043,e373
p4286,e542
p2547,e762
p4121,e188
p9012,e839
p9249,e614
p1715,e853
p7895,e111
p869,e829
p3657,e972
p6575,e554
p8377,e269
p1422,e417
p6964,e699
p5607,e258
p6096,e458
p5795,e27
p8872,e409
p8559,e308
p9832,e56
p5592,e22
p2952,e396
p1501,e136
p75,e869
p123,e716
p696,e310
p5279,e568
p9914,e966
p4719,e75
p5977,e773
p6158,e665
p5316,e489
p3214,e683
p2534,e967
p2149,e732
p3117,e265
p740,e417
p1055,e55
p5158,e30
p5372,e856
p1927,e578
p1203,e383
p1314,e102
p6842,e669
p1322,e518
p3630,e543
p3167,e626
p2501,e911
p4599,e766
p4984,e230
p6909,e819
p7608,e477
p4324,e881
p1848,e885
p8464,e129
p3762,e989
p4436,e312
p1905,e346
p8950,e321
p6559,e748
p8244,e546
p4993,e396
p3271,e170
p840,e573
p1230,e377
p8211,e518
p367,e151
p2435,e210
p9495,e69
p5619,e571
p7454,e162
p4207,e338
p9671,e399
p2308,e763
p171,e57
p9322,e379
p1745,e277
p4628,e648
p1221,e887
p9220,e785
p3807,e461
p724,e221
p8422,e726
p9419,e948
p7068,e591
p2231,e405
p1343,e2
p7031,e15
p4136,e620
p3099,e168
p364,e849
p1785,e816
p7276,e674
p5399,e493
p5291,e461
p2730,e483
p9231,e73
p3373,e759
p4433,e110
p3286,e28
p5606,e727
p7480,e279
p37,e827
p6886,e870
p8882,e886
p696,e337
p7625,e507
p9566,e619
p2826,e220
p3448,e968
p1658,e122
p3325,e145
p1229,e131
p9324,e477
p5549,e928
p596,e792
p4477,e443
p1676,e453
p457,e901
p1888,e320
p4562,e835
p55,e132
p5297,e661
p3317,e289
p9947,e483
p6978,e582
p3135,e314
p5859,e968
p4917,e668
p164,e206
p5792,e745
p5758,e406
p4901,e945
p6037,e270
p2052,e537
p1857,e821
p3245,e570
p5423,e503
p1163,e630
p9080,e772
p9326,e405
p4864,e656
p4289,e125
p7241,e364
p5063,e377
p777,e89
p7469,e414
p320,e468
p2453,e943
p8446,e218
p8498,e256
p2693,e2
p4677,e924
p3261,e565
p9115,e73
p1477,e912
p535,e195
p3629,e231
p6757,e928
p1134,e890
p9285,e459
p6679,e329
p764,e546
p2812,e79
p309,e490
p9092,e95
p6906,e107
p1432,e666
p2966,e913
p8037,e440
p726,e438
p7516,e964
p3682,e157
p9718,e743
p7148,e268
p8955,e482
p897,e708
p4867,e385
p4198,e640
p4512,e104
p337,e923
p7465,e667
p4009,e191
p5301,e398
p607,e472
p347,e968
p3788,e1
p7859,e669
p2147,e698
p5971,e243
p157,e641
p7743,e981
p2505,e181
p5639,e732
p1991,e112
p7056,e991
p3458,e434
p6177,e866
p3125,e604
p3476,e55
p6436,e701
p4092,e564
p6137,e193
p6470,e287
p1043,e654
p4436,e359
p7379,e102
p8025,e190
p6812,e947
p9190,e826
p6549,e740
p9194,e954
p2740,e816
p6063,e856
p2165,e82
p3859,e413
p7387,e716
p1706,e566
p802,e588
p7405,e20
p908,e396
p1834,e170
p3127,e112
p2536,e439
p5872,e900
p9174,e437
p2244,e352
p4021,e426
p4370,e312
p5814,e800
p3914,e893
p7087,e573
p6761,e318
p7424,e960
p9784,e535
p3747,e150
p1825,e421
p3589,e484
p2751,e557
p2938,e804
p4905,e54
p4449,e263
p4939,e341
p921,e103
p5632,e424
p6319,e356
p6696,e83
p3962,e477
p5814,e762
p4506,e268
p3754,e70
p247,e986
p4317,e705
p6361,e109
p6950,e829
p1450,e951
p8075,e396
p6080,e957
p6303,e542
p5401,e978
p7655,e717
p3683,e247
p4269,e10
p3120,e660
p105,e962
p3185,e720
p4159,e894
p7573,e765
p7567,e748
p6427,e465
p4596,e620
p4771,e649
p9575,e45
p4320,e447
p2628,e495
p9523,e569
p952,e545
p3870,e495
p9489,e366
p1465,e91
p1198,e392
p5696,e465
p7603,e348
p9099,e728
p4038,e819
p7838,e337
p8134,e344
p785,e411
p1513,e321
p2789,e884
p9480,e138
p7627,e519
p6927,e752
p8494,e602
p8302,e950
p337,e615
p4252,e779
p5439,e806
p5407,e1
p2860,e69
p1728,e203
p2556,e112
p9555,e833
p9145,e768
p5439,e497
p8051,e449
p3957,e209
p7208,e460
p7301,e68
p6633,e189
p4897,e793
p9534,e539
p179,e725
p3941,e543
p227,e767
p3180,e35
p723,e217
p4293,e65
p640,e726
p3273,e618
p6281,e67
p2849,e575
p1897,e726
p2678,e745
p7936,e247
p873,e861
p2209,e403
p8207,e589
p2802,e166
p2395,e255
p8708,e582
p6209,e629
p9592,e788
p2401,e774
p1521,e527
p7510,e368
p2952,e637
p1704,e639
p2804,e376
p5101,e760
p5957,e775
p1256,e594
p1003,e986
p8558,e591
p8113,e100
p8243,e907
p9397,e169
p9542,e134
p8561,e343
p3267,e324
p7212,e758
p4012,e252
p5254,e904
p9515,e582
p1149,e843
p2674,e372
p5721,e615
p7552,e612
p1208,e888
p6053,e658
p367,e82
p4224,e311
p5764,e235
p4233,e962
p7318,e838
p3867,e908
p2429,e102
p8766,e402
p9437,e740
p3718,e25
p1330,e949
p550,e523
p1601,e529
p1106,e85
p6288,e658
p2552,e899
p5385,e288
p7306,e486
p8986,e497
p6709,e845
p5597,e270
p2670,e565
p9379,e533
p3403,e216
p4203,e974
p1824,e943
p9114,e218
p9884,e92
p2704,e131
p4722,e439
p4822,e951
p5831,e239
p6420,e111
p3296,e50
p2550,e923
p5599,e762
p335,e854
p2342,e556
p1117,e449
p9916,e746
p4823,e881
p326,e249
p4833,e305
p3598,e409
p6395,e461
p8722,e518
p200,e496
p7818,e447
p7415,e497
p704,e912
p5075,e19
p6360,e838
p6191,e889
p751,e456
p5340,e586
p8258,e97
p2588,e689
p9293,e871
p2671,e398
p9963,e46
p1017,e466
p8708,e150
p5926,e882
p6749,e742
p4050,e276
p5667,e788
p5477,e34
p7027,e608
p2112,e153
p8593,e447
p1890,e691
p6674,e499
p9734,e25
p2116,e626
p1836,e406
p8607,e1
p8865,e417
p6941,e488
p488,e888
p3578,e962
p87,e334
p3037,e826
p2754,e520
p7545,e260
p4757,e661
p1973,e0
p445,e576
p5156,e548
p7262,e37
p7404,e250
p362,e479
p4046,e233
p2817,e254
p4242,e439
p1569,e310
p4727,e288
p7680,e122
p850,e74
p8387,e775
p8570,e676
p9979,e331
p1465,e809
p3374,e537
p5502,e184
p7080,e171
p4430,e545
p36,e416
p4625,e726
p5582,e818
p5993,e920
p9110,e569
p5198,e385
p2779,e144
p9844,e435
p3208,e614
p7112,e32
p8899,e922
p9323,e665
p3868,e677
p6888,e719
p4395,e881
p1801,e347
p5601,e224
p5869,e634
p9145,e31
p662,e421
p5317,e293
p2273,e625
p3866,e939
p6137,e835
p8645,e40
p8748,e453
p5521,e893
p5530,e211
p1955,e349
p4837,e967
p5639,e900
p4211,e552
p3981,e285
p4670,e960
p7170,e851
p5442,e295
p4784,e73
p8410,e966
p3086,e940
p7894,e779
p8994,e341
p2404,e152
p8069,e93
p1663,e733
p1526,e263
p1020,e926
p5096,e614
p3156,e170
p6823,e302
p1260,e788
p1536,e697
p151,e735
p2182,e578
p9039,e598
p3022,e911
p9832,e775
p5899,e948
p4338,e905
p432,e819
p1997,e828
p4431,e398
p4206,e468
p8873,e931
p7666,e136
p9520,e607
p1935,e601
p6954,e609
p3620,e807
p3778,e735
p1468,e402
p5523,e421
p3724,e303
p7983,e136
p3465,e543
p6708,e99
p8104,e792
p5912,e962
p6956,e184
p4443,e513
p1436,e389
p3594,e648
p9654,e898
p791,e550
p303,e637
p4987,e666
p3763,e369
p9512,e837
p6245,e867
p6064,e318
p160,e464
p4478,e197
p793,e891
p7863,e10
p3857,e378
p6456,e260
p8254,e670
p4555,e314
p9320,e745
p78,e393
p3955,e843
p1872,e506
p5888,e825
p9460,e173
p7957,e12
p7248,e187
p526,e982
p6796,e554
p1321,e58
p4566,e229
p4286,e50
p8590,e580
p2597,e481
p9847,e538
p2113,e662
p6258,e827
p1576,e561
p1566,e228
p8168,e61
p7253,e541
p8300,e979
p307,e683
p3337,e909
p3564,e721
p3759,e175
p8215,e907
p273,e132
p4237,e547
p3599,e827
p6662,e372
p896,e779
p6860,e524
p3931,e792
p5774,e829
p7003,e39
p1964,e947
p1771,e580
p4945,e382
p39,e725
p5447,e694
p4908,e965
p6456,e898
p2430,e391
p3372,e297
p5994,e796
p8015,e544
p3651,e220
p3300,e361
p8876,e257
p9432,e672
p90,e130
p6561,e78
p170,e405
p6800,e973
p5848,e30
p1147,e481
p4213,e522
p9206,e590
p8656,e759
p6385,e822
p2663,e509
p9112,e287
p4570,e261
p6383,e524
p7530,e974
p9481,e365
p6898,e19
p8254,e979
p5366,e202
p7499,e738
p171,e885
p8010,e59
p6125,e918
p806,e380
p4073,e52
p3099,e910
p4833,e455
p2574,e947
p9503,e341
p3510,e63
p4372,e9
p9551,e856
p1356,e489
p4435,e200
p1142,e857
p4524,e571
p8090,e290
p8022,e117
p176,e500
p1196,e175
p7800,e97
p1503,e846
p1664,e921
p1218,e564
p4756,e696
p1182,e740
p2616,e708
p3228,e73
p6894,e749
p1003,e713
p3715,e819
p867,e789
p5299,e464
p6747,e477
p4509,e342
p448,e675
p2523,e198
p8047,e504
p6894,e937
p9952,e145
p7114,e478
p1163,e14
p6080,e221
p1642,e68
p1552,e962
p1008,e523
p321,e795
p7582,e43
p9144,e795
p6215,e282
p4996,e700
p5576,e221
p3531,e841
p5886,e318
p1473,e417
p2431,e373
p3396,e621
p5530,e527
p7025,e693
p150,e521
p237,e256
p5349,e810
p9361,e204
p1870,e834
p323,e304
p7869,e547
p2046,e826
p5856,e903
p234,e227
p2403,e77
p2658,e164
p1766,e816
p7189,e537
p4182,e484
p9410,e800
p994,e644
p3182,e948
p5487,e707
p8217,e174
p4523,e316
p2625,e388
p1284,e977
p9401,e117
p3085,e155
p2086,e891
p8955,e838
p2859,e724
p8806,e291
p9914,e745
p1807,e385
p5964,e55
p3966,e657
p2822,e970
p2889,e763
p4293,e308
p4371,e920
p772,e520
p203,e726
p6964,e531
p3273,e873
p4790,e957
p3944,e428
p1663,e894
p6197,e301
p8975,e875
p749,e108
p9928,e285
p4952,e646
p3857,e194
p3554,e919
p3534,e471
p2392,e122
p8422,e463
p6695,e459
p60,e864
p7781,e462
p4375,e373
p9715,e702
p9235,e273
p2346,e380
p7609,e205
p4091,e572
p6355,e661
p2242,e723
p5521,e564
p7716,e686
p4006,e256
p535,e273
p9222,e300
p1694,e324
p3003,e53
p4056,e825
p3134,e321
p8761,e454
p1951,e795
p7255,e362
p3887,e380
p1920,e364
p8998,e879
p4015,e256
p8144,e923
p7418,e424
p5922,e879
p9203,e81
p7961,e814
p3191,e51
p749,e846
p9787,e883
p1482,e268
p1926,e528
p4696,e629
p5937,e151
p3392,e560
p4430,e532
p9450,e518
p9137,e366
p190,e247
p8174,e33
p120,e316
p8857,e961
p2591,e78
p7169,e880
p6025,e801
p9328,e509
p5359,e850
p2978,e204
p6567,e236
p2143,e767
p2004,e885
p7890,e682
p8154,e280
p8160,e362
p318,e38
p8698,e21
p5777,e294
p2865,e848
p656,e679
p4002,e343
p4078,e119
p2008,e159
p2219,e357
p4069,e572
p7069,e135
p4302,e758
p6476,e852
p8441,e379
p7742,e675
p6872,e619
p7957,e777
p9361,e96
p6869,e465
p939,e263
p356,e983
p8908,e657
p9338,e977
p5297,e587
p2790,e314
p3936,e751
p3339,e259
p5609,e626
p3447,e307
p4615,e674
p2099,e920
p7076,e959
p5385,e327
p9565,e261
p1672,e354
p8666,e367
p7374,e556
p3361,e354
p5737,e499
p3365,e980
p1474,e405
p971,e703
p3757,e774
p7448,e854
p4858,e254
p5456,e665
p4488,e983
p292,e722
p2740,e114
p1864,e43
p9110,e776
p1977,e371
p6378,e520
p409,e556
p8309,e653
p1242,e242
p8252,e826
p1488,e202
p7643,e133
p6261,e55
p5360,e393
p4453,e963
p922,e830
p3835,e974
p1585,e867
p9329,e221
p8992,e661
p3523,e297
p5134,e968
p4864,e333
p706,e67
p8125,e595
p6262,e810
p538,e955
p1649,e855
p4242,e27
p5379,e220
p4504,e972
p9618,e916
p6503,e824
p9926,e362
p649,e456
p1566,e601
p9394,e996
p8200,e168
p4859,e906
p5510,e207
p1631,e167
p479,e650
p2807,e469
p1069,e568
p9415,e575
p4061,e54
p1674,e250
p1178,e311
p6491,e304
p951,e262
p2535,e777
p2348,e112
p4070,e595
p4466,e553
p956,e677
p8049,e248
p8594,e121
p9349,e890
p6464,e464
p5144,e211
p6869,e388
p8107,e648
p4217,e541
p617,e547
p8792,e314
p8248,e33
p1276,e320
p5176,e250
p8903,e438
p9623,e535
p7874,e461
p4611,e195
p7629,e870
p8906,e878
p1588,e138
p7147,e88
p9186,e986
p2164,e602
p5095,e989
p2420,e435
p6085,e170
p4312,e209
p1623,e465
p3031,e672
p1276,e317
p2250,e476
p1658,e375
p3092,e237
p7625,e824
p2586,e208
p6732,e81
p7849,e208
p127,e480
p4852,e461
p7870,e277
p9192,e97
p8985,e471
p9558,e22
p1728,e675
p7873,e534
p4150,e165
p2451,e954
p6577,e328
p6940,e720
p2294,e387
p7713,e332
p590,e567
p6033,e68
p7192,e544
p9961,e37
p9098,e342
p5171,e836
p4550,e57
p1068,e948
p6503,e295
p9974,e88
p1741,e444
p6288,e593
p4734,e708
p4083,e626
p8830,e803
p9498,e439
p3818,e149
p6157,e39
p1055,e154
p2412,e926
p8905,e724
p9387,e925
p4355,e720
p5927,e852
p9098,e370
p1943,e423
p3902,e390
p8330,e583
p9734,e700
p1440,e901
p2509,e817
p5325,e989
p4897,e390
p7423,e974
p4777,e138
p1592,e500
p5028,e941
p1661,e307
p2886,e646
p6256,e215
p2714,e478
p7983,e519
p6454,e104
p3360,e469
p5608,e505
p9171,e609
p4266,e408
p4333,e793
p6942,e810
p2997,e856
p2635,e340
p319,e569
p3011,e996
p9202,e992
p970,e939
p2749,e247
p393,e499
p2251,e161
p1482,e62
p8837,e687
p2943,e210
p5282,e698
p4300,e924
p7351,e74
p3196,e40
p9388,e445
p7278,e738
p6771,e277
p9142,e511
p4716,e347
p5702,e926
p8706,e408
p8897,e679
p9248,e637
p737,e712
p4087,e92
p8928,e104
p8053,e286
p5312,e476
p9552,e91
p4009,e574
p1770,e256
p2148,e236
p9027,e690
p9204,e355
p792,e833
p9056,e787
p4017,e389
p8573,e836
p1374,e209
p379,e155
p8533,e830
p2611,e34
p7777,e191
p9211,e812
p8803,e285
p1730,e465
p9894,e41
p8119,e862
p4925,e827
p2000,e227
p1295,e749
p2280,e4
p8954,e298
p4226,e964
p7960,e80
p9889,e609
p6020,e808
p1649,e16
p4412,e797
p5929,e524
p9161,e336
p2444,e695
p6142,e800
p6798,e602
p3521,e676
p2334,e626
p9960,e421
p6426,e454
p4739,e388
p9934,e853
p1921,e324
p2578,e729
p8488,e149
p986,e960
p7246,e130
p9207,e724
p7227,e898
p6610,e446
p6483,e899
p1698,e494
p9059,e905
p4218,e139
p8690,e302
p2433,e3
p359,e899
p4527,e503
p4242,e130
p5279,e166
p2396,e778
p9201,e18
p7059,e264
p7284,e206
p2164,e739
p4748,e99
p5956,e954
p5893,e499
p3690,e399
p6461,e125
p7609,e305
p7521,e156
p6735,e80
p6142,e801
p4251,e92
p2440,e402
p9672,e636
p1581,e283
p264,e37
p3634,e591
p487,e697
p9379,e371
p3302,e499
p9433,e743
p1870,e636
p2266,e663
p8856,e855
p4185,e759
p1205,e968
p8987,e424
p2030,e379
p5293,e247
p1287,e204
p2237,e419
p6990,e93
p7561,e92
p1162,e136
p927,e261
p3534,e969
p6415,e791
p7102,e565
p1781,e870
p5200,e645
p4092,e810
p5887,e295
p9762,e956
p3214,e119
p5891,e208
p3903,e832
p8746,e869
p6825,e922
p5894,e795
p9858,e215
p8732,e672
p764,e221
p320,e526
p777,e627
p2522,e790
p3469,e796
p388,e21
p4893,e140
p8022,e890
p2055,e358
p256,e951
p9147,e528
p3872,e6
p7734,e43
p4846,e77
p6206,e859
p7531,e802
p8067,e264
p5861,e86
p6166,e802
p1869,e996
p1540,e462
p6651,e657
p4523,e301
p6016,e644
p868,e85
p8647,e789
p7320,e615
p1085,e620
p3024,e683
p2944,e290
p2515,e642
p3708,e87
p2840,e986
p4191,e566
p3867,e788
p7800,e249
p6731,e289
p9019,e196
p8172,e49
p5866,e153
p9143,e935
p5919,e336
p3734,e630
p3,e64
p7361,e767
p321,e906
p8950,e592
p72,e472
p3611,e750
p5430,e978
p9083,e804
p2180,e927
p4561,e264
p8819,e99
p2895,e352
p1585,e803
p3716,e770
p9228,e78
p737,e584
p1335,e341
p9586,e300
p7056,e419
p2101,e493
p9219,e984
p7294,e148
p1887,e223
p4398,e786
p9497,e322
p7614,e8
p4863,e438
p519,e419
p9997,e159
p8440,e972
p587,e527
p2177,e876
p6909,e412
p7394,e970
p1545,e798
p5813,e617
p3725,e254
p3315,e610
p2907,e242
p3668,e59
p9894,e102
p48,e77
p2956,e492
p4314,e391
p9159,e810
p6461,e628
p8439,e65
p5171,e477
p8409,e751
p8710,e132
p1941,e610
p3204,e988
p790,e279
p66,e845
p9331,e428
p2579,e669
p8095,e532
p7393,e875
p7108,e552
p1354,e231
p865,e522
p1956,e611
p5210,e710
p5627,e85
p8651,e695
p9295,e322
p3470,e127
p2426,e829
p6095,e361
p5056,e831
p2558,e360
p123,e904
p4816,e518
p6680,e852
p7397,e610
p2096,e73
p2129,e630
p2165,e602
p6102,e724
p5347,e197
p2151,e731
p4490,e284
p1377,e415
p8337,e561
p7092,e773
p9360,e44
p4267,e707
p2864,e277
p6890,e797
p6762,e438
p6930,e62
p9810,e506
p205,e139
p1744,e37
p1076,e35
p8138,e946
p8793,e924
p2825,e938
p8162,e34
p4724,e463
p1613,e343
p514,e933
p8917,e909
p8202,e218
p1166,e432
p8413,e234
p7029,e485
p2913,e135
p102,e867
p6552,e900
p6275,e9
p9536,e220
p4568,e224
p3084,e620
p671,e328
p5152,e896
p7968,e100
p8693,e609
p3181,e906
p1369,e249
p2828,e471
p577,e78
p77,e66
p898,e68
p7924,e542
p7766,e843
p3670,e533
p3389,e621
p3117,e765
p7923,e351
p6343,e831
p2629,e358
p8411,e781
p6660,e828
p3845,e134
p9552,e839
p3739,e111
p6245,e553
p9867,e595
p6991,e285
p6805,e15
p1868,e211
p2112,e425
p6239,e871
p3264,e703
p550,e147
p1633,e337
p4752,e514
p93,e376
p995,e541
p9807,e212
p3727,e869
p673,e628
p1256,e494
p7974,e57
p4488,e577
p51,e36
p3219,e446
p9607,e342
p3578,e871
p8178,e442
p3394,e980
p6633,e881
p8879,e309
p7483,e690
p6049,e575
p3760,e716
p2338,e814
p3840,e501
p6469,e445
p9535,e421
p8304,e380
p7556,e776
p6251,e53
p726,e810
p8,e255
p6828,e24
p7858,e266
p8967,e473
p6493,e223
p6033,e589
p6195,e566
p6635,e385
p2085,e975
p7425,e370
p8691,e711
p2704,e631
p2085,e87
p2661,e565
p7956,e727
p4724,e904
p3495,e818
p3831,e106
p9256,e39
p2033,e370
p3014,e239
p80,e334
p3779,e625
p8132,e864
p7514,e919
p1676,e136
p4406,e824
p8791,e82
p6914,e319
p7416,e833
p5088,e920
p7143,e118
p5445,e815
p3099,e487
p9850,e354
p2005,e253
p6917,e56
p2826,e758
p906,e476
p3449,e607
p8593,e448
p3556,e891
p3118,e230
p3518,e804
p9318,e940
p2636,e538
p5275,e375
p7068,e752
p2180,e293
p6050,e556
p7768,e361
p2062,e298
p1592,e171
p1043,e219
p4585,e986
p7097,e866
p7525,e190
p1510,e849
p7471,e454
p4066,e776
p3187,e111
p5428,e557
p9263,e441
p3131,e859
p8011,e88
p9229,e798
p6309,e599
p2912,e905
p5029,e2
p9387,e99
p9740,e821
p2763,e572
p7095,e846
p514,e157
p2161,e533
p8730,e2
p8845,e415
p5074,e53
p4122,e945
p1997,e344
p8902,e716
p5163,e236
p9188,e548
p6791,e866
p62,e41
p2166,e34
p2508,e630
p539,e371
p6201,e567
p6683,e174
p8752,e573
p8368,e86
p193,e39
p8356,e260
p415,e225
p2755,e399
p9452,e98
p7367,e360
p8291,e297
p8662,e532
p4844,e149
p2230,e457
p529,e406
p6354,e247
p9077,e950
p4882,e183
p3328,e575
p6425,e566
p9730,e775
p272,e494
p2389,e84
p7720,e215
p2831,e913
p8727,e17
p3907,e949
p1752,e190
p6066,e122
p5120,e192
p7281,e751
p5405,e104
p2737,e268
p5556,e771
p6055,e659
p4714,e47
p16,e656
p9045,e276
p5190,e595
p2070,e683
p2176,e377
p4544,e870
p5302,e792
p9944,e612
p6245,e564
p7159,e286
p3144,e333
p3506,e562
p2130,e305
p777,e892
p8552,e758
p7481,e821
p7332,e845
p8841,e847
p1804,e73
p2245,e847
p1774,e109
p3468,e69
p2575,e84
p8826,e325
p6779,e797
p2069,e126
p2615,e749
p443,e580
p4758,e110
p6295,e450
p4138,e514
p9576,e34
p4675,e143
p2469,e371
p2548,e970
p1125,e169
p8401,e657
p3934,e34
p6221,e929
p6177,e151
p3063,e790
p3631,e776
p9427,e444
p2388,e525
p4967,e810
p5865,e614
p7721,e518
p5941,e183
p2261,e768
p5581,e780
p3001,e349
p1054,e350
p482,e574
p7087,e32
p1068,e111
p8871,e179
p2615,e671
p9920,e556
p4626,e728
p7124,e669
p2685,e802
p9662,e300
p8875,e702
p5831,e434
p3076,e51
p6617,e642
p5176,e97
p4401,e477
p238,e636
p1394,e545
p1758,e822
p121,e682
p2929,e742
p4075,e761
p6120,e412
p6709,e439
p3768,e51
p7777,e640
p9608,e4
p7653,e853
p587,e869
p5280,e380
p836,e515
p2759,e630
p4368,e19
p2382,e256
p1474,e195
p2961,e888
p9960,e201
p4998,e275
p8873,e871
p6765,e96
p7403,e489
p6967,e85
p8971,e249
p3123,e76
p2534,e388
p3333,e41
p4245,e686
p1459,e295
p3430,e200
p7853,e308
p6847,e423
p3039,e838
p6855,e85
p8974,e934
p1182,e192
p4733,e953
p3096,e6
p4508,e291
p4294,e545
p3705,e191
p6952,e969
p6690,e485
p3929,e944
p1950,e139
p2542,e213
p5781,e429
p7812,e580
p6797,e25
p901,e914
p6129,e68
p1109,e450
p8226,e401
p3116,e859
p7671,e80
p9921,e593
p4648,e713
p936,e234
p2690,e898
p5123,e610
p1299,e6
p5844,e739
p1898,e778
p1807,e153
p9190,e57
p2943,e697
p4511,e861
p5702,e257
p9284,e433
p9006,e959
p966,e964
p4538,e876
p1605,e999
p6555,e443
p1051,e445
p9585,e143
p6077,e829
p4732,e809
p2303,e786
p97,e708
p8814,e335
p5183,e437
p6098,e873
p2135,e134
p5442,e27
p3883,e19
p4410,e346
p9310,e277
p2218,e597
p1637,e119
p7516,e705
p6826,e785
p9707,e858
p3640,e890
p347,e593
p8304,e962
p4335,e304
p896,e439
p7990,e148
p7141,e293
p9387,e378
p4889,e925
p8282,e414
p6306,e353
p7400,e473
p8824,e965
p9434,e128
p8033,e575
p8369,e686
p2035,e590
p2144,e40
p8757,e386
p3826,e793
p8435,e857
p3065,e648
p5790,e975
p3115,e196
p7402,e281
p9928,e11
p7762,e444
p7020,e165
p534,e266
p6561,e948
p3051,e180
p5115,e568
p1353,e468
p3901,e19
p2383,e454
p2812,e330
p318,e877
p7993,e434
p5950,e249
p2146,e897
p8774,e514
p8009,e901
p7440,e519
p4409,e187
p4824,e964
p5273,e409
p1264,e959
p1041,e212
p4993,e194
p6363,e558
p573,e581
p2309,e983
p1672,e679
p384,e94
p8552,e679
p9931,e973
p890,e127
p8787,e604
p1280,e7
p3566,e252
p4743,e547
p5696,e343
p5485,e298
p1413,e954
p2515,e726
p6768,e238
p530,e739
p1985,e807
p1009,e119
p2751,e362
p6696,e110
p3272,e746
p7856,e467
p2751,e990
p4987,e259
p9910,e700
p5301,e650
p1247,e960
p70,e645
p1722,e567
p8472,e668
p7689,e419
p4782,e470
p4153,e592
p6289,e977
p6336,e142
p5754,e378
p9087,e273
p1187,e280
p7096,e323
p9551,e317
p166,e826
p64,e96
p4487,e331
p9964,e138
p368,e349
p5986,e677
p5155,e809
p1685,e671
p6744,e432
p8646,e140
p3296,e197
p4263,e175
p7734,e922
p9880,e833
p7538,e133
p2169,e873
p911,e227
p1813,e206
p510,e26
p2274,e858
p5592,e964
p5686,e440
p5708,e253
p7830,e8
p4512,e94
p7489,e896
p2180,e60
p4553,e426
p3548,e943
p6383,e366
p489,e263
p4608,e408
p1898,e48
p4151,e545
p3472,e364
p3488,e754
p547,e571
p6820,e604
p5189,e598
p93,e117
p5170,e78
p630,e820
p7034,e263
p164,e458
p4697,e329
p1638,e542
p6631,e379
p6703,e759
p8021,e732
p4819,e565
p506,e697
p93,e425
p5156,e810
p9619,e353
p2891,e193
p2374,e649
p6949,e39
p8172,e861
p8868,e937
p6100,e981
p6263,e814
p794,e335
p5704,e826
p9355,e285
p3470,e342
p1899,e594
p7534,e321
p9182,e116
p4654,e43
p4032,e358
p8741,e483
p16,e170
p6943,e583
p6245,e566
p8812,e836
p3249,e422
p5262,e47
p4199,e463
p1778,e268
p8757,e307
p4765,e929
p1443,e764
p6112,e690
p8648,e137
p1873,e439
p3640,e204
p3795,e513
p306,e843
p3871,e759
p9209,e502
p5220,e435
p3236,e411
p2709,e374
p81,e246
p7831,e45
p3063,e257
p1249,e421
p1496,e342
p2053,e7
p4634,e12
p8736,e428
p7277,e419
p2124,e364
p7813,e221
p9396,e398
p1556,e520
p6450,e533
p7815,e987
p5280,e917
p8191,e668
p3489,e374
p1166,e399
p3439,e153
p9332,e437
p9565,e673
p3647,e304
p2794,e524
p6334,e248
p3505,e473
p9348,e416
p1165,e838
p977,e198
p293,e933
p3906,e169
p661,e647
p7508,e988
p3352,e851
p8955,e850
p7450,e62
p3032,e125
p3434,e540
p3142,e395
p8160,e387
p1538,e833
p5414,e155
p7132,e426
p404,e495
p9861,e393
p3469,e918
p3830,e73
p9746,e556
p4534,e418
p5659,e432
p364,e702
p161,e467
p7305,e12
p1840,e526
p7010,e47
p8005,e418
p7005,e471
p2709,e165
p2056,e577
p4928,e210
p7074,e833
p5774,e214
p3621,e98
p1285,e948
p6681,e639
p9684,e872
p1096,e295
p8546,e818
p6172,e235
p8384,e248
p3066,e507
p9669,e853
p8436,e487
p6544,e868
p525,e694
p1518,e689
p853,e658
p7155,e275
p8692,e972
p4166,e63
p512,e279
p1189,e383
p6947,e217
p2000,e620
p9645,e157
p4485,e540
p9245,e634
p8019,e479
p9173,e480
p2281,e266
p4056,e527
p4680,e245
p1036,e607
p2453,e208
p8530,e406
p939,e118
p8788,e366
p6807,e46
p6811,e477
p4000,e955
p969,e549
p7606,e537
p8916,e662
p6390,e621
p8920,e434
p5081,e878
p4375,e100
p1617,e736
p4998,e402
p7292,e148
p9664,e502
p3057,e36
p1145,e39
p7520,e344
p7642,e149
p4447,e14
p603,e664
p9271,e842
p6067,e478
p8232,e912
p2439,e397
p6120,e474
p5974,e388
p4408,e662
p8245,e212
p4236,e96
p8477,e379
p9685,e739
p8147,e270
p2962,e998
p8043,e235
p4233,e245
p900,e889
p7207,e269
p426,e552
p2964,e958
p8589,e267
p7073,e421
p6485,e614
p4308,e447
p9760,e184
p5061,e785
p3320,e805
p1817,e496
p8904,e212
p3650,e322
p6912,e250
p3150,e707
p6469,e323
p4175,e557
p6861,e67
p8948,e537
p2180,e953
p7586,e245
p5931,e110
p7680,e607
p8893,e432
p4275,e362
p6139,e313
p6286,e388
p3637,e670
p1314,e623
p9059,e577
p3518,e560
p2599,e808
p3136,e49
p9568,e192
p2640,e47
p463,e26
p6512,e908
p6309,e824
p7625,e458
p481,e667
p4018,e678
p2066,e548
p6559,e557
p5771,e903
p7194,e640
p8727,e44
p6808,e331
p6053,e302
p9290,e697
p9665,e640
p9429,e45
p8071,e533
p1490,e949
p4138,e77
p2070,e211
p858,e486
p4552,e244
p1101,e120
p2174,e41
p613,e50
p3062,e167
p4013,e94
p8899,e572
p7572,e650
p3622,e557
p252,e150
p4134,e85
p8309,e487
p9888,e608
p4011,e41
p3006,e138
p5261,e479
p8478,e548
p6256,e891
p1257,e859
p4944,e963
p1036,e902
p2840,e148
p2894,e136
p9339,e226
p9314,e758
p7997,e558
p9378,e838
p7712,e710
p9999,e732
p9426,e898
p5836,e179
p8137,e960
p6385,e929
p886,e716
p8304,e202
p2099,e957
p3882,e734
p4980,e816
p5607,e101
p2940,e282
p7279,e294
p2653,e750
p8039,e171
p125,e828
p8659,e876
p5414,e457
p3414,e825
p1521,e677
p3670,e935
p4154,e287
p1542,e533
p5827,e992
p672,e970
p71,e535
p1005,e242
p9635,e320
p5752,e990
p1069,e488
p7178,e41
p6269,e832
p370,e958
p4282,e642
p6675,e696
p3605,e76
p610,e640
p2216,e961
p7784,e188
p684,e373
p6528,e139
p6206,e183
p2982,e375
p8499,e126
p9615,e812
p7096,e10
p6345,e984
p4327,e426
p2043,e7
p2764,e149
p9891,e568
p7326,e252
p1396,e768
p9865,e930
p8876,e423
p7640,e991
p840,e563
p8788,e919
p1321,e463
p4940,e358
p1960,e957
p4496,e234
p9891,e338
p4249,e175
p7698,e955
p8199,e582
p9224,e911
p5373,e371
p4796,e268
p2532,e351
p5248,e120
p6106,e951
p8079,e512
p5945,e61
p6057,e823
p7133,e856
p6482,e346
p3760,e80
p1606,e989
p3653,e36
p1866,e386
p7301,e107
p213,e53
p8469,e352
p9230,e411
p8517,e434
p6199,e363
p3694,e231
p7656,e403
p7376,e94
p4415,e539
p4441,e853
p389,e841
p8565,e280
p8105,e907
p9623,e400
p8406,e199
p7152,e862
p1744,e595
p8412,e738
p7022,e410
p2485,e888
p7850,e619
p4767,e723
p6398,e926
p5076,e15
p7158,e866
p1075,e964
p4582,e79
p4260,e37
p5581,e558
p8570,e547
p2672,e259
p5308,e182
p7109,e551
p8005,e70
p1757,e488
p6912,e491
p5771,e556
p805,e618
p2699,e172
p625,e806
p2831,e844
p5447,e257
p2591,e64
p3700,e781
p183,e763
p6862,e859
p7538,e562
p5827,e584
p1470,e387
p1198,e577
p9603,e19
p3909,e486
p4894,e810
p3259,e625
p8422,e824
p7040,e1
p4570,e816
p1008,e781
p6670,e464
p5220,e18
p938,e693
p533,e540
p3681,e28
p7359,e595
p932,e960
p5104,e612
p5106,e189
p7718,e390
p2440,e89
p1454,e974
p4875,e784
p1481,e802
p873,e287
p4750,e41
p1931,e470
p3293,e359
p2369,e667
p1338,e631
p2503,e470
p5722,e168
p6157,e151
p4119,e399
p6865,e12
p7481,e899
p3112,e201
p9646,e3
p47,e173
p1084,e901
p714,e198
p9986,e664
p4143,e228
p68,e295
p600,e815
p1150,e987
p1409,e974
p9483,e99
p6421,e442
p5054,e63
p7977,e58
p6578,e915
p9809,e463
p9999,e61
p2911,e447
p1904,e897
p971,e618
p5508,e161
p3592,e171
p5504,e66
p716,e11
p381,e879
p4105,e312
p2071,e675
p6224,e944
p5031,e460
p5240,e178
p8949,e560
p3341,e355
p620,e663
p5308,e107
p9601,e179
p2120,e580
p2904,e193
p9478,e101
p2471,e870
p8921,e56
p7493,e33
p7964,e470
p7877,e690
p3442,e257
p114,e867
p9412,e884
p7706,e324
p8717,e134
p7673,e44
p8542,e354
p7099,e575
p9045,e183
p2084,e332
p788,e368
p7037,e635
p1927,e458
p4425,e556
p1570,e698
p4617,e269
p7698,e962
p3842,e540
p4909,e899
p6399,e379
p2827,e69
p1607,e610
p1292,e646
p4619,e251
p7293,e779
p769,e343
p3126,e250
p4244,e11
p2407,e844
p1914,e407
p6600,e124
p8852,e43
p8356,e771
p986,e79
p5832,e851
p3728,e962
p7385,e382
p1246,e806
p425,e11
p6886,e773
p4592,e556
p734,e463
p8357,e443
p9886,e534
p6701,e992
p2376,e549
p1416,e378
p4166,e820
p3291,e964
p7610,e115
p2114,e700
p6318,e191
p2248,e894
p1609,e221
p6321,e913
p4495,e127
p2376,e272
p4264,e410
p4235,e632
p8960,e940
p6650,e160
p6296,e700
p7111,e771
p5258,e518
p1051,e962
p7881,e394
p9318,e371
p3902,e804
p7238,e231
p7977,e443
p5280,e329
p6458,e63
p3791,e117
p9947,e90
p2697,e194
p1043,e425
p5849,e441
p1713,e244
p8899,e299
p3343,e750
p230,e69
p6554,e699
p4618,e407
p7853,e112
p8086,e771
p3910,e705
p9422,e652
p7079,e993
p315,e204
p1586,e551
p305,e408
p9654,e730
p3596,e409
p266,e954
p5911,e163
p297,e773
p2325,e83
p675,e454
p666,e641
p553,e462
p6211,e73
p4564,e204
p5818,e540
p8625,e299
p1043,e483
p5328,e743
p5486,e477
p8532,e528
p3412,e115
p2687,e472
p4547,e810
p947,e766
p8919,e803
p5486,e601
p1298,e766
p9651,e807
p6382,e952
p779,e259
p5886,e687
p4516,e286
p4175,e815
p6405,e646
p7205,e347
p1445,e958
p5171,e416
p7779,e307
p1226,e689
p734,e802
p345,e38
p1817,e598
p9568,e184
p1278,e952
p2853,e166
p2943,e734
p2596,e584
p147,e905
p1671,e979
p496,e44
p5409,e205
p9011,e862
p2962,e59
p555,e763
p4570,e808
p119,e62
p8196,e76
p3138,e638
p9025,e901
p8596,e119
p2914,e702
p8390,e483
p27,e814
p9064,e405
p5460,e584
p7349,e917
p900,e310
p7276,e137
p3212,e385
p4476,e226
p1486,e508
p8868,e784
p1199,e48
p845,e702
p8843,e237
p1582,e523
p8087,e936
p377,e327
p1783,e11
p1127,e482
p3367,e449
p3658,e264
p2054,e157
p4107,e717
p921,e578
p9290,e90
p3985,e689
p4487,e882
p4863,e422
p223,e789
p5670,e775
p129,e772
p6111,e74
p1436,e464
p3310,e885
p2908,e7
p4848,e367
p8260,e272
p8784,e703
p1285,e620
p2958,e668
p612,e311
p3681,e532
p3730,e555
p3295,e893
p9381,e93
p4856,e559
p5377,e716
p7834,e96
p1916,e547
p1662,e753
p3563,e346
p6095,e401
p397,e954
p521,e44
p4748,e617
p4177,e151
p9310,e869
p397,e252
p5278,e341
p8543,e858
p7319,e422
p192,e313
p9321,e387
p4380,e423
p9827,e860
p8727,e804
p176,e548
p6068,e35
p7812,e255
p5292,e918
p1416,e194
p6157,e651
p4738,e289
p5972,e632
p1805,e630
p7961,e852
p626,e921
p1359,e853
p5819,e938
p984,e534
p1441,e956
p4660,e940
p2584,e114
p67,e499
p7664,e162
p9590,e888
p347,e276
p5695,e116
p4595,e775
p3919,e563
p2537,e736
p9631,e763
p2512,e301
p5552,e372
p507,e577
p4115,e608
p8354,e600
p9349,e753
p3842,e654
p2762,e916
p4430,e500
p9261,e138
p3119,e673
p3802,e322
p8790,e77
p8099,e755
p9361,e824
p1289,e61
p886,e660
p1228,e195
p2789,e436
p9048,e4
p3299,e53
p9665,e898
p6874,e946
p1937,e503
p2591,e228
p9297,e428
p6571,e769
p4422,e687
p9468,e786
p2940,e720
p7251,e810
p2799,e405
p8966,e661
p5335,e363
p3005,e658
p3767,e778
p7514,e146
p3747,e670
p9639,e609
p2711,e683
p6823,e78
p4642,e389
p1522,e227
p8969,e715
p1228,e357
p6527,e421
p7684,e310
p8692,e705
p5296,e233
p1570,e503
p7619,e234
p2210,e312
p249,e815
p935,e94
p8290,e432
p8491,e923
p1261,e100
p3613,e323
p8844,e718
p1886,e476
p5627,e341
p7765,e228
p7845,e679
p1136,e713
p9883,e583
p6384,e749
p881,e536
p1526,e901
p9477,e681
p9737,e176
p623,e515
p6116,e12
p4378,e22
p7460,e186
p8145,e152
p7577,e39
p9835,e473
p7775,e254
p5285,e592
p6046,e386
p7970,e318
p5424,e942
p3482,e489
p6851,e798
p4484,e670
p9896,e65
p468,e684
p2764,e186
p7774,e543
p6945,e3
p5337,e853
p5333,e693
p2302,e129
p4029,e736
p8464,e251
p36,e203
p8197,e807
p6121,e421
p3616,e207
p6241,e724
p6577,e869
p2994,e309
p2016,e373
p1404,e965
p3536,e855
p2703,e61
p5411,e867
p6362,e237
p2679,e356
p2739,e83
p4961,e861
p6484,e426
p2423,e992
p192,e109
p2837,e308
p5224,e501
p6497,e563
p1396,e987
p5599,e668
p7892,e905
p7281,e632
p397,e242
p1106,e822
p1504,e277
p2834,e303
p5420,e326
p5219,e180
p3321,e694
p1570,e318
p4509,e630
p2584,e287
p9548,e344
p4059,e262
p4310,e689
p4592,e963
p1466,e283
p8517,e830
p8769,e867
p5624,e567
p7333,e2
p7937,e158
p6870,e630
p2620,e165
p6239,e774
p5012,e195
p270,e590
p1157,e202
p9057,e413
p265,e584
p5429,e850
p5948,e509
p7967,e610
p6852,e933
p4608,e84
p3202,e559
p9122,e659
p6413,e241
p2211,e665
p9936,e129
p5812,e728
p6684,e243
p1293,e471
p6833,e535
p9428,e388
p3667,e800
p4653,e707
p4342,e26
p450,e393
p6071,e298
p7362,e258
p8462,e816
p9997,e158
p9867,e207
p6349,e163
p4562,e409
p9194,e68
p7569,e127
p351,e286
p7377,e736
p4483,e559
p7903,e380
p7643,e301
p513,e466
p2851,e396
p5602,e988
p6253,e878
p1738,e87
p9317,e185
p3222,e295
p1878,e890
p9875,e77
p2466,e368
p219,e917
p5093,e381
p8051,e278
p1299,e10
p9377,e762
p5861,e301
p4460,e557
p7049,e779
p8209,e285
p7767,e861
p9573,e405
p6952,e482
p1434,e736
p3799,e387
p851,e287
p7908,e873
p8397,e926
p4054,e243
p1830,e393
p48,e880
p2339,e414
p3577,e408
p9815,e332
p4628,e195
p9583,e754
p1912,e638
p8562,e65
p7092,e959
p1097,e569
p8707,e796
p921,e538
p5237,e928
p7779,e528
p3816,e121
p6285,e921
p4738,e488
p6689,e16
p9528,e490
p9002,e431
p1373,e438
p4134,e85
p7110,e867
p5922,e32
p3464,e986
p7117,e746
p9223,e363
p8896,e928
p8712,e380
p4041,e370
p9896,e749
p1128,e207
p4635,e149
p7695,e444
p5558,e814
p566,e974
p8999,e410
p8461,e415
p7774,e141
p9643,e797
p1483,e693
p9607,e942
p5046,e462
p7113,e880
p6681,e716
p9533,e851
p8721,e743
p6306,e586
p74,e869
p268,e935
p956,e44
p6337,e307
p3096,e635
p8594,e666
p3393,e360
p9972,e87
p4754,e389
p472,e522
p6906,e721
p6739,e656
p7909,e755
p6262,e307
p1944,e371
p3112,e79
p2969,e527
p9063,e260
p4603,e101
p4560,e776
p6150,e837
p2526,e434
p7236,e363
p1472,e299
p6305,e190
p7022,e576
p3425,e607
p7447,e440
p7980,e845
p5797,e57
p5022,e367
p4616,e911
p5347,e993
p2025,e413
p3878,e492
p8596,e780
p8551,e627
p8902,e491
p4644,e534
p7337,e181
p8914,e985
p4123,e24
p3151,e545
p8137,e862
p1677,e909
p4092,e833
p7101,e794
p6845,e503
p6613,e522
p4030,e226
p1803,e243
p2464,e918
p9292,e441
p4365,e385
p1784,e533
p665,e189
p7070,e351
p6436,e157
p6397,e124
p5458,e341
p2712,e175
p1044,e469
p9677,e133
p8732,e432
p495,e602
p4046,e828
p9254,e23
p451,e871
p5135,e940
p1464,e247
p5159,e427
p4756,e531
p5861,e262
p2047,e19
p6388,e560
p2813,e218
p1353,e412
p1669,e905
p7783,e257
p2463,e824
p9667,e761
p6174,e449
p3111,e941
p1689,e937
p5681,e738
p1458,e503
p3149,e862
p3792,e472
p6387,e578
p4788,e347
p4000,e744
p6243,e346
p5892,e112
p5891,e239
p4716,e133
p6591,e386
p7210,e562
p8191,e488
p606,e447
p4872,e618
p7524,e755
p1132,e783
p8523,e170
p4772,e762
p9877,e965
p8662,e643
p8003,e129
p520,e811
p8135,e86
p501,e330
p8794,e287
p6178,e884
p8135,e856
p5736,e570
p6345,e535
p806,e912
p8443,e633
p9580,e418
p2783,e251
p6963,e218
p6986,e370
p9567,e951
p9451,e784
p5036,e911
p828,e519
p7060,e652
p3821,e871
p3846,e893
p1204,e899
p6147,e888
p604,e191
p4828,e448
p4415,e185
p3123,e918
p6377,e885
p21,e561
p2112,e275
p220,e582
p7002,e61
p5423,e461
p5969,e290
p4712,e72
p4500,e910
p8201,e951
p7675,e948
p8512,e530
p5157,e979
p5214,e514
p8189,e120
p848,e913
p3656,e329
p6923,e767
p4196,e565
p3501,e92
p4913,e7
p8373,e326
p6772,e106
p9467,e955
p1894,e931
p599,e70
p6631,e281
p1994,e156
p1632,e784
p7428,e348
p6387,e4
p1828,e625
p7186,e854
p9414,e298
p6094,e173
p8056,e909
p2888,e318
p3623,e239
p688,e849
p6489,e915
p1965,e175
p1158,e290
p7799,e150
p9621,e283
p9592,e948
p9493,e488
p9416,e323
p7251,e665
p9640,e746
p1111,e29
p177,e79
p568,e61
p9802,e924
p9153,e617
p9429,e638
p9358,e731
p1102,e152
p3023,e789
p7164,e566
p3989,e939
p4645,e190
p3133,e341
p8503,e703
p4144,e118
p1368,e941
p1313,e230
p6414,e455
p2628,e771
p3766,e899
p5669,e106
p748,e724
p4259,e688
p4452,e522
p9313,e849
p1527,e670
p6226,e246
p8726,e438
p7046,e232
p9039,e770
p972,e801
p5892,e448
p4545,e228
p6880,e146
p9125,e797
p6536,e372
p2857,e363
p5745,e781
p7623,e176
p9502,e300
p6519,e125
p2820,e966
p357,e452
p6398,e998
p4259,e229
p9539,e239
p3503,e371
p3403,e446
p7345,e726
p2860,e793
p8553,e396
p1989,e90
p5991,e800
p7787,e154
p8351,e781
p1350,e229
p6975,e795
p4633,e482
p2341,e74
p5999,e566
p7302,e49
p2951,e64
p6252,e176
p8810,e532
p7542,e316
p1788,e653
p662,e642
p5886,e615
p6754,e962
p7642,e446
p5134,e752
p5068,e940
p1464,e144
p232,e875
p4241,e827
p8021,e586
p9883,e544
p410,e313
p137,e790
p1270,e700
p9602,e809
p8597,e231
p8010,e268
p1917,e213
p9674,e228
p2462,e190
p9180,e509
p9811,e848
p9747,e657
p9375,e874
p3373,e886
p5009,e691
p484,e250
p6531,e813
p5144,e702
p9529,e190
p483,e418
p9973,e368
p9724,e261
p4963,e659
p8756,e188
p7043,e933
p6123,e112
p7029,e433
p7231,e595
p9609,e844
p5788,e387
p8091,e671
p8961,e868
p9349,e212
p1517,e184
p4997,e603
p8816,e417
p7570,e782
p4590,e294
p2436,e434
p2625,e709
p9640,e207
p6089,e870
p2141,e513
p7851,e626
p968,e247
p3044,e360
p8201,e716
p9039,e782
p5186,e524
p7440,e340
p1502,e352
p1134,e152
p2835,e9
p518,e375
p2907,e919
p2881,e102
p8420,e480
p674,e378
p4529,e172
p7282,e415
p6406,e545
p6348,e428
p9360,e978
p4446,e137
p507,e160
p8795,e955
p7529,e687
p3170,e311
p4417,e445
p7838,e96
p7160,e48
p9036,e648
p2603,e653
p1627,e476
p6452,e440
p1498,e108
p5433,e80
p7629,e703
p147,e699
p8324,e55
p1551,e597
p8805,e905
p7987,e27
p8048,e895
p6430,e185
p2978,e425
p9151,e958
p1375,e450
p6635,e278
p5338,e233
p4589,e426
p642,e531
p1774,e985
p9064,e552
p2817,e148
p8648,e192
p1277,e214
p526,e669
p6431,e57
p9462,e967
p4590,e347
p3365,e310
p3699,e776
p444,e249
p2667,e248
p538,e59
p8127,e439
p9101,e772
p7460,e280
p2305,e155
p5609,e43
p3392,e630
p5465,e308
p7388,e0
p904,e226
p7989,e374
p7565,e52
p5393,e940
p662,e565
p806,e741
p2008,e174
p9808,e295
p6947,e11
p2660,e493
p6283,e368
p1096,e606
p6762,e103
p6063,e305
p2572,e806
p6721,e5
p1651,e176
p6408,e470
p7296,e495
p3314,e544
p7681,e662
p6656,e613
p8192,e892
p6952,e764
p7836,e745
p7490,e832
p6371,e678
p3960,e572
p2626,e879
p947,e267
p4388,e660
p7521,e694
p3535,e926
p1667,e451
p8755,e133
p6461,e443
p3424,e698
p3437,e445
p6981,e173
p6709,e599
p2450,e76
p5803,e827
p6224,e821
p5052,e619
p2007,e674
p7768,e178
p7055,e377
p1604,e219
p8940,e488
p7961,e357
p765,e404
p5631,e721
p5679,e993
p852,e234
p3125,e670
p4738,e522
p651,e615
p9178,e302
p4074,e366
p5012,e765
p4326,e547
p8121,e160
p6456,e352
p6867,e169
p3383,e696
p7081,e352
p1795,e750
p193,e766
p1652,e496
p8761,e284
p686,e885
p3691,e427
p5728,e364
p1667,e735
p9240,e901
p7319,e150
p3069,e517
p1801,e286
p7408,e937
p1012,e29
p2957,e528
p9623,e408
p5866,e201
p6668,e416
p9066,e936
p7003,e442
p332,e345
p4690,e649
p2856,e367
p7933,e592
p6570,e312
p7434,e739
p6407,e896
p9016,e200
p1413,e928
p4261,e989
p6850,e689
p1662,e27
p7934,e20
p9532,e961
p9478,e945
p8200,e416
p7396,e955
p6879,e62
p7990,e947
p6897,e750
p4926,e802
p1292,e32
p2521,e604
p6842,e185
p2604,e459
p2025,e627
p2070,e353
p4588,e22
p9476,e1
p1832,e310
p9868,e843
p3066,e23
p9856,e334
p2978,e983
p2888,e254
p1224,e739
p9899,e68
p1588,e950
p3590,e603
p805,e240
p3926,e457
p1398,e587
p2772,e121
p7745,e564
p3156,e102
p2071,e82
p756,e238
p102,e900
p7138,e142
p3105,e486
p6289,e544
p9882,e526
p2371,e901
p6145,e972
p913,e461
p1935,e401
p60,e481
p6935,e955
p4836,e957
p6161,e570
p9351,e489
p1103,e461
p7814,e275
p5202,e822
p506,e255
p9790,e428
p1324,e255
p4534,e261
p516,e183
p9839,e529
p6809,e532
p85,e236
p8418,e950
p4407,e429
p655,e58
p6857,e512
p4682,e416
p7227,e802
p9584,e224
p4283,e339
p9161,e683
p5417,e927
p1385,e65
p7690,e473
p3756,e107
p2980,e483
p3214,e226
p7138,e516
p9923,e202
p2945,e156
p4597,e161
p6424,e317
p6449,e279
p6296,e717
p3873,e597
p825,e687
p6491,e789
p8213,e130
p1299,e114
p1903,e59
p6160,e33
p9532,e757
p8459,e317
p3025,e457
p1621,e287
p1215,e20
p4622,e963
p1803,e249
p7164,e437
p1416,e913
p5175,e190
p7811,e895
p3124,e225
p1039,e247
p1016,e981
p823,e432
p6600,e578
p7476,e282
p6072,e988
p3277,e863
p3350,e624
p3319,e130
p3509,e702
p4218,e109
p7988,e199
p632,e857
p2869,e428
p1714,e956
p2129,e813
p9324,e814
p6321,e171
p6461,e447
p8054,e145
p7378,e479
p2464,e77
p7947,e781
p9814,e324
p5429,e605
p5392,e584
p9074,e312
p4107,e494
p5423,e53
p802,e730
p5564,e266
p8832,e880
p5573,e542
p599,e222
p342,e245
p6842,e740
p288,e273
p6505,e786
p1698,e449
p9951,e399
p562,e890
p5644,e338
p8819,e862
p4689,e423
p2057,e229
p6642,e931
p9061,e464
p2634,e92
p3709,e884
p9298,e687
p2552,e688
p9137,e933
p5011,e310
p9715,e514
p7562,e401
p9674,e449
p9820,e141
p8953,e609
p8672,e892
p2412,e976
p4251,e603
p6133,e952
p5473,e268
p1466,e814
p3545,e388
p5813,e844
p167,e67
p3489,e487
p128,e862
p9563,e205
p9694,e749
p9802,e498
p5342,e737
p7775,e62
p3012,e267
p7991,e767
p4315,e510
p2556,e380
p4873,e162
p7392,e560
p2406,e724
p2360,e338
p1670,e577
p6083,e886
p6193,e875
p2306,e505
p4362,e707
p940,e279
p9998,e151
p4451,e76
p9202,e735
p245,e855
p8495,e681
p3101,e594
p8739,e655
p5460,e481
p7183,e719
p2068,e524
p1910,e506
p5488,e597
p962,e374
p4334,e578
p4433,e796
p5008,e832
p4526,e364
p9658,e149
p5064,e789
p4569,e26
p4051,e548
p2167,e461
p5687,e352
p5320,e342
p18,e157
p9267,e611
p8426,e739
p6343,e521
p7551,e394
p7643,e319
p7324,e364
p9578,e438
p2150,e93
p8635,e91
p2789,e581
p3440,e260
p9024,e851
p5889,e976
p5157,e423
p99,e956
p2110,e16
p495,e188
p6014,e717
p8134,e853
p7073,e367
p7591,e732
p9165,e582
p1459,e975
p1976,e486
p9641,e121
p8245,e474
p1900,e201
p6851,e658
p7609,e662
p6810,e147
p5505,e831
p8371,e279
p810,e33
p4029,e178
p4146,e380
p5335,e780
p2449,e452
p6815,e383
p6346,e927
p7868,e338
p8640,e789
p3275,e691
p1023,e204
p959,e555
p7703,e481
p7035,e910
p6790,e470
p9867,e689
p4914,e679
p2328,e500
p7157,e177
p3765,e961
p4713,e135
p3815,e187
p9791,e979
p4805,e231
p5471,e658
p5399,e801
p8397,e827
p3438,e379
p184,e973
p5018,e456
p7459,e851
p9244,e921
p4264,e842
p1350,e255
p4589,e441
p5963,e875
p1712,e241
p5828,e786
p7328,e804
p3758,e542
p5397,e738
p6072,e603
p6848,e720
p7374,e770
p6931,e75
p5057,e382
p5921,e121
p4794,e232
p4071,e359
p5587,e403
p8668,e944
p7446,e639
p5131,e565
p2280,e174
p2531,e331
p1243,e117
p6137,e182
p6858,e775
p9881,e563
p4041,e129
p8723,e519
p2870,e520
p8372,e778
p3838,e66
p2063,e862
p7621,e604
p8549,e617
p5282,e34
p7996,e551
p763,e90
p3463,e937
p3323,e644
p6833,e552
p2674,e944
p8708,e670
p5627,e765
p5715,e236
p8454,e977
p69,e166
p7848,e409
p2539,e727
p8623,e286
p7117,e404
p5886,e588
p1386,e949
p4942,e858
p8205,e825
p3857,e526
p753,e805
p3835,e407
p4886,e808
p1356,e897
p7084,e722
p5466,e670
p2157,e34
p9139,e674
p5466,e888
p7848,e221
p5090,e854
p9137,e731
p3077,e15
p6323,e943
p3839,e878
p4731,e659
p7492,e387
p453,e539
p5686,e977
p6496,e308
p5963,e690
p6605,e292
p2232,e399
p8421,e413
p7161,e179
p8438,e646
p3513,e146
p612,e490
p5168,e965
p6485,e321
p678,e204
p58,e756
p3165,e892
p2533,e859
p9335,e326
p6945,e54
p7575,e645
p945,e84
p5338,e238
p6227,e701
p8836,e903
p4205,e424
p1020,e361
p2586,e587
p2760,e32
p1608,e473
p8264,e117
p7343,e704
p3213,e993
p6564,e46
p1367,e885
p6284,e8
p8306,e60
p35,e229
p8595,e688
p3039,e371
p5765,e349
p7298,e322
p9147,e208
p8750,e555
p3217,e880
p5807,e990
p372,e830
p2117,e478
p6792,e849
p4160,e968
p3224,e727
p5952,e223
p5202,e231
p7049,e511
p7280,e356
p5090,e720
p9570,e464
p1846,e774
p6633,e178
p3802,e162
p20,e855
p5601,e529
p8486,e448
p4223,e821
p728,e584
p7750,e779
p125,e871
p9455,e534
p2657,e768
p3291,e481
p2619,e325
p9673,e568
p831,e577
p9650,e203
p574,e646
p26,e810
p6899,e823
p1965,e176
p3805,e614
p4803,e776
p2937,e246
p8546,e781
p9919,e22
p9109,e818
p9913,e642
p2275,e501
p3236,e356
p3465,e571
p8862,e703
p4526,e857
p3551,e639
p8586,e645
p1563,e733
p8825,e512
p3798,e989
p6231,e562
p3971,e150
p1983,e115
p5135,e47
p7000,e775
p7298,e753
p7459,e352
p1515,e187
p4196,e373
p7365,e884
p448,e516
p6568,e644
p209,e793
p628,e164
p5723,e743
p7022,e887
p6443,e967
p2484,e393
p7555,e342
p1432,e424
p6422,e754
p8227,e405
p9094,e997
p923,e885
p9861,e484
p7500,e940
p3347,e711
p5095,e862
p8974,e825
p6020,e449
p7515,e593
p8475,e936
p768,e296
p2983,e422
p8130,e629
p2454,e908
p1709,e629
p3292,e306
p3939,e481
p9120,e538
p5660,e843
p4545,e982
p3530,e647
p467,e78
p4671,e14
p7209,e455
p3726,e41
p9766,e547
p4705,e89
p1746,e353
p540,e716
p4653,e60
p4489,e367
p7161,e71
p1132,e529
p8765,e511
p8085,e109
p8127,e640
p5081,e135
p7501,e372
p2934,e166
p1576,e789
p6861,e254
p4249,e771
p2434,e31
p6719,e810
p3943,e832
p9936,e498
p8865,e938
p2528,e362
p2468,e536
p8500,e595
p5413,e391
p5793,e154
p1319,e160
p8718,e357
p1184,e603
p6958,e634
p9712,e808
p51,e281
p9917,e755
p4962,e330
p3419,e550
p6545,e912
p2596,e194
p6018,e417
p5423,e819
p116,e844
p7552,e546
p2008,e951
p2735,e960
p3540,e4
p5347,e475
p2953,e125
p5851,e41
p7679,e855
p6033,e69
p9255,e449
p1251,e649
p3841,e780
p1306,e234
p5366,e776
p2112,e460
p6550,e839
p8565,e439
p3398,e415
p6688,e609
p5971,e474
p5869,e149
p3408,e526
p1180,e28
p688,e841
p7594,e976
p7717,e661
p6634,e761
p4787,e101
p7355,e817
p4262,e818
p2431,e132
p6386,e512
p9306,e879
p8519,e98
p4290,e621
p3627,e995
p9349,e169
p8073,e196
p2022,e255
p1266,e830
p9225,e365
p7796,e421
p3584,e284
p3387,e182
p3801,e638
p7152,e87
p2292,e812
p3334,e755
p8091,e822
p5132,e210
p4711,e691
p5838,e772
p6688,e254
p1566,e858
p1118,e511
p1952,e243
p8636,e276
p6089,e116
p8109,e976
p3820,e796
p9371,e836
p7740,e628
p7282,e923
p2105,e78
p3427,e180
p2345,e826
p2371,e44
p3230,e753
p6206,e564
p1763,e482
p3031,e138
p6965,e191
p6144,e1
p8838,e557
p223,e111
p8911,e268
p4654,e167
p925,e592
p1894,e684
p6029,e819
p431,e998
p5572,e703
p4117,e824
p9972,e865
p9704,e197
p6349,e909
p7463,e894
p1300,e472
p728,e824
p6586,e53
p9226,e497
p7835,e111
p5606,e443
p9302,e374
p3080,e409
p6114,e484
p4555,e327
p9573,e537
p2107,e783
p2319,e378
p8692,e741
p9830,e953
p2272,e434
p4496,e767
p2803,e512
p264,e43
p9964,e986
p3355,e0
p7564,e411
p5589,e849
p4650,e555
p9652,e880
p2770,e492
p3679,e117
p2379,e842
p3772,e99
p1422,e66
p6182,e865
p6878,e675
p5906,e374
p6388,e837
p7223,e188
p9881,e545
p915,e196
p1466,e564
p6720,e466
p6518,e409
p4351,e396
p6681,e994
p3009,e154
p6433,e365
p9179,e95
p8427,e657
p1431,e116
p6208,e924
p5394,e175
p2881,e45
p3754,e538
p9087,e805
p2314,e199
p6894,e768
p9637,e76
p8005,e1
p6257,e639
p812,e273
p1780,e814
p8941,e856
p9026,e345
p6929,e282
p9992,e826
p9046,e546
p7275,e830
p9345,e166
p6842,e547
p6392,e724
p6731,e797
p6594,e134
p9523,e94
p5858,e495
p90,e296
p3720,e824
p5905,e9
p6442,e634
p2727,e511
p7717,e597
p9583,e877
p5745,e304
p6369,e990
p2156,e889
p1829,e916
p6423,e349
p7568,e534
p5494,e111
p4733,e986
p8447,e426
p4601,e646
p1005,e534
p8854,e60
p9666,e986
p4820,e252
p1401,e906
p6016,e571
p2194,e592
p3413,e206
p6862,e193
p8514,e887
p6477,e355
p5382,e348
p6197,e867
p1060,e970
p9478,e444
p4486,e381
p879,e725
p6887,e316
p3107,e115
p3903,e454
p4403,e868
p2690,e602
p5583,e720
p7714,e126
p6420,e71
p7040,e474
p8372,e468
p5673,e340
p5349,e159
p9938,e586
p9644,e971
p6306,e752
p9302,e984
p197,e513
p5162,e43
p9649,e112
p811,e449
p1356,e135
p9530,e679
p1246,e626
p1538,e835
p1823,e641
p4337,e951
p6745,e193
p1192,e78
p2751,e188
p5093,e35
p4827,e243
p4901,e951
p4143,e237
p4956,e636
p318,e942
p9541,e417
p6389,e176
p2726,e595
p944,e62
p6463,e262
p2230,e138
p6334,e445
p6255,e106
p6331,e329
p9715,e382
p3481,e108
p4338,e780
p7847,e64
p6714,e593
p888,e979
p8604,e409
p7475,e860
p3909,e363
p9416,e261
p2636,e749
p1047,e968
p6976,e903
p7172,e542
p3597,e837
p9375,e37
p7305,e254
p3568,e952
p3544,e289
p8937,e386
p2239,e821
p8600,e868
p1955,e453
p622,e70
p9626,e913
p6862,e979
p1503,e447
p4662,e268
p7570,e144
p3686,e553
p9708,e340
p1613,e268
p386,e686
p4525,e854
p8908,e301
p4023,e436
p6984,e952
p1383,e373
p7454,e736
p3803,e481
p1593,e369
p2744,e939
p856,e685
p763,e115
p1542,e913
p853,e569
p3198,e898
p2113,e752
p3052,e853
p9216,e88
p118,e275
p6612,e522
p7880,e437
p3663,e880
p2776,e151
p2586,e678
p6933,e532
p9581,e489
p376,e157
p3873,e935
p3502,e933
p4383,e275
p8685,e530
p4431,e813
p5472,e118
p1416,e433
p8387,e356
p705,e326
p5233,e164
p1486,e235
p3978,e532
p5289,e619
p5492,e287
p5909,e83
p9148,e719
p4448,e682
p3417,e976
p2197,e880
p6151,e704
p9738,e411
p2504,e545
p1877,e143
p1168,e127
p9350,e206
p3380,e579
p1889,e581
p9173,e799
p3738,e715
p1466,e189
p869,e762
p2808,e792
p9231,e131
p2226,e133
p7152,e760
p7079,e376
p3902,e146
p7335,e465
p7445,e900
p6117,e398
p7398,e730
p5195,e905
p9453,e146
p8655,e62
p8570,e14
p5331,e633
p3636,e659
p4991,e7
p1855,e78
p7268,e935
p3001,e249
p9077,e813
p1201,e933
p5008,e214
p3166,e322
p5472,e735
p507,e529
p8609,e774
p3982,e179
p3160,e767
p6148,e375
p4815,e714
p4324,e503
p184,e83
p4479,e852
p7300,e156
p2302,e621
p5786,e505
p6423,e802
p7253,e228
p5079,e453
p2222,e865
p7060,e571
p2291,e291
p3356,e36
p9237,e86
p8656,e620
p3201,e348
p9033,e830
p7054,e387
p9518,e406
p4549,e311
p8297,e327
p9700,e461
p4217,e19
p6382,e424
p3686,e554
p7069,e118
p5943,e563
p9270,e378
p1003,e617
p6700,e847
p1238,e94
p9475,e565
p320,e529
p3360,e779
p1134,e425
p4797,e465
p8169,e664
p6911,e212
p989,e155
p5675,e982
p3781,e251
p2454,e118
p5942,e506
p6569,e33
p8118,e642
p1062,e253
p6469,e414
p8915,e723
p8335,e695
p7621,e853
p3772,e649
p1160,e373
p9150,e401
p6562,e410
p3720,e59
p8232,e798
p242,e287
p4088,e371
p5654,e762
p8395,e539
p8265,e197
p2029,e81
p2928,e847
p8937,e105
p3853,e253
p4244,e115
p3729,e314
p2809,e932
p7913,e37
p6721,e207
p6257,e227
p3255,e410
p9828,e564
p1367,e153
p1908,e252
p8400,e538
p3721,e451
p5887,e579
p9855,e294
p2242,e345
p956,e775
p1512,e814
p8218,e405
p6043,e132
p5505,e895
p6222,e34
p9918,e105
p4379,e351
p7565,e358
p827,e278
p5008,e785
p1743,e411
p4417,e497
p6919,e190
p8707,e263
p5299,e212
p6436,e898
p7173,e484
p1663,e958
p8939,e362
p6420,e825
p1382,e678
p8871,e335
p4910,e307
p1482,e795
p7133,e504
p7588,e849
p7516,e248
p4979,e725
p7076,e468
p9246,e126
p7763,e149
p4450,e774
p7094,e833
p1995,e636
p1609,e438
p9643,e777
p9127,e350
p4343,e89
p5408,e950
p7498,e233
p3719,e470
p4209,e208
p7964,e909
p5864,e330
p8911,e506
p5490,e654
p2300,e53
p1087,e720
p7181,e473
p2934,e585
p3696,e960
p279,e349
p1713,e405
p9066,e442
p9617,e511
p9492,e209
p6038,e628
p4967,e891
p2218,e37
p2281,e938
p3726,e66
p281,e524
p1126,e87
p6575,e919
p387,e778
p216,e545
p5720,e524
p4566,e667
p9876,e256
p8061,e260
p7513,e611
p9354,e313
p9073,e289
p7363,e942
p3269,e155
p8927,e498
p5839,e299
p4976,e600
p1736,e443
p9077,e96
p2007,e250
p6732,e218
p3838,e849
p2959,e832
p3220,e218
p5904,e565
p5805,e445
p4881,e455
p1228,e401
p6344,e105
p2531,e746
p9563,e77
p4091,e738
p1666,e244
p1657,e82
p9822,e98
p4044,e130
p3242,e272
p5458,e238
p8170,e47
p3772,e368
p7527,e18
p269,e684
p9309,e603
p9505,e108
p5435,e703
p9619,e872
p9803,e657
p4074,e755
p3794,e587
p4145,e806
p2165,e164
p7390,e783
p7823,e583
p7403,e274
p8813,e808
p4837,e476
p5534,e575
p4836,e734
p662,e132
p1869,e538
p8208,e241
p7077,e954
p7941,e249
p4052,e534
p268,e772
p1338,e263
p8401,e822
p8352,e766
p9594,e440
p1893,e219
p865,e356
p6144,e504
p7700,e87
p5853,e509
p9459,e341
p7651,e127
p9978,e362
p7236,e255
p9517,e812
p5768,e571
p9866,e48
p8214,e234
p5968,e242
p3463,e791
p1813,e589
p1128,e616
p3068,e500
p8716,e772
p2838,e561
p3724,e747
p769,e485
p3756,e355
p7163,e156
p4986,e267
p5500,e988
p5753,e203
p3149,e718
p3294,e671
p1911,e97
p4521,e116
p1718,e580
p8032,e453
p5590,e434
p2595,e60
p136,e652
p495,e862
p4215,e783
p7916,e465
p1948,e710
p1086,e366
p6904,e224
p4502,e46
p6574,e241
p6391,e989
p8744,e169
p5371,e181
p7231,e438
p6399,e194
p514,e591
p6108,e431
p4876,e185
p2768,e823
p928,e161
p1185,e256
p6266,e156
p9538,e859
p2865,e416
p2960,e79
p902,e998
p8341,e100
p8372,e916
p4320,e958
p2889,e45
p9039,e811
p2802,e955
p3912,e649
p9225,e158
p9179,e788
p1516,e759
p5627,e271
p9757,e59
p8204,e942
p9112,e679
p3703,e247
p4796,e162
p6253,e160
p3039,e653
p9820,e814
p7657,e650
p6812,e901
p219,e626
p1125,e89
p8677,e13
p6076,e199
p8508,e143
p7078,e50
p8448,e728
p1180,e972
p2537,e41
p7084,e138
p4844,e921
p1917,e62
p9331,e725
p3311,e969
p6774,e64
p7269,e332
p9024,e421
p3381,e759
p6735,e456
p2094,e148
p9259,e805
p2918,e881
p5168,e115
p1223,e553
p9544,e849
p4366,e996
p777,e945
p3499,e488
p6234,e957
p5111,e507
p2509,e613
p1577,e692
p9186,e709
p1883,e3
p2216,e301
p9666,e545
p7307,e854
p4363,e932
p3242,e887
p937,e872
p5052,e255
p1968,e773
p6010,e804
p8244,e527
p5136,e562
p85,e625
p4915,e337
p6569,e383
p831,e156
p3061,e243
p418,e6
p8985,e191
p1605,e221
p8837,e567
p5758,e105
p5534,e495
p3906,e885
p6054,e876
p5068,e14
p9564,e520
p3049,e679
p3078,e194
p8107,e212
p7772,e249
p7173,e593
p5404,e30
p4726,e124
p3806,e772
p9598,e711
p8639,e753
p811,e192
p5312,e571
p55,e663
p1714,e608
p9142,e378
p8295,e604
p875,e811
p7167,e581
p4565,e209
p589,e505
p2949,e420
p3737,e67
p4841,e481
p3153,e293
p9059,e641
p2278,e864
p3569,e995
p1905,e301
p5877,e576
p2416,e37
p7899,e867
p7723,e363
p784,e818
p4590,e279
p3572,e640
p2059,e159
p796,e50
p2971,e835
p1652,e880
p369,e103
p5665,e546
p3048,e468
p6192,e678
p2384,e655
p9255,e755
p2809,e296
p5221,e232
p2871,e958
p3013,e231
p3527,e500
p8172,e448
p7995,e266
p3304,e695
p4448,e510
p2485,e167
p5115,e471
p6079,e570
p7978,e713
p6824,e705
p2540,e629
p9869,e658
p1590,e725
p6765,e944
p1241,e469
p8439,e761
p3274,e865
p2004,e903
p2211,e48
p2208,e641
p8831,e497
p9304,e519
p1106,e61
p1386,e739
p1008,e887
p5395,e884
p2727,e182
p4394,e80
p4971,e624
p6366,e203
p5859,e442
p2213,e715
p2699,e819
p5066,e265
p6462,e746
p5453,e29
p4244,e837
p9881,e436
p1719,e576
p1319,e700
p494,e744
p3862,e597
p7330,e761
p9522,e54
p5245,e106
p3,e13
p8080,e424
p2203,e366
p1128,e80
p661,e147
p3023,e469
p4241,e291
p320,e324
p5703,e849
p1160,e537
p7816,e808
p3868,e328
p5779,e759
p3339,e642
p8142,e748
p9487,e0
p5635,e567
p8381,e648
p685,e652
p2134,e860
p2553,e333
p5266,e61
p9316,e127
p5124,e549
p5029,e426
p2958,e624
p2695,e50
p9053,e554
p4799,e488
p5895,e301
p1806,e358
p5724,e703
p8676,e160
p665,e324
p2215,e837
p393,e20
p5990,e811
p9402,e246
p6414,e981
p6807,e954
p9183,e313
p4285,e293
p8181,e342
p5596,e436
p3833,e253
p5837,e684
p2142,e985
p9829,e753
p8167,e531
p7503,e169
p4862,e668
p1151,e230
p5670,e811
p5560,e347
p3737,e468
p6533,e920
p5585,e271
p4799,e916
p1495,e679
p8518,e318
p9524,e828
p6031,e947
p9275,e804
p3888,e201
p1672,e791
p4223,e154
p113,e534
p991,e603
p9088,e936
p3207,e639
p8809,e748
p9885,e101
p9132,e762
p9682,e697
p9495,e510
p8349,e840
p3987,e397
p5194,e513
p9394,e416
p6434,e283
p2501,e503
p7005,e337
p1324,e27
p9619,e910
p9002,e428
p9694,e659
p1527,e753
p9072,e335
p1839,e413
p8437,e352
p8681,e87
p8171,e906
p7138,e74
p9967,e178
p7682,e518
p9013,e886
p296,e164
p5432,e220
p265,e544
p815,e944
p395,e979
p613,e609
p1516,e433
p6673,e242
p615,e839
p7634,e680
p1965,e557
p3057,e362
p3503,e665
p1881,e991
p6610,e69
p6732,e725
p359,e248
p2706,e330
p6511,e269
p5047,e250
p4106,e681
p3236,e120
p1124,e555
p1076,e90
p9201,e611
p6099,e16
p8369,e833
p2854,e927
p9992,e79
p3897,e19
p7890,e105
p3291,e969
p9330,e173
p6262,e107
p1151,e0
p5715,e441
p4320,e183
p6716,e582
p6739,e153
p2663,e478
p6717,e811
p2328,e529
p4492,e211
p9597,e751
p6076,e960
p2169,e532
p4082,e571
p8029,e707
p275,e791
p3320,e314
p2803,e814
p594,e710
p1174,e446
p8275,e551
p1276,e898
p3146,e410
p324,e514
p9966,e20
p7799,e654
p6961,e203
p1271,e724
p9301,e732
p1232,e142
p8709,e36
p7627,e835
p5310,e95
p2500,e679
p9802,e922
p8756,e454
p6208,e871
p7023,e154
p6993,e527
p9277,e334
p3764,e499
p826,e78
p1127,e67
p8577,e847
p3030,e642
p6263,e699
p2512,e125
p4866,e260
p1649,e388
p3078,e469
p3108,e125
p3462,e390
p8191,e342
p7133,e546
p5600,e677
p9750,e337
p5910,e587
p9522,e769
p7654,e731
p8535,e139
p970,e519
p6716,e136
p6248,e290
p3583,e146
p3159,e513
p4077,e65
p8150,e442
p8046,e185
p2142,e453
p5293,e645
p1143,e612
p7040,e200
p1312,e151
p2517,e103
p4795,e587
p2467,e48
p6699,e505
p3776,e803
p6721,e986
p7378,e688
p4256,e821
p5832,e205
p7490,e678
p9344,e34
p1694,e799
p7710,e969
p5231,e717
p8228,e500
p842,e643
p7895,e4
p2477,e725
p9987,e167
p643,e296
p3037,e781
p2290,e955
p9288,e933
p3980,e358
p7085,e382
p8537,e701
p8381,e255
p2005,e442
p5312,e34
p1325,e882
p8775,e801
p2637,e157
p2621,e377
p177,e155
p5815,e611
p3396,e887
p7440,e239
p1423,e242
p1592,e46
p5145,e899
p6651,e731
p5883,e541
p5910,e945
p3081,e878
p907,e669
p425,e881
p7819,e133
p8642,e483
p890,e23
p5859,e309
p3337,e61
p4385,e508
p5961,e357
p7487,e332
p3774,e361
p1133,e387
p5568,e621
p6080,e163
p8008,e252
p7493,e407
p2967,e236
p3252,e181
p3828,e799
p9239,e371
p5105,e223
p7592,e707
p2302,e252
p7519,e370
p1390,e597
p7901,e414
p7998,e1
p3392,e378
p7623,e348
p9143,e301
p4826,e308
p2834,e144
p6468,e965
p3816,e970
p8021,e935
p9664,e680
p766,e836
p1292,e40
p1666,e826
p1798,e706
p6482,e571
p7736,e729
p5300,e302
p6006,e811
p828,e877
p4396,e774
p8693,e907
p8567,e655
p188,e360
p5578,e295
p9228,e764
p8229,e965
p4226,e933
p5788,e994
p5311,e775
p622,e983
p110,e858
p4296,e869
p4847,e22
p6342,e385
p5382,e3
p8020,e867
p4250,e382
p4971,e430
p5042,e304
p8029,e315
p832,e430
p4426,e319
p6524,e189
p5535,e42
p938,e800
p6327,e118
p8483,e991
p6108,e231
p5637,e814
p6961,e642
p9620,e561
p7538,e812
p2789,e586
p1959,e206
p9369,e137
p1723,e198
p478,e480
p4887,e941
p8368,e857
p48,e578
p2033,e951
p9271,e51
p2312,e676
p5016,e621
p4603,e663
p3664,e288
p2170,e108
p1197,e528
p1472,e336
p6463,e473
p7530,e547
p7564,e205
p7542,e48
p4252,e317
p1207,e759
p9836,e550
p4742,e816
p654,e469
p1904,e905
p1240,e43
p8940,e700
p2388,e948
p905,e629
p9675,e544
p6716,e654
p4674,e60
p2824,e524
p654,e45
p6401,e54
p5782,e160
p5325,e847
p4506,e387
p3442,e26
p3247,e153
p5727,e727
p1753,e864
p2982,e979
p209,e94
p6324,e664
p934,e690
p7513,e500
p5153,e69
p6715,e552
p277,e441
p8464,e336
p3596,e663
p7369,e551
p6507,e166
p2683,e34
p7448,e299
p3268,e666
p5975,e831
p9033,e54
p7563,e632
p5411,e37
p3670,e309
p9866,e336
p7298,e599
p7164,e728
p3728,e715
p9005,e9
p2198,e853
p4163,e924
p1293,e872
p16,e516
p2324,e437
p3455,e172
p8248,e536
p8883,e794
p7559,e322
p8944,e536
p9372,e387
p475,e95
p1141,e138
p5713,e335
p5319,e472
p7982,e468
p4914,e964
p4290,e406
p8765,e189
p9653,e575
p9192,e564
p2043,e298
p7493,e174
p5716,e907
p1117,e988
p2401,e708
p3653,e70
p4266,e181
p5634,e884
p4616,e493
p336,e494
p2238,e127
p1710,e632
p3784,e693
p5818,e428
p9681,e152
p6829,e149
p863,e249
p6607,e298
p2877,e152
p5764,e691
p7980,e988
p724,e99
p5059,e866
p9430,e17
p8309,e463
p9620,e208
p1402,e715
p5467,e349
p3405,e560
p7609,e947
p5348,e983
p807,e892
p5318,e165
p5904,e937
p5732,e12
p6542,e122
p4380,e273
p259,e855
p2819,e813
p7112,e476
p3060,e433
p7936,e199
p6234,e813
p8533,e273
p3209,e67
p4673,e745
p1579,e892
p5377,e808
p5676,e296
p3998,e829
p4974,e846
p3321,e844
p5936,e616
p147,e932
p8412,e422
p4464,e332
p96,e326
p2163,e367
p3263,e574
p4051,e724
